[0.997293, 0.997323, 0.997346, 0.997354, 0.997355, 0.997325, 0.997292, 0.997306]
[0.997304, 0.997332, 0.997352, 0.997362, 0.997358, 0.997332, 0.997303, 0.997317]
[0.997311, 0.997336, 0.997354, 0.997363, 0.997362, 0.997337, 0.99731, 0.997324]
[0.997304, 0.99733, 0.997354, 0.997367, 0.997367, 0.997338, 0.997308, 0.99732]
[0.997302, 0.997328, 0.997351, 0.997368, 0.997365, 0.997337, 0.997304, 0.997319]
[0.997301, 0.997326, 0.99735, 0.997365, 0.997365, 0.997336, 0.997305, 0.997317]
[0.997298, 0.997323, 0.997348, 0.997365, 0.997365, 0.997334, 0.997301, 0.997315]
[0.997297, 0.997322, 0.997348, 0.997363, 0.997366, 0.997334, 0.997302, 0.997314]
[0.997296, 0.997322, 0.997348, 0.997364, 0.997363, 0.997336, 0.997304, 0.997312]
[0.997297, 0.997321, 0.997345, 0.997364, 0.997363, 0.997333, 0.997301, 0.997314]
[0.997297, 0.997322, 0.997347, 0.997362, 0.997363, 0.997335, 0.997305, 0.997315]
[0.997296, 0.99732, 0.997345, 0.997364, 0.997364, 0.997334, 0.997301, 0.997315]
[0.997296, 0.997322, 0.997347, 0.997362, 0.997363, 0.997333, 0.997301, 0.997313]
[0.997297, 0.997322, 0.997346, 0.997361, 0.997361, 0.99733, 0.997302, 0.997313]
[0.997297, 0.997321, 0.997345, 0.997362, 0.997362, 0.997334, 0.997304, 0.997312]
[0.997297, 0.997321, 0.997346, 0.997362, 0.997364, 0.997333, 0.997302, 0.997314]
[0.997297, 0.997321, 0.997345, 0.997363, 0.997364, 0.997335, 0.997303, 0.997314]
[0.997296, 0.997319, 0.997346, 0.997364, 0.997364, 0.997333, 0.997303, 0.997312]
[0.997296, 0.99732, 0.997345, 0.997363, 0.997364, 0.997334, 0.997303, 0.997314]
[0.997297, 0.997321, 0.997346, 0.997361, 0.997362, 0.997335, 0.997303, 0.997314]
[0.997297, 0.997322, 0.997346, 0.997362, 0.997363, 0.997333, 0.997303, 0.997315]
[0.997298, 0.997323, 0.997348, 0.997362, 0.997365, 0.997334, 0.997302, 0.997314]
[0.997298, 0.997324, 0.997348, 0.997363, 0.997363, 0.997333, 0.997304, 0.997315]
[0.997297, 0.997322, 0.997347, 0.997363, 0.997362, 0.997333, 0.997301, 0.997312]
[0.997297, 0.997323, 0.997348, 0.997365, 0.997364, 0.997334, 0.997302, 0.997313]
[0.997297, 0.997322, 0.997347, 0.997363, 0.997363, 0.997336, 0.997303, 0.997313]
[0.997297, 0.997321, 0.997347, 0.997362, 0.997363, 0.997334, 0.9973, 0.997313]
[0.997297, 0.997321, 0.997348, 0.997365, 0.997364, 0.997333, 0.997302, 0.997314]
[0.997296, 0.997322, 0.997346, 0.997363, 0.997363, 0.997334, 0.997301, 0.997314]
[0.997297, 0.997322, 0.997349, 0.997363, 0.997364, 0.997333, 0.9973, 0.997312]
[0.997297, 0.997322, 0.997348, 0.997364, 0.997364, 0.997334, 0.997303, 0.997314]
[0.997297, 0.997321, 0.997348, 0.997361, 0.997365, 0.997334, 0.997301, 0.997314]
[0.997297, 0.997321, 0.997347, 0.997362, 0.997363, 0.997334, 0.997303, 0.997315]
[0.997297, 0.99732, 0.997345, 0.997362, 0.997361, 0.997332, 0.997301, 0.997314]
[0.997296, 0.997321, 0.997347, 0.997363, 0.997362, 0.997333, 0.997301, 0.997313]
[0.997296, 0.99732, 0.997346, 0.997362, 0.997364, 0.997333, 0.997301, 0.997313]
[0.9973, 0.997326, 0.997347, 0.997358, 0.997358, 0.99733, 0.997299, 0.997315]
[0.9973, 0.997326, 0.99735, 0.997362, 0.997363, 0.997334, 0.997303, 0.997317]
[0.9973, 0.997325, 0.997349, 0.997361, 0.997362, 0.997334, 0.997306, 0.997316]
[0.9973, 0.997326, 0.99735, 0.997364, 0.997363, 0.997334, 0.997304, 0.997315]
[0.9973, 0.997325, 0.997349, 0.997363, 0.997363, 0.997335, 0.997305, 0.997317]
[0.997298, 0.997324, 0.997346, 0.997361, 0.997363, 0.997336, 0.997303, 0.997315]
[0.997298, 0.997322, 0.997348, 0.997362, 0.997362, 0.997336, 0.997305, 0.997314]
[0.997297, 0.997322, 0.997348, 0.997364, 0.997363, 0.997333, 0.997301, 0.997311]
[0.997297, 0.997322, 0.997346, 0.997364, 0.997364, 0.997334, 0.997302, 0.997314]
[0.997297, 0.997321, 0.997344, 0.997361, 0.997363, 0.997335, 0.997304, 0.997314]
[0.997298, 0.997322, 0.997346, 0.997363, 0.997365, 0.997335, 0.997302, 0.997313]
[0.997296, 0.997322, 0.997344, 0.997362, 0.997362, 0.997335, 0.997304, 0.997314]
[0.997296, 0.997321, 0.997346, 0.997362, 0.997363, 0.997333, 0.997301, 0.997313]
[0.997296, 0.997322, 0.997345, 0.99736, 0.997362, 0.997333, 0.9973, 0.997311]
[0.997298, 0.99732, 0.997344, 0.99736, 0.997362, 0.997335, 0.997304, 0.997313]
[0.997297, 0.997321, 0.997346, 0.997359, 0.997363, 0.997336, 0.997303, 0.997313]
[0.997297, 0.997321, 0.997345, 0.99736, 0.997361, 0.997333, 0.997302, 0.997311]
[0.997297, 0.997321, 0.997346, 0.997363, 0.997361, 0.997332, 0.997301, 0.997314]
[0.997297, 0.997322, 0.997345, 0.997363, 0.997366, 0.997335, 0.997303, 0.997312]
[0.997298, 0.997321, 0.997346, 0.997362, 0.997363, 0.997334, 0.997303, 0.997313]
[0.997297, 0.997321, 0.997346, 0.997362, 0.997363, 0.997335, 0.997302, 0.997314]
[0.997296, 0.997321, 0.997345, 0.997362, 0.997362, 0.997333, 0.9973, 0.997311]
[0.997297, 0.997322, 0.997346, 0.997363, 0.997362, 0.997333, 0.997302, 0.997313]
[0.997298, 0.997322, 0.997346, 0.997363, 0.997363, 0.997334, 0.997304, 0.997314]
[0.997298, 0.997323, 0.997347, 0.997362, 0.997364, 0.997334, 0.997303, 0.997314]
[0.997298, 0.997323, 0.997348, 0.997363, 0.997363, 0.997334, 0.997303, 0.997315]
[0.997297, 0.997322, 0.997347, 0.997363, 0.997364, 0.997333, 0.997303, 0.997314]
[0.997296, 0.997321, 0.997345, 0.997361, 0.997361, 0.997334, 0.997302, 0.997312]
[0.997295, 0.99732, 0.997346, 0.997363, 0.997361, 0.997331, 0.9973, 0.997312]
[0.997296, 0.99732, 0.997344, 0.997361, 0.997361, 0.99733, 0.9973, 0.997312]
[0.997297, 0.997322, 0.997347, 0.997363, 0.997364, 0.997333, 0.997304, 0.997315]
[0.997294, 0.997319, 0.997344, 0.99736, 0.997363, 0.997335, 0.9973, 0.997309]
[0.997289, 0.997311, 0.997338, 0.997359, 0.997362, 0.997333, 0.997299, 0.997306]
[0.997281, 0.997299, 0.99733, 0.997354, 0.99736, 0.997329, 0.997291, 0.997291]
[0.997267, 0.997283, 0.997319, 0.997347, 0.997355, 0.997323, 0.997278, 0.997277]
[0.997248, 0.99726, 0.997301, 0.997338, 0.997348, 0.997312, 0.997259, 0.997252]
[0.99723, 0.997238, 0.997283, 0.997324, 0.997336, 0.9973, 0.997242, 0.997227]
[0.997206, 0.99721, 0.997262, 0.997309, 0.997325, 0.997287, 0.99722, 0.997199]
[0.997173, 0.997173, 0.997235, 0.997293, 0.997312, 0.997272, 0.997192, 0.997159]
[0.997136, 0.99713, 0.9972, 0.997269, 0.997293, 0.997249, 0.99716, 0.99712]
[0.997091, 0.997081, 0.99716, 0.997239, 0.997271, 0.997221, 0.99712, 0.997073]
[0.997043, 0.997028, 0.997115, 0.997207, 0.997242, 0.997189, 0.997075, 0.997017]
[0.99699, 0.996971, 0.997067, 0.997169, 0.99721, 0.997153, 0.997029, 0.996961]
[0.996933, 0.996908, 0.997012, 0.997127, 0.997172, 0.997109, 0.996972, 0.996898]
[0.996868, 0.99684, 0.996953, 0.997078, 0.997129, 0.997063, 0.99691, 0.996827]
[0.996798, 0.996766, 0.996885, 0.997021, 0.997079, 0.997007, 0.996846, 0.996752]
[0.99672, 0.996684, 0.996812, 0.996959, 0.997021, 0.996946, 0.996769, 0.996672]
[0.996636, 0.996597, 0.996733, 0.996893, 0.996959, 0.996877, 0.996688, 0.996583]
[0.996533, 0.996491, 0.996637, 0.996809, 0.996881, 0.996791, 0.99659, 0.996478]
[0.996431, 0.996387, 0.99654, 0.996722, 0.996799, 0.996706, 0.996489, 0.996372]
[0.996314, 0.99627, 0.996429, 0.996623, 0.996706, 0.996604, 0.996376, 0.996254]
[0.996179, 0.996135, 0.996305, 0.996509, 0.996594, 0.996485, 0.996243, 0.996117]
[0.996038, 0.995992, 0.996169, 0.996385, 0.996475, 0.996359, 0.996105, 0.995973]
[0.995878, 0.99583, 0.996018, 0.996243, 0.996337, 0.996213, 0.995946, 0.995811]
[0.995699, 0.995652, 0.995848, 0.996084, 0.996183, 0.99605, 0.995769, 0.99563]
[0.995516, 0.995468, 0.995671, 0.995917, 0.99602, 0.995882, 0.995588, 0.995442]
[0.995307, 0.995261, 0.995473, 0.995731, 0.995835, 0.995687, 0.995381, 0.995232]
[0.995087, 0.99504, 0.995259, 0.995525, 0.995634, 0.995477, 0.995161, 0.99501]
[0.99485, 0.994806, 0.995031, 0.995305, 0.995415, 0.995251, 0.994924, 0.994773]
[0.994601, 0.994558, 0.994789, 0.995071, 0.995183, 0.995012, 0.994675, 0.994524]
[0.994344, 0.994303, 0.994539, 0.994826, 0.99494, 0.994762, 0.994419, 0.994265]
[0.99408, 0.994037, 0.994279, 0.994572, 0.994688, 0.994506, 0.994155, 0.993996]
[0.993808, 0.993765, 0.99401, 0.994311, 0.994431, 0.994246, 0.993885, 0.993721]
[0.993533, 0.993487, 0.993737, 0.994044, 0.994171, 0.993982, 0.993608, 0.99344]
[0.993257, 0.993206, 0.993459, 0.993775, 0.993907, 0.993715, 0.993333, 0.993156]
[0.99297, 0.992914, 0.993171, 0.993496, 0.993637, 0.993443, 0.993049, 0.992861]
[0.99267, 0.992608, 0.992872, 0.993206, 0.993353, 0.993157, 0.992751, 0.992554]
[0.99236, 0.99229, 0.99256, 0.992911, 0.993066, 0.992868, 0.992447, 0.992236]
[0.992043, 0.991964, 0.992245, 0.992617, 0.992786, 0.992581, 0.992133, 0.991907]
[0.991703, 0.991615, 0.991908, 0.992296, 0.992477, 0.992269, 0.991801, 0.991557]
[0.991351, 0.991251, 0.991554, 0.991965, 0.992165, 0.99195, 0.991455, 0.991188]
[0.990985, 0.990872, 0.991192, 0.991627, 0.991841, 0.99162, 0.991099, 0.990812]
[0.99061, 0.990491, 0.990835, 0.9913, 0.991526, 0.991289, 0.990732, 0.99043]
[0.990229, 0.990103, 0.99047, 0.990967, 0.99121, 0.990956, 0.990364, 0.99004]
[0.989844, 0.989707, 0.990098, 0.990629, 0.990888, 0.990622, 0.989991, 0.989644]
[0.989455, 0.989311, 0.989725, 0.990287, 0.990562, 0.990281, 0.989614, 0.989246]
[0.98906, 0.988914, 0.989351, 0.989939, 0.99022, 0.98992, 0.989226, 0.988849]
[0.98865, 0.988495, 0.988958, 0.989579, 0.989875, 0.989564, 0.988829, 0.988431]
[0.988236, 0.988077, 0.988567, 0.989219, 0.989526, 0.989194, 0.988425, 0.988009]
[0.987817, 0.987657, 0.98817, 0.988848, 0.989164, 0.988812, 0.988013, 0.987585]
[0.987375, 0.987218, 0.987758, 0.988463, 0.988787, 0.988411, 0.987576, 0.987142]
[0.986915, 0.98676, 0.987328, 0.988059, 0.988392, 0.987995, 0.987125, 0.986679]
[0.986443, 0.986291, 0.986883, 0.987642, 0.987976, 0.987558, 0.986657, 0.986204]
[0.985959, 0.985813, 0.986429, 0.987208, 0.987545, 0.987103, 0.986174, 0.985718]
[0.985466, 0.985326, 0.985961, 0.986758, 0.987096, 0.986638, 0.985685, 0.985227]
[0.984964, 0.984831, 0.985484, 0.98629, 0.986625, 0.98615, 0.985183, 0.984725]
[0.984447, 0.984321, 0.984993, 0.985814, 0.986148, 0.985656, 0.984668, 0.984207]
[0.983925, 0.983807, 0.98449, 0.985319, 0.98565, 0.985146, 0.984146, 0.98369]
[0.983395, 0.983282, 0.983976, 0.984814, 0.985144, 0.984624, 0.983615, 0.98316]
[0.982849, 0.982734, 0.983438, 0.984289, 0.984626, 0.984101, 0.983071, 0.982608]
[0.982303, 0.982185, 0.982903, 0.983771, 0.984118, 0.983581, 0.982529, 0.982056]
[0.981756, 0.981629, 0.982357, 0.983241, 0.9836, 0.983057, 0.981987, 0.981497]
[0.981208, 0.981069, 0.981806, 0.982714, 0.983088, 0.982542, 0.981445, 0.980936]
[0.980652, 0.980499, 0.981245, 0.982175, 0.982564, 0.982017, 0.980893, 0.980363]
[0.980093, 0.979924, 0.98068, 0.981637, 0.98205, 0.981496, 0.980344, 0.979787]
[0.97951, 0.979324, 0.980086, 0.981061, 0.981489, 0.980936, 0.979766, 0.979186]
[0.978927, 0.978724, 0.979501, 0.980509, 0.98096, 0.980401, 0.979195, 0.978587]
[0.978329, 0.978106, 0.978896, 0.97993, 0.980403, 0.979843, 0.978604, 0.97797]
[0.977713, 0.97747, 0.97827, 0.979329, 0.97982, 0.979264, 0.978003, 0.977339]
[0.977098, 0.976842, 0.977658, 0.978751, 0.979267, 0.978698, 0.9774, 0.976709]
[0.976464, 0.976199, 0.977035, 0.978151, 0.97868, 0.978108, 0.976776, 0.976065]
[0.975821, 0.975547, 0.976406, 0.977554, 0.978098, 0.977508, 0.976144, 0.975415]
[0.975179, 0.974901, 0.97578, 0.976951, 0.977503, 0.976904, 0.975512, 0.97477]
[0.97453, 0.974262, 0.975167, 0.976357, 0.976908, 0.976286, 0.974868, 0.974124]
[0.973868, 0.973603, 0.974543, 0.975762, 0.976318, 0.975667, 0.974213, 0.973458]
[0.973202, 0.972944, 0.973916, 0.975164, 0.975725, 0.975044, 0.97355, 0.972793]
[0.972517, 0.97226, 0.973268, 0.974555, 0.975125, 0.974418, 0.972879, 0.9721]
[0.971916, 0.971677, 0.972723, 0.974035, 0.974599, 0.973859, 0.972265, 0.97148]
[0.971153, 0.970912, 0.97198, 0.973312, 0.973881, 0.97312, 0.971509, 0.970728]
[0.970418, 0.970191, 0.971292, 0.972655, 0.973223, 0.972427, 0.970785, 0.969998]
[0.969712, 0.969484, 0.97061, 0.972001, 0.972581, 0.971763, 0.970081, 0.969285]
[0.969016, 0.968783, 0.969929, 0.971349, 0.971939, 0.971098, 0.969385, 0.968578]
[0.968315, 0.96807, 0.969233, 0.970681, 0.971287, 0.970437, 0.968696, 0.967866]
[0.967618, 0.967355, 0.968527, 0.970002, 0.970627, 0.969775, 0.968004, 0.967152]
[0.96692, 0.966639, 0.967807, 0.969297, 0.969937, 0.96909, 0.96731, 0.966433]
[0.966213, 0.965916, 0.967092, 0.9686, 0.969258, 0.968415, 0.966614, 0.965714]
[0.965522, 0.965195, 0.966375, 0.967914, 0.968607, 0.967771, 0.965938, 0.964998]
[0.964805, 0.964476, 0.965676, 0.967239, 0.967936, 0.967084, 0.965223, 0.964272]
[0.964089, 0.963752, 0.964964, 0.966538, 0.967243, 0.966389, 0.964509, 0.963547]
[0.963373, 0.963021, 0.964232, 0.965816, 0.96654, 0.965695, 0.963801, 0.962819]
[0.962609, 0.962244, 0.963469, 0.965075, 0.965816, 0.964968, 0.963048, 0.962044]
[0.961827, 0.96148, 0.962728, 0.964347, 0.965079, 0.964204, 0.962268, 0.96127]
[0.961046, 0.960733, 0.962008, 0.963619, 0.964317, 0.963414, 0.961475, 0.96051]
[0.960259, 0.959986, 0.961287, 0.962897, 0.963561, 0.962622, 0.960679, 0.959749]
[0.959477, 0.959246, 0.960584, 0.962194, 0.96282, 0.96184, 0.959888, 0.958989]
[0.958681, 0.958449, 0.959798, 0.961417, 0.962044, 0.961058, 0.959094, 0.958191]
[0.957874, 0.957654, 0.959035, 0.960682, 0.96131, 0.960288, 0.958291, 0.957383]
[0.957068, 0.956843, 0.958247, 0.959934, 0.960571, 0.959527, 0.957492, 0.956569]
[0.956276, 0.95606, 0.957509, 0.959225, 0.959868, 0.958786, 0.956707, 0.955772]
[0.955485, 0.955232, 0.956689, 0.958451, 0.959135, 0.958054, 0.955931, 0.954949]
[0.954688, 0.954381, 0.955847, 0.957664, 0.958402, 0.957337, 0.955158, 0.954109]
[0.953905, 0.953562, 0.955048, 0.956918, 0.957707, 0.956635, 0.954394, 0.953295]
[0.953148, 0.952738, 0.954222, 0.956148, 0.957004, 0.955961, 0.953666, 0.952485]
[0.952373, 0.951906, 0.9534, 0.955384, 0.956308, 0.955277, 0.95292, 0.951673]
[0.951573, 0.951086, 0.952603, 0.954633, 0.955582, 0.954541, 0.952136, 0.950855]
[0.950755, 0.950252, 0.951791, 0.95385, 0.954823, 0.95377, 0.951331, 0.950019]
[0.949901, 0.949395, 0.950957, 0.953056, 0.954046, 0.952971, 0.950485, 0.949155]
[0.94908, 0.948596, 0.950181, 0.952275, 0.95324, 0.952146, 0.949657, 0.948342]
[0.948227, 0.947784, 0.949407, 0.951497, 0.952431, 0.951297, 0.948792, 0.947514]
[0.947368, 0.946956, 0.948592, 0.950681, 0.951587, 0.950428, 0.947929, 0.946672]
[0.946404, 0.946021, 0.947689, 0.94978, 0.950664, 0.949479, 0.946961, 0.945728]
[0.94548, 0.945145, 0.94684, 0.948915, 0.949756, 0.94853, 0.94602, 0.944837]
[0.944576, 0.944256, 0.945964, 0.948043, 0.948864, 0.947623, 0.945115, 0.943939]
[0.943858, 0.943417, 0.945089, 0.947225, 0.948169, 0.946996, 0.944412, 0.943105]
[0.942743, 0.942403, 0.944151, 0.946288, 0.947147, 0.945872, 0.943293, 0.942082]
[0.941813, 0.941481, 0.943247, 0.945407, 0.946261, 0.944965, 0.942367, 0.941156]
[0.940921, 0.940574, 0.942351, 0.944533, 0.945405, 0.944106, 0.941476, 0.940238]
[0.940019, 0.939656, 0.941462, 0.943681, 0.944567, 0.943251, 0.940583, 0.939315]
[0.939132, 0.938734, 0.94055, 0.942815, 0.94374, 0.942421, 0.939706, 0.938392]
[0.938264, 0.937814, 0.939652, 0.941979, 0.942966, 0.941657, 0.938875, 0.937485]
[0.937415, 0.936906, 0.938754, 0.94115, 0.942206, 0.940904, 0.938047, 0.936579]
[0.936505, 0.935937, 0.937777, 0.940209, 0.941332, 0.940055, 0.937155, 0.93563]
[0.935684, 0.935092, 0.936963, 0.939448, 0.940598, 0.939303, 0.936345, 0.934776]
[0.934861, 0.934243, 0.936135, 0.938666, 0.939853, 0.938555, 0.935536, 0.933927]
[0.933982, 0.933335, 0.935232, 0.937797, 0.939024, 0.937726, 0.934671, 0.93302]
[0.933081, 0.932434, 0.934355, 0.936938, 0.938179, 0.936863, 0.933777, 0.932116]
[0.932024, 0.931382, 0.93331, 0.935912, 0.937163, 0.935839, 0.932733, 0.931073]
[0.931037, 0.930465, 0.932444, 0.935034, 0.936221, 0.934834, 0.931728, 0.930131]
[0.930042, 0.929546, 0.931568, 0.934141, 0.935259, 0.933814, 0.930714, 0.929184]
[0.929029, 0.928604, 0.930665, 0.933217, 0.934266, 0.932766, 0.929685, 0.928225]
[0.927998, 0.927605, 0.929673, 0.932208, 0.933232, 0.93172, 0.928653, 0.927218]
[0.9269, 0.926522, 0.928592, 0.931112, 0.932124, 0.93061, 0.927559, 0.926149]
[0.925941, 0.925536, 0.927607, 0.930157, 0.931193, 0.929686, 0.926608, 0.925166]
[0.925003, 0.924561, 0.926633, 0.929224, 0.930304, 0.928804, 0.925689, 0.924191]
[0.923978, 0.923481, 0.92555, 0.928181, 0.929319, 0.927842, 0.924687, 0.923133]
[0.923092, 0.922546, 0.924634, 0.927322, 0.928512, 0.927033, 0.923811, 0.922192]
[0.922276, 0.921651, 0.923746, 0.926513, 0.92778, 0.926318, 0.923014, 0.921302]
[0.921546, 0.920816, 0.922907, 0.925759, 0.927139, 0.92571, 0.922316, 0.920477]
[0.920851, 0.920043, 0.922154, 0.925097, 0.926561, 0.925136, 0.921652, 0.919716]
[0.919948, 0.919095, 0.921208, 0.92419, 0.925711, 0.924307, 0.920779, 0.918789]
[0.918986, 0.918151, 0.920284, 0.923278, 0.924792, 0.923357, 0.919813, 0.91784]
[0.918051, 0.917275, 0.919458, 0.922453, 0.923919, 0.922426, 0.918868, 0.916936]
[0.916947, 0.916198, 0.918387, 0.921359, 0.9228, 0.921301, 0.917758, 0.915863]
[0.915663, 0.915006, 0.917216, 0.920129, 0.92148, 0.919942, 0.91645, 0.914657]
[0.914505, 0.913924, 0.916155, 0.919037, 0.920314, 0.91873, 0.915271, 0.913547]
[0.91338, 0.91285, 0.915102, 0.917954, 0.919182, 0.917565, 0.914137, 0.912469]
[0.912339, 0.911839, 0.914105, 0.916957, 0.918164, 0.916514, 0.913085, 0.911439]
[0.911166, 0.910727, 0.913023, 0.915862, 0.917015, 0.915327, 0.911912, 0.910321]
[0.910376, 0.909861, 0.912159, 0.915056, 0.916282, 0.914609, 0.911122, 0.909445]
[0.910031, 0.909219, 0.911477, 0.914583, 0.916134, 0.914576, 0.910834, 0.908823]
[0.908871, 0.908065, 0.910331, 0.91344, 0.914977, 0.91342, 0.909701, 0.9077]
[0.907634, 0.906842, 0.90911, 0.912218, 0.913746, 0.912189, 0.908495, 0.9065]
[0.906729, 0.905857, 0.908125, 0.911309, 0.912917, 0.911383, 0.907613, 0.905532]
[0.905861, 0.904893, 0.907145, 0.910406, 0.912124, 0.910622, 0.906783, 0.904586]
[0.905024, 0.903986, 0.906243, 0.909571, 0.91136, 0.909868, 0.905966, 0.903691]
[0.90425, 0.903191, 0.905475, 0.90884, 0.910653, 0.909141, 0.905181, 0.902881]
[0.903059, 0.902061, 0.904366, 0.907699, 0.909456, 0.907911, 0.903987, 0.901746]
[0.901972, 0.901018, 0.903326, 0.906636, 0.908349, 0.906792, 0.902894, 0.900702]
[0.900797, 0.899967, 0.902317, 0.905555, 0.907146, 0.90552, 0.901676, 0.899615]
[0.899756, 0.898987, 0.901356, 0.904555, 0.906085, 0.904434, 0.900622, 0.898623]
[0.898456, 0.897792, 0.900177, 0.903301, 0.904719, 0.903038, 0.899307, 0.897418]
[0.89721, 0.896621, 0.899019, 0.902092, 0.903436, 0.901719, 0.898049, 0.896237]
[0.895966, 0.895454, 0.897874, 0.900911, 0.902176, 0.900414, 0.896793, 0.895061]
[0.894857, 0.894385, 0.896837, 0.899884, 0.901121, 0.899316, 0.89568, 0.893975]
[0.89404, 0.893434, 0.895863, 0.898987, 0.900347, 0.898595, 0.894872, 0.893035]
[0.893243, 0.892541, 0.894966, 0.898174, 0.899633, 0.89792, 0.894115, 0.89216]
[0.892209, 0.891451, 0.893866, 0.897111, 0.898636, 0.896951, 0.893111, 0.891104]
[0.891675, 0.890808, 0.893228, 0.896574, 0.898208, 0.896549, 0.892606, 0.890467]
[0.891201, 0.890173, 0.892559, 0.896017, 0.897824, 0.896234, 0.892181, 0.889869]
[0.890237, 0.889197, 0.891596, 0.895076, 0.896904, 0.89531, 0.891236, 0.888906]
[0.889402, 0.888337, 0.890743, 0.894246, 0.896099, 0.894515, 0.890409, 0.888046]
[0.888356, 0.887317, 0.889733, 0.893219, 0.895047, 0.893444, 0.889353, 0.887015]
[0.887103, 0.88611, 0.88852, 0.891961, 0.893742, 0.892139, 0.888086, 0.885802]
[0.886163, 0.885229, 0.887666, 0.891088, 0.892807, 0.89116, 0.88712, 0.884892]
[0.884616, 0.883819, 0.886265, 0.889574, 0.891154, 0.88946, 0.885546, 0.883466]
[0.883429, 0.882704, 0.885143, 0.888387, 0.889876, 0.88817, 0.884336, 0.882338]
[0.88234, 0.881632, 0.884053, 0.887254, 0.88872, 0.887032, 0.883232, 0.881267]
[0.881245, 0.880592, 0.883027, 0.886196, 0.887593, 0.885878, 0.882127, 0.880223]
[0.880362, 0.879683, 0.882095, 0.88527, 0.886698, 0.885012, 0.881251, 0.879324]
[0.879707, 0.878952, 0.881352, 0.884558, 0.886055, 0.884412, 0.880612, 0.878607]
[0.878961, 0.878159, 0.88054, 0.88377, 0.885319, 0.883698, 0.879892, 0.877841]
[0.877999, 0.877175, 0.879535, 0.88277, 0.88434, 0.882754, 0.878951, 0.876882]
[0.877222, 0.876375, 0.878747, 0.882006, 0.883603, 0.882022, 0.878189, 0.876084]
[0.876358, 0.875507, 0.877887, 0.881159, 0.88276, 0.881179, 0.877332, 0.875215]
[0.875525, 0.874643, 0.877025, 0.880318, 0.881946, 0.880374, 0.876506, 0.874363]
[0.875277, 0.874165, 0.876458, 0.879861, 0.881719, 0.88028, 0.876288, 0.873914]
[0.874201, 0.873149, 0.875464, 0.87884, 0.880637, 0.879166, 0.875207, 0.872889]
[0.872735, 0.871871, 0.874253, 0.877532, 0.879144, 0.877564, 0.873703, 0.871577]
[0.871653, 0.870842, 0.873242, 0.8765, 0.878049, 0.876434, 0.8726, 0.870527]
[0.870409, 0.869659, 0.872075, 0.875296, 0.876775, 0.875132, 0.871339, 0.869332]
[0.869465, 0.868714, 0.871126, 0.874342, 0.875829, 0.874175, 0.870383, 0.868379]
[0.868486, 0.867738, 0.870151, 0.873363, 0.874854, 0.8732, 0.869408, 0.867401]
[0.867228, 0.866535, 0.868978, 0.872176, 0.873604, 0.871911, 0.868143, 0.866194]
[0.866202, 0.865503, 0.867946, 0.871159, 0.872594, 0.870909, 0.867122, 0.865163]
[0.865502, 0.864707, 0.867123, 0.870386, 0.871913, 0.870278, 0.866443, 0.864376]
[0.864657, 0.863794, 0.866188, 0.869473, 0.871071, 0.869485, 0.86562, 0.863495]
[0.863877, 0.862969, 0.865344, 0.868654, 0.870308, 0.868746, 0.864861, 0.862685]
[0.862913, 0.861985, 0.86435, 0.867671, 0.869342, 0.86781, 0.863922, 0.861724]
[0.8619, 0.860967, 0.863329, 0.866649, 0.868334, 0.866808, 0.862921, 0.860719]
[0.86075, 0.859852, 0.862236, 0.865559, 0.867215, 0.865662, 0.861771, 0.8596]
[0.859989, 0.859077, 0.861457, 0.864778, 0.866439, 0.864892, 0.861003, 0.85882]
[0.858995, 0.858117, 0.860506, 0.863797, 0.865418, 0.863854, 0.859996, 0.857851]
[0.857791, 0.856977, 0.859375, 0.862626, 0.864168, 0.862581, 0.858771, 0.856697]
[0.856661, 0.85589, 0.858307, 0.861526, 0.863016, 0.861405, 0.857622, 0.85559]
[0.855638, 0.854883, 0.857304, 0.860519, 0.861986, 0.860356, 0.856583, 0.854577]
[0.854614, 0.853855, 0.856277, 0.859484, 0.860957, 0.859331, 0.855558, 0.853546]
[0.853508, 0.852772, 0.8552, 0.858408, 0.85986, 0.858218, 0.854443, 0.852447]
[0.852521, 0.851756, 0.854181, 0.857402, 0.858881, 0.857242, 0.853463, 0.851441]
[0.851448, 0.850659, 0.853069, 0.856308, 0.857805, 0.856193, 0.852401, 0.850352]
[0.850254, 0.849478, 0.8519, 0.855142, 0.856646, 0.855016, 0.851214, 0.849172]
[0.849318, 0.848482, 0.850879, 0.854152, 0.85571, 0.854113, 0.850289, 0.848185]
[0.848398, 0.847506, 0.849878, 0.853168, 0.85478, 0.853222, 0.849378, 0.847225]
[0.84742, 0.846494, 0.848847, 0.852141, 0.853784, 0.852262, 0.848413, 0.846231]
[0.846322, 0.845406, 0.847755, 0.85105, 0.852682, 0.851162, 0.847321, 0.845151]
[0.845237, 0.844315, 0.846652, 0.849934, 0.851578, 0.85007, 0.846244, 0.844067]
[0.844084, 0.8432, 0.845551, 0.848813, 0.850412, 0.848888, 0.845083, 0.842943]
[0.843042, 0.842156, 0.844492, 0.847738, 0.849336, 0.847829, 0.844041, 0.841897]
[0.841908, 0.841066, 0.843415, 0.846636, 0.848189, 0.846652, 0.842889, 0.840801]
[0.840818, 0.839986, 0.842332, 0.845527, 0.847059, 0.845525, 0.841786, 0.839716]
[0.839614, 0.838823, 0.841194, 0.844387, 0.84588, 0.844308, 0.840572, 0.838538]
[0.838528, 0.837744, 0.840125, 0.843318, 0.844807, 0.843219, 0.83948, 0.83745]
[0.838054, 0.837095, 0.839377, 0.842609, 0.84426, 0.842816, 0.839027, 0.836831]
[0.836986, 0.836024, 0.838306, 0.841544, 0.843198, 0.841761, 0.837967, 0.835768]
[0.835553, 0.834718, 0.837079, 0.84029, 0.84182, 0.840284, 0.836527, 0.834443]
[0.834413, 0.833607, 0.835989, 0.839191, 0.8407, 0.839133, 0.835383, 0.833327]
[0.833195, 0.832429, 0.834838, 0.838046, 0.839505, 0.837903, 0.834153, 0.832137]
[0.832119, 0.831343, 0.833752, 0.836957, 0.838427, 0.836829, 0.833083, 0.831057]
[0.830938, 0.830173, 0.832592, 0.835803, 0.83726, 0.83565, 0.8319, 0.829883]
[0.829807, 0.829029, 0.831445, 0.834676, 0.836147, 0.834544, 0.83078, 0.828745]
[0.828814, 0.827996, 0.830395, 0.833625, 0.835133, 0.833565, 0.829795, 0.827725]
[0.827661, 0.826825, 0.829219, 0.832469, 0.834004, 0.832438, 0.828658, 0.826563]
[0.826455, 0.82562, 0.828022, 0.831281, 0.832817, 0.831246, 0.827459, 0.825366]
[0.825485, 0.82462, 0.827007, 0.830272, 0.831833, 0.830292, 0.826495, 0.824372]
[0.824511, 0.823627, 0.825991, 0.829253, 0.830831, 0.829315, 0.825523, 0.823381]
[0.823311, 0.82244, 0.824818, 0.828083, 0.829647, 0.828115, 0.824331, 0.822205]
[0.822088, 0.821253, 0.823644, 0.826895, 0.828424, 0.826867, 0.823088, 0.820991]
[0.82089, 0.820098, 0.822507, 0.825733, 0.827209, 0.825622, 0.821865, 0.819814]
[0.819864, 0.81908, 0.821482, 0.824679, 0.82614, 0.824553, 0.820821, 0.818788]
[0.818747, 0.81799, 0.820404, 0.823587, 0.825014, 0.823417, 0.819695, 0.817692]
[0.817559, 0.816836, 0.819261, 0.822424, 0.823819, 0.822203, 0.818497, 0.816525]
[0.816421, 0.815719, 0.818157, 0.821317, 0.822684, 0.821045, 0.817349, 0.815394]
[0.815257, 0.814557, 0.817009, 0.820175, 0.821537, 0.8199, 0.816196, 0.814246]
[0.814032, 0.813351, 0.815812, 0.818978, 0.820325, 0.818674, 0.814968, 0.813031]
[0.812904, 0.812229, 0.814698, 0.817872, 0.81921, 0.817544, 0.81384, 0.811906]
[0.811848, 0.811156, 0.813628, 0.816808, 0.818165, 0.816501, 0.81279, 0.810836]
[0.810753, 0.810037, 0.812498, 0.815696, 0.817075, 0.815428, 0.81171, 0.809727]
[0.809697, 0.80894, 0.811395, 0.814626, 0.81605, 0.814421, 0.810675, 0.808655]
[0.808647, 0.807859, 0.810307, 0.813551, 0.815005, 0.813398, 0.809644, 0.807585]
[0.807624, 0.806791, 0.809213, 0.812481, 0.813984, 0.812418, 0.808642, 0.806542]
[0.80667, 0.805771, 0.808151, 0.811427, 0.812994, 0.811486, 0.807709, 0.805554]
[0.805607, 0.8047, 0.807066, 0.810335, 0.81191, 0.810416, 0.806655, 0.804492]
[0.804494, 0.803591, 0.805942, 0.809182, 0.810739, 0.809263, 0.805532, 0.803383]
[0.803346, 0.802475, 0.804823, 0.808039, 0.809563, 0.808078, 0.804372, 0.80226]
[0.80217, 0.801346, 0.8037, 0.806877, 0.808335, 0.806839, 0.803172, 0.801107]
[0.801016, 0.800225, 0.802575, 0.805721, 0.807146, 0.805632, 0.801998, 0.799973]
[0.799947, 0.799175, 0.80152, 0.804632, 0.806024, 0.804514, 0.80091, 0.798909]
[0.798946, 0.798191, 0.800529, 0.803609, 0.804977, 0.803475, 0.799898, 0.797923]
[0.798301, 0.797416, 0.79965, 0.802722, 0.804206, 0.802844, 0.799268, 0.797182]
[0.796984, 0.796184, 0.798476, 0.801544, 0.802962, 0.801521, 0.797952, 0.795937]
[0.795567, 0.794882, 0.797291, 0.800408, 0.801727, 0.800136, 0.796534, 0.794603]
[0.794512, 0.79384, 0.796262, 0.799372, 0.800671, 0.799069, 0.795466, 0.793549]
[0.793558, 0.792844, 0.795243, 0.79836, 0.799704, 0.79813, 0.794522, 0.79257]
[0.792491, 0.791785, 0.794215, 0.797357, 0.7987, 0.797101, 0.793462, 0.791512]
[0.791313, 0.790645, 0.793122, 0.796304, 0.797625, 0.795963, 0.792292, 0.790351]
[0.790345, 0.789662, 0.792117, 0.795277, 0.796601, 0.794971, 0.791321, 0.789379]
[0.789407, 0.788701, 0.791137, 0.794292, 0.795621, 0.794018, 0.790384, 0.788424]
[0.78823, 0.787568, 0.790047, 0.793213, 0.794508, 0.792849, 0.789194, 0.78728]
[0.787086, 0.786442, 0.788948, 0.792135, 0.793423, 0.791732, 0.788056, 0.786142]
[0.785941, 0.785296, 0.787816, 0.791015, 0.792304, 0.790597, 0.786907, 0.784995]
[0.784867, 0.784233, 0.786745, 0.789934, 0.791202, 0.789497, 0.785823, 0.783918]
[0.783713, 0.78309, 0.785641, 0.788861, 0.790135, 0.788388, 0.784676, 0.782779]
[0.78265, 0.78201, 0.784551, 0.787775, 0.789061, 0.787328, 0.783621, 0.7817]
[0.781718, 0.781031, 0.78351, 0.786689, 0.787989, 0.786336, 0.782673, 0.780733]
[0.7806, 0.779922, 0.782406, 0.78559, 0.786892, 0.785218, 0.78156, 0.779625]
[0.77961, 0.77891, 0.781362, 0.784532, 0.785847, 0.78421, 0.780569, 0.778627]
[0.778564, 0.777867, 0.780309, 0.78346, 0.78477, 0.783142, 0.779521, 0.777577]
[0.777499, 0.776807, 0.779244, 0.782387, 0.783681, 0.782072, 0.778458, 0.776518]
[0.776491, 0.775798, 0.778212, 0.781323, 0.782612, 0.781024, 0.777445, 0.775514]
[0.775324, 0.774663, 0.777109, 0.780237, 0.781511, 0.779871, 0.77627, 0.774364]
[0.774229, 0.773589, 0.776037, 0.779145, 0.780385, 0.778745, 0.775162, 0.773283]
[0.773174, 0.772537, 0.774994, 0.778089, 0.779332, 0.777684, 0.774103, 0.772226]
[0.772123, 0.771527, 0.77399, 0.777074, 0.778263, 0.776589, 0.773038, 0.771205]
[0.770957, 0.770393, 0.772893, 0.775991, 0.777162, 0.77545, 0.771877, 0.770061]
[0.769924, 0.769343, 0.771826, 0.774919, 0.776102, 0.774414, 0.770846, 0.769023]
[0.768863, 0.768281, 0.77076, 0.77385, 0.775033, 0.773346, 0.769788, 0.767963]
[0.767786, 0.767209, 0.769697, 0.77279, 0.773972, 0.772276, 0.76871, 0.766895]
[0.766772, 0.766187, 0.768672, 0.771762, 0.772945, 0.771265, 0.767703, 0.765878]
[0.765728, 0.765145, 0.767626, 0.770715, 0.771896, 0.770221, 0.766667, 0.764841]
[0.764616, 0.76406, 0.766559, 0.769648, 0.77081, 0.7691, 0.765549, 0.763742]
[0.763457, 0.762923, 0.765454, 0.768551, 0.769696, 0.767953, 0.764386, 0.762598]
[0.762396, 0.761862, 0.764379, 0.767463, 0.768597, 0.766868, 0.763318, 0.761539]
[0.76125, 0.760723, 0.763271, 0.766387, 0.767529, 0.765763, 0.762179, 0.760393]
[0.760202, 0.759678, 0.762239, 0.765384, 0.766516, 0.764732, 0.761132, 0.759337]
[0.759319, 0.758744, 0.761259, 0.764386, 0.765571, 0.763851, 0.760259, 0.758424]
[0.758938, 0.75816, 0.760473, 0.763527, 0.764871, 0.763411, 0.759894, 0.757904]
[0.75797, 0.757216, 0.759556, 0.762632, 0.763962, 0.762477, 0.758948, 0.756971]
[0.756705, 0.756082, 0.758597, 0.761767, 0.763005, 0.761312, 0.75769, 0.7558]
[0.755909, 0.755242, 0.757699, 0.760839, 0.762114, 0.760495, 0.756886, 0.754968]
[0.754856, 0.754203, 0.75669, 0.759857, 0.76112, 0.75946, 0.755833, 0.753921]
[0.753809, 0.753178, 0.755683, 0.758842, 0.760079, 0.758395, 0.754777, 0.752887]
[0.752779, 0.752146, 0.754663, 0.757849, 0.759105, 0.757402, 0.753752, 0.751847]
[0.751774, 0.751133, 0.75364, 0.756818, 0.758078, 0.756393, 0.752745, 0.750837]
[0.750726, 0.750089, 0.752621, 0.755831, 0.757086, 0.755372, 0.751698, 0.749784]
[0.749712, 0.749081, 0.7516, 0.75478, 0.75602, 0.754323, 0.750674, 0.748774]
[0.748665, 0.74804, 0.750555, 0.753729, 0.754962, 0.753263, 0.749621, 0.747729]
[0.747607, 0.746963, 0.749468, 0.752652, 0.753915, 0.752232, 0.748577, 0.746666]
[0.746531, 0.745874, 0.748395, 0.751612, 0.752899, 0.751203, 0.747502, 0.745568]
[0.745519, 0.744864, 0.747356, 0.750528, 0.751803, 0.750127, 0.746486, 0.744568]
[0.744576, 0.743914, 0.746378, 0.749513, 0.750782, 0.749142, 0.745545, 0.743626]
[0.743473, 0.742852, 0.745346, 0.748487, 0.749707, 0.748038, 0.744434, 0.742553]
[0.742397, 0.741789, 0.744308, 0.747474, 0.748698, 0.746986, 0.743357, 0.741476]
[0.74142, 0.740821, 0.743325, 0.746441, 0.747631, 0.745941, 0.742359, 0.740508]
[0.740308, 0.73974, 0.742272, 0.745416, 0.746583, 0.744847, 0.741249, 0.739415]
[0.739275, 0.738736, 0.741278, 0.744392, 0.745516, 0.743763, 0.740191, 0.738394]
[0.738178, 0.737643, 0.740213, 0.74336, 0.744492, 0.742709, 0.739103, 0.737299]
[0.737104, 0.736581, 0.739197, 0.742397, 0.743533, 0.741694, 0.738026, 0.736217]
[0.736089, 0.735569, 0.738213, 0.741436, 0.742572, 0.740711, 0.737014, 0.735198]
[0.735187, 0.73462, 0.737208, 0.7404, 0.741581, 0.739788, 0.736126, 0.734271]
[0.734256, 0.733689, 0.736284, 0.739489, 0.740656, 0.738859, 0.735199, 0.733344]
[0.733301, 0.732687, 0.735239, 0.738442, 0.739669, 0.73792, 0.734253, 0.732364]
[0.732316, 0.731684, 0.734211, 0.737403, 0.738637, 0.736932, 0.733273, 0.731376]
[0.731258, 0.730628, 0.733136, 0.736286, 0.737504, 0.735819, 0.732208, 0.730318]
[0.73015, 0.729524, 0.732027, 0.735182, 0.736406, 0.734717, 0.731104, 0.729219]
[0.729084, 0.72846, 0.730956, 0.7341, 0.735314, 0.733637, 0.730039, 0.728155]
[0.728036, 0.727401, 0.72988, 0.732996, 0.734214, 0.732568, 0.72899, 0.727106]
[0.726931, 0.72632, 0.728803, 0.731909, 0.733098, 0.731442, 0.727878, 0.726013]
[0.725847, 0.725256, 0.727744, 0.730851, 0.732023, 0.730349, 0.726787, 0.724937]
[0.724773, 0.724192, 0.726687, 0.729788, 0.730947, 0.729264, 0.725708, 0.72387]
[0.723725, 0.723158, 0.725656, 0.728732, 0.729873, 0.728193, 0.724654, 0.722838]
[0.722793, 0.722178, 0.724615, 0.727654, 0.728824, 0.727218, 0.723727, 0.721881]
[0.721953, 0.721261, 0.723615, 0.726632, 0.727864, 0.726374, 0.722909, 0.721002]
[0.720876, 0.720178, 0.722548, 0.725577, 0.726823, 0.725324, 0.721844, 0.71993]
[0.719789, 0.719101, 0.721488, 0.724528, 0.725774, 0.724265, 0.720772, 0.718859]
[0.718268, 0.717742, 0.720522, 0.723923, 0.725146, 0.72318, 0.719299, 0.717411]
[0.717162, 0.716663, 0.719496, 0.722931, 0.724132, 0.722107, 0.71817, 0.716281]
[0.716078, 0.71557, 0.718486, 0.722039, 0.72328, 0.721166, 0.717089, 0.715148]
[0.714932, 0.714368, 0.717203, 0.720708, 0.721978, 0.719949, 0.715932, 0.71396]
[0.713844, 0.713235, 0.716031, 0.719532, 0.720834, 0.71884, 0.714833, 0.712832]
[0.712749, 0.712144, 0.714987, 0.718543, 0.719859, 0.717824, 0.713748, 0.711728]
[0.711626, 0.711024, 0.713815, 0.717296, 0.718573, 0.716587, 0.712598, 0.710604]
[0.710573, 0.709947, 0.712633, 0.716003, 0.717263, 0.71538, 0.711522, 0.709554]
[0.709487, 0.708872, 0.711623, 0.715069, 0.716342, 0.7144, 0.710452, 0.708464]
[0.708444, 0.707838, 0.710668, 0.714185, 0.715477, 0.713441, 0.709407, 0.707404]
[0.707343, 0.706762, 0.709608, 0.713134, 0.714396, 0.712331, 0.708278, 0.706291]
[0.706216, 0.705674, 0.708608, 0.712203, 0.713439, 0.711274, 0.707144, 0.705161]
[0.705149, 0.70463, 0.707608, 0.711229, 0.712452, 0.710239, 0.70607, 0.704089]
[0.703996, 0.70347, 0.706401, 0.709973, 0.711188, 0.709012, 0.704893, 0.702933]
[0.702878, 0.702367, 0.705303, 0.708871, 0.710068, 0.707881, 0.703776, 0.701832]
[0.701792, 0.701294, 0.704156, 0.707601, 0.708744, 0.706641, 0.702676, 0.700794]
[0.700762, 0.70027, 0.703205, 0.706756, 0.707936, 0.705747, 0.701678, 0.69976]
[0.699665, 0.69914, 0.702015, 0.705512, 0.706702, 0.704598, 0.700593, 0.698666]
[0.698588, 0.698026, 0.700891, 0.70441, 0.705641, 0.703569, 0.699536, 0.697572]
[0.697551, 0.696973, 0.699783, 0.703247, 0.704477, 0.702468, 0.698506, 0.696549]
[0.696491, 0.69593, 0.698851, 0.702459, 0.703723, 0.701597, 0.697484, 0.695484]
[0.6954, 0.694814, 0.697641, 0.701142, 0.702398, 0.700379, 0.696372, 0.694392]
[0.694333, 0.693773, 0.696673, 0.700251, 0.701504, 0.6994, 0.695321, 0.693337]
[0.693271, 0.692729, 0.695723, 0.699398, 0.700664, 0.698453, 0.69426, 0.692254]
[0.692087, 0.691543, 0.694456, 0.698027, 0.69927, 0.697134, 0.693041, 0.691067]
[0.691053, 0.690524, 0.693496, 0.697136, 0.69837, 0.696161, 0.691997, 0.69002]
[0.689992, 0.689459, 0.692334, 0.695841, 0.697029, 0.694922, 0.690897, 0.688969]
[0.688951, 0.688442, 0.691363, 0.694904, 0.696081, 0.693915, 0.689861, 0.687941]
[0.687959, 0.687432, 0.690285, 0.693763, 0.694942, 0.692845, 0.68886, 0.68694]
[0.686966, 0.686405, 0.68919, 0.692615, 0.693803, 0.691795, 0.687869, 0.685937]
[0.685929, 0.685351, 0.688103, 0.69149, 0.692685, 0.690722, 0.686842, 0.684907]
[0.684883, 0.684354, 0.687199, 0.69068, 0.691861, 0.689773, 0.685804, 0.683887]
[0.684057, 0.683431, 0.686051, 0.689323, 0.690534, 0.688716, 0.684969, 0.683037]
[0.683498, 0.682777, 0.685207, 0.688329, 0.689578, 0.68799, 0.68442, 0.682463]
[0.68214, 0.681568, 0.684201, 0.687437, 0.688587, 0.686766, 0.683087, 0.681219]
[0.681182, 0.68063, 0.683372, 0.686751, 0.687942, 0.685999, 0.682155, 0.680249]
[0.680318, 0.679715, 0.682384, 0.685715, 0.686937, 0.685085, 0.681285, 0.679347]
[0.679424, 0.678805, 0.681486, 0.684841, 0.686087, 0.684224, 0.680406, 0.678445]
[0.678506, 0.677872, 0.680517, 0.683838, 0.685088, 0.683268, 0.679481, 0.677519]
[0.67756, 0.676933, 0.679659, 0.683088, 0.684361, 0.682448, 0.678546, 0.676554]
[0.676647, 0.676023, 0.678748, 0.68216, 0.683425, 0.681522, 0.67762, 0.675634]
[0.675746, 0.675121, 0.6778, 0.681156, 0.682401, 0.680538, 0.67671, 0.674747]
[0.674892, 0.674263, 0.67692, 0.680248, 0.681494, 0.679661, 0.675865, 0.673904]
[0.673924, 0.673307, 0.675952, 0.679259, 0.680477, 0.678655, 0.674886, 0.672947]
[0.673029, 0.672405, 0.67502, 0.678295, 0.679522, 0.677736, 0.673996, 0.672055]
[0.672096, 0.671483, 0.674151, 0.677476, 0.678705, 0.676865, 0.673067, 0.671122]
[0.671138, 0.670562, 0.673283, 0.676647, 0.677848, 0.67594, 0.672098, 0.670172]
[0.670201, 0.669639, 0.672333, 0.675637, 0.676802, 0.674918, 0.671139, 0.66925]
[0.669211, 0.668708, 0.671553, 0.675012, 0.676173, 0.674101, 0.670159, 0.668267]
[0.668219, 0.667705, 0.670557, 0.674023, 0.675197, 0.673122, 0.669158, 0.667254]
[0.667279, 0.666762, 0.669639, 0.673133, 0.674307, 0.672208, 0.668222, 0.666302]
[0.666383, 0.665888, 0.668793, 0.672304, 0.673457, 0.671325, 0.667321, 0.66542]
[0.665519, 0.665015, 0.667895, 0.67138, 0.672534, 0.670432, 0.666453, 0.664551]
[0.664648, 0.664117, 0.66696, 0.670427, 0.671609, 0.669548, 0.665596, 0.663677]
[0.663799, 0.663241, 0.666033, 0.669467, 0.670665, 0.66866, 0.664751, 0.662822]
[0.6629, 0.662326, 0.665086, 0.668508, 0.669717, 0.667756, 0.663876, 0.661929]
[0.662081, 0.661486, 0.664219, 0.667625, 0.668849, 0.666928, 0.663059, 0.661105]
[0.661281, 0.660687, 0.66339, 0.666751, 0.667951, 0.666066, 0.662262, 0.66033]
[0.660463, 0.6599, 0.662604, 0.665928, 0.667094, 0.665202, 0.661437, 0.659549]
[0.659637, 0.65905, 0.66171, 0.665008, 0.666194, 0.664356, 0.660616, 0.658705]
[0.658791, 0.658221, 0.660883, 0.664159, 0.665314, 0.663479, 0.659759, 0.657878]
[0.657888, 0.657335, 0.660025, 0.663324, 0.664478, 0.662596, 0.658853, 0.656972]
[0.657025, 0.656501, 0.659206, 0.662497, 0.663627, 0.661718, 0.657973, 0.656118]
[0.656202, 0.655659, 0.658334, 0.661605, 0.662743, 0.660874, 0.65714, 0.655269]
[0.655327, 0.654795, 0.65747, 0.660719, 0.661834, 0.659964, 0.656261, 0.654412]
[0.654456, 0.653928, 0.656628, 0.659909, 0.66104, 0.659143, 0.655393, 0.653535]
[0.653579, 0.653068, 0.655735, 0.658963, 0.660055, 0.658192, 0.654516, 0.652696]
[0.652766, 0.652238, 0.654986, 0.658332, 0.659491, 0.657553, 0.653744, 0.651867]
[0.651928, 0.65132, 0.653926, 0.657172, 0.658375, 0.656612, 0.652915, 0.650999]
[0.651516, 0.650805, 0.653202, 0.656275, 0.657531, 0.656019, 0.652519, 0.650572]
[0.650435, 0.649783, 0.652304, 0.655493, 0.656733, 0.655087, 0.651474, 0.649543]
[0.649472, 0.648854, 0.651469, 0.654745, 0.655979, 0.654236, 0.650523, 0.648586]
[0.648634, 0.648006, 0.650644, 0.653945, 0.655203, 0.653432, 0.649683, 0.647723]
[0.647813, 0.647203, 0.64991, 0.653279, 0.654532, 0.652683, 0.648857, 0.646895]
[0.647014, 0.64645, 0.649156, 0.652468, 0.653645, 0.651783, 0.648022, 0.646127]
[0.646273, 0.645684, 0.648418, 0.6518, 0.65302, 0.651131, 0.647294, 0.645358]
[0.645493, 0.644917, 0.64767, 0.651078, 0.652289, 0.650361, 0.646502, 0.644567]
[0.644732, 0.644149, 0.646922, 0.65035, 0.65156, 0.649614, 0.645723, 0.643782]
[0.643913, 0.643328, 0.646088, 0.649507, 0.650719, 0.648767, 0.644883, 0.642947]
[0.643067, 0.642495, 0.645241, 0.648627, 0.649803, 0.647863, 0.64402, 0.642105]
[0.642221, 0.641644, 0.644368, 0.647725, 0.648902, 0.646982, 0.643165, 0.641252]
[0.641363, 0.64079, 0.643504, 0.646842, 0.648021, 0.646105, 0.642297, 0.640397]
[0.640523, 0.639943, 0.642663, 0.646022, 0.647212, 0.645287, 0.641471, 0.639554]
[0.639686, 0.639107, 0.641816, 0.645167, 0.646351, 0.644439, 0.640627, 0.638715]
[0.638835, 0.638256, 0.640973, 0.644324, 0.645508, 0.643597, 0.63978, 0.637864]
[0.638011, 0.637421, 0.640127, 0.643477, 0.644679, 0.64278, 0.638962, 0.637034]
[0.637228, 0.63664, 0.63929, 0.642568, 0.643742, 0.641901, 0.638171, 0.636272]
[0.636316, 0.635699, 0.638356, 0.641684, 0.64292, 0.641071, 0.63728, 0.635335]
[0.635473, 0.634856, 0.637503, 0.64081, 0.642036, 0.640206, 0.636433, 0.634492]
[0.634756, 0.634164, 0.636735, 0.639931, 0.641091, 0.63933, 0.635692, 0.633819]
[0.633945, 0.633371, 0.635981, 0.639214, 0.640379, 0.638576, 0.63489, 0.633018]
[0.633152, 0.632594, 0.635189, 0.638377, 0.63951, 0.637721, 0.634092, 0.632243]
[0.632373, 0.631822, 0.63444, 0.637655, 0.638788, 0.636976, 0.633316, 0.631471]
[0.631591, 0.631081, 0.633753, 0.636982, 0.638089, 0.636211, 0.632524, 0.630705]
[0.630802, 0.63029, 0.63294, 0.636155, 0.637252, 0.635398, 0.631737, 0.629919]
[0.629961, 0.629455, 0.632126, 0.635356, 0.63645, 0.634582, 0.6309, 0.62909]
[0.629166, 0.628664, 0.631313, 0.63451, 0.635586, 0.633737, 0.6301, 0.628304]
[0.628306, 0.627829, 0.630534, 0.633789, 0.634862, 0.632947, 0.629258, 0.62746]
[0.627441, 0.626957, 0.62968, 0.632968, 0.634058, 0.632129, 0.628411, 0.6266]
[0.62655, 0.626074, 0.628848, 0.63219, 0.633296, 0.631316, 0.627531, 0.625705]
[0.625696, 0.625205, 0.627948, 0.631253, 0.632352, 0.630417, 0.626675, 0.624845]
[0.624861, 0.624309, 0.627021, 0.630349, 0.631508, 0.629629, 0.625861, 0.623975]
[0.624008, 0.623433, 0.62615, 0.629498, 0.630692, 0.628806, 0.625018, 0.623104]
[0.623164, 0.622599, 0.625347, 0.628715, 0.629895, 0.627981, 0.624174, 0.62227]
[0.622354, 0.621797, 0.624571, 0.627975, 0.629159, 0.627219, 0.623374, 0.621457]
[0.621536, 0.620971, 0.62379, 0.627249, 0.628448, 0.62647, 0.622567, 0.620627]
[0.621248, 0.62054, 0.623105, 0.626375, 0.627643, 0.625966, 0.622278, 0.620288]
[0.620389, 0.619717, 0.622328, 0.625617, 0.626867, 0.62514, 0.621445, 0.619473]
[0.61935, 0.618772, 0.621553, 0.624961, 0.62615, 0.624234, 0.620412, 0.618481]
[0.618551, 0.617989, 0.620771, 0.62417, 0.625341, 0.623422, 0.619605, 0.617686]
[0.617713, 0.617146, 0.619929, 0.623334, 0.624513, 0.6226, 0.618772, 0.616847]
[0.616804, 0.616232, 0.619039, 0.622474, 0.623669, 0.621728, 0.617872, 0.615927]
[0.615946, 0.615372, 0.618176, 0.621613, 0.622803, 0.620861, 0.617001, 0.615058]
[0.615055, 0.614485, 0.61729, 0.620725, 0.621916, 0.619974, 0.616101, 0.614164]
[0.614159, 0.613587, 0.616368, 0.619786, 0.620985, 0.619045, 0.615195, 0.613259]
[0.613278, 0.61269, 0.615439, 0.618824, 0.620019, 0.618126, 0.614308, 0.612367]
[0.612418, 0.611775, 0.614456, 0.617815, 0.619067, 0.617248, 0.613456, 0.611483]
[0.611459, 0.610822, 0.613482, 0.616811, 0.618046, 0.61625, 0.612483, 0.610519]
[0.610516, 0.609902, 0.612504, 0.615736, 0.616925, 0.615174, 0.611516, 0.609601]
[0.609539, 0.608948, 0.611514, 0.614683, 0.615831, 0.614114, 0.610517, 0.608643]
[0.608606, 0.608011, 0.61054, 0.613674, 0.614816, 0.613138, 0.60958, 0.607712]
[0.607643, 0.607051, 0.609549, 0.612655, 0.613793, 0.612132, 0.608605, 0.60675]
[0.606603, 0.606044, 0.608627, 0.611796, 0.612921, 0.611162, 0.60756, 0.605714]
[0.605688, 0.605156, 0.607726, 0.61085, 0.61194, 0.610184, 0.606626, 0.604824]
[0.604763, 0.604243, 0.606837, 0.609984, 0.611068, 0.609283, 0.605699, 0.603899]
[0.603892, 0.603392, 0.606039, 0.609236, 0.61032, 0.608469, 0.604832, 0.60303]
[0.603013, 0.602508, 0.605147, 0.608335, 0.609411, 0.607576, 0.603949, 0.602154]
[0.602235, 0.601736, 0.60436, 0.607531, 0.608596, 0.60678, 0.603178, 0.601396]
[0.60145, 0.600933, 0.603579, 0.606788, 0.607882, 0.606044, 0.602413, 0.600606]
[0.600737, 0.60019, 0.602808, 0.606016, 0.607149, 0.605351, 0.601713, 0.599884]
[0.599974, 0.599427, 0.602068, 0.605298, 0.606434, 0.604613, 0.60096, 0.59912]
[0.599254, 0.598735, 0.601394, 0.604622, 0.605734, 0.60389, 0.600245, 0.598433]
[0.598577, 0.598049, 0.600722, 0.603982, 0.605114, 0.603264, 0.599584, 0.597753]
[0.59792, 0.59739, 0.600091, 0.603381, 0.604526, 0.602647, 0.59894, 0.597093]
[0.597267, 0.596795, 0.599552, 0.602864, 0.603954, 0.602005, 0.598279, 0.596476]
[0.596569, 0.596112, 0.598903, 0.602252, 0.603343, 0.601351, 0.597581, 0.595775]
[0.595912, 0.595429, 0.598205, 0.601548, 0.602647, 0.60068, 0.59692, 0.595102]
[0.595149, 0.594679, 0.597506, 0.6009, 0.602003, 0.599971, 0.596147, 0.594322]
[0.594387, 0.593908, 0.596768, 0.600204, 0.601329, 0.599259, 0.595382, 0.593542]
[0.593648, 0.593203, 0.596071, 0.599488, 0.60057, 0.598475, 0.594621, 0.592819]
[0.592882, 0.592435, 0.595317, 0.598751, 0.599825, 0.597725, 0.593859, 0.592045]
[0.59214, 0.591681, 0.594565, 0.59801, 0.599105, 0.597006, 0.593125, 0.591296]
[0.591588, 0.591028, 0.593769, 0.597124, 0.598292, 0.596367, 0.592592, 0.590702]
[0.590982, 0.590352, 0.593026, 0.596365, 0.597594, 0.595776, 0.592014, 0.590072]
[0.590026, 0.589498, 0.592279, 0.595652, 0.596792, 0.594848, 0.591061, 0.589185]
[0.589248, 0.588718, 0.591486, 0.594848, 0.595979, 0.594052, 0.590281, 0.588414]
[0.58844, 0.587903, 0.590669, 0.594031, 0.595166, 0.593254, 0.589477, 0.5876]
[0.587626, 0.587063, 0.589789, 0.593118, 0.594275, 0.592405, 0.588662, 0.586768]
[0.586823, 0.586249, 0.588952, 0.592269, 0.593437, 0.591593, 0.587863, 0.585965]
[0.58601, 0.585429, 0.588116, 0.591415, 0.592579, 0.590758, 0.587045, 0.585143]
[0.585166, 0.584574, 0.587244, 0.590534, 0.591703, 0.589896, 0.586194, 0.584288]
[0.584323, 0.583714, 0.586335, 0.589576, 0.590758, 0.589004, 0.585349, 0.583441]
[0.583498, 0.582889, 0.585484, 0.588706, 0.58987, 0.588144, 0.584518, 0.582615]
[0.582686, 0.582066, 0.584623, 0.587801, 0.588961, 0.587279, 0.583698, 0.581802]
[0.581878, 0.581241, 0.583743, 0.586872, 0.588042, 0.586414, 0.58288, 0.580988]
[0.581002, 0.580378, 0.582863, 0.585962, 0.587108, 0.585491, 0.581992, 0.580117]
[0.580103, 0.579491, 0.581952, 0.585013, 0.586143, 0.584549, 0.58109, 0.579231]
[0.579175, 0.578576, 0.581027, 0.584069, 0.585177, 0.583589, 0.580159, 0.578321]
[0.578231, 0.577635, 0.580085, 0.583116, 0.584217, 0.582633, 0.579212, 0.577385]
[0.577267, 0.576691, 0.579151, 0.582167, 0.583255, 0.581662, 0.57825, 0.576442]
[0.576328, 0.575779, 0.578256, 0.581283, 0.582349, 0.580722, 0.577308, 0.575515]
[0.57547, 0.574932, 0.577419, 0.580433, 0.581484, 0.579859, 0.576448, 0.574661]
[0.5746, 0.574085, 0.576588, 0.579605, 0.580635, 0.578985, 0.575573, 0.573815]
[0.57371, 0.573224, 0.575778, 0.578823, 0.579824, 0.578125, 0.574686, 0.572949]
[0.572918, 0.572423, 0.574977, 0.57803, 0.579045, 0.577347, 0.573905, 0.572148]
[0.572151, 0.571658, 0.574228, 0.577305, 0.578331, 0.576615, 0.57315, 0.571392]
[0.571486, 0.570976, 0.573523, 0.576578, 0.577619, 0.57594, 0.572499, 0.570727]
[0.570737, 0.570219, 0.572782, 0.575869, 0.576917, 0.575227, 0.571758, 0.569984]
[0.569944, 0.569425, 0.572005, 0.57512, 0.576187, 0.574483, 0.570981, 0.569195]
[0.569157, 0.568625, 0.571221, 0.574359, 0.575431, 0.573719, 0.5702, 0.568403]
[0.568325, 0.567782, 0.570385, 0.573545, 0.574645, 0.572922, 0.569375, 0.567549]
[0.567521, 0.566971, 0.569598, 0.572794, 0.573905, 0.572158, 0.568579, 0.566735]
[0.566699, 0.566161, 0.568821, 0.572034, 0.573125, 0.571345, 0.567744, 0.565914]
[0.565879, 0.565333, 0.568002, 0.57125, 0.572357, 0.570551, 0.566923, 0.56508]
[0.565019, 0.564478, 0.56718, 0.570465, 0.571583, 0.569741, 0.566072, 0.56422]
[0.564258, 0.563701, 0.566403, 0.569705, 0.570836, 0.56899, 0.565308, 0.563438]
[0.563531, 0.562955, 0.56565, 0.568951, 0.570104, 0.56827, 0.564576, 0.562693]
[0.562946, 0.56229, 0.564914, 0.568204, 0.569417, 0.567688, 0.564006, 0.56206]
[0.562191, 0.561518, 0.564128, 0.56743, 0.568674, 0.566947, 0.56326, 0.561297]
[0.56123, 0.560639, 0.563343, 0.566683, 0.567845, 0.565997, 0.56228, 0.560378]
[0.560435, 0.559865, 0.562585, 0.565919, 0.567065, 0.565196, 0.561477, 0.559597]
[0.559592, 0.559027, 0.561757, 0.565098, 0.566243, 0.564361, 0.560636, 0.558748]
[0.558759, 0.55821, 0.560953, 0.564291, 0.565419, 0.563521, 0.559791, 0.557921]
[0.557978, 0.55743, 0.560158, 0.563483, 0.564606, 0.562725, 0.559011, 0.557148]
[0.55708, 0.556541, 0.559281, 0.562613, 0.56374, 0.561841, 0.558127, 0.556264]
[0.556315, 0.555757, 0.558447, 0.561739, 0.562871, 0.561037, 0.557364, 0.555499]
[0.555504, 0.554937, 0.557603, 0.560878, 0.562027, 0.56022, 0.556564, 0.554694]
[0.554678, 0.554097, 0.556735, 0.559994, 0.561153, 0.559389, 0.555755, 0.553877]
[0.553839, 0.553255, 0.555871, 0.559119, 0.56028, 0.558539, 0.554924, 0.553041]
[0.553092, 0.552479, 0.555055, 0.558273, 0.559461, 0.557769, 0.554185, 0.552296]
[0.552284, 0.551681, 0.554242, 0.557429, 0.558603, 0.556931, 0.553386, 0.551509]
[0.551534, 0.550927, 0.553449, 0.556602, 0.557779, 0.556142, 0.55263, 0.55077]
[0.550731, 0.55013, 0.552644, 0.555774, 0.556941, 0.555318, 0.551826, 0.549969]
[0.549961, 0.549371, 0.551882, 0.554997, 0.556143, 0.554524, 0.551053, 0.549209]
[0.549174, 0.5486, 0.551112, 0.554211, 0.555337, 0.553712, 0.55025, 0.54843]
[0.54837, 0.54781, 0.550329, 0.553416, 0.55452, 0.552887, 0.549432, 0.547629]
[0.547484, 0.546969, 0.549525, 0.552617, 0.553677, 0.551985, 0.548528, 0.546758]
[0.546676, 0.546176, 0.548741, 0.551816, 0.552849, 0.551147, 0.547703, 0.545947]
[0.54585, 0.545369, 0.547943, 0.551016, 0.552026, 0.550299, 0.54686, 0.545125]
[0.544957, 0.544503, 0.547098, 0.550162, 0.55113, 0.54938, 0.545948, 0.544243]
[0.544072, 0.543644, 0.546252, 0.549296, 0.55024, 0.548461, 0.545034, 0.543357]
[0.543107, 0.542698, 0.545323, 0.548367, 0.549277, 0.547479, 0.544055, 0.5424]
[0.542105, 0.541706, 0.544319, 0.547343, 0.548242, 0.54644, 0.543042, 0.541394]
[0.541064, 0.540673, 0.543291, 0.546309, 0.547196, 0.545388, 0.541988, 0.540354]
[0.539996, 0.5396, 0.542199, 0.545207, 0.546096, 0.5443, 0.540911, 0.539276]
[0.538967, 0.538564, 0.541157, 0.544166, 0.54506, 0.543271, 0.539878, 0.538236]
[0.537996, 0.5376, 0.540201, 0.543219, 0.544113, 0.542297, 0.538902, 0.537261]
[0.537066, 0.536635, 0.539217, 0.542248, 0.543175, 0.541389, 0.537977, 0.536305]
[0.536177, 0.535731, 0.538319, 0.541381, 0.542332, 0.540533, 0.53709, 0.535397]
[0.535396, 0.534909, 0.537473, 0.540547, 0.541543, 0.539773, 0.53632, 0.534591]
[0.534688, 0.534172, 0.53672, 0.539808, 0.540838, 0.539088, 0.535625, 0.53386]
[0.534004, 0.533472, 0.536007, 0.539096, 0.540147, 0.538417, 0.534952, 0.533175]
[0.533357, 0.532758, 0.53524, 0.538334, 0.539456, 0.537801, 0.534334, 0.532498]
[0.53276, 0.532072, 0.534482, 0.537574, 0.538787, 0.537227, 0.533769, 0.531856]
[0.531925, 0.531287, 0.533743, 0.536839, 0.537999, 0.536396, 0.532942, 0.53107]
[0.531134, 0.53052, 0.533006, 0.536118, 0.537271, 0.535629, 0.53216, 0.530307]
[0.530423, 0.529813, 0.532304, 0.535425, 0.536569, 0.534931, 0.531457, 0.5296]
[0.529752, 0.529146, 0.531643, 0.53477, 0.535905, 0.534266, 0.530789, 0.528932]
[0.529117, 0.528525, 0.531038, 0.534163, 0.535288, 0.533629, 0.530151, 0.528315]
[0.528514, 0.527943, 0.530472, 0.533603, 0.534712, 0.533028, 0.529548, 0.527724]
[0.527886, 0.527313, 0.52986, 0.533004, 0.53412, 0.532425, 0.528929, 0.527097]
[0.527248, 0.526675, 0.529237, 0.532401, 0.533531, 0.53182, 0.528303, 0.526464]
[0.526613, 0.526048, 0.528631, 0.531803, 0.532919, 0.531193, 0.527667, 0.525828]
[0.526019, 0.525463, 0.528054, 0.531247, 0.532359, 0.530617, 0.527076, 0.525247]
[0.525409, 0.524834, 0.527434, 0.530646, 0.531777, 0.530044, 0.526488, 0.52463]
[0.524857, 0.524274, 0.526874, 0.530099, 0.531255, 0.529514, 0.525945, 0.524081]
[0.52434, 0.523767, 0.526386, 0.529609, 0.530745, 0.528994, 0.525427, 0.52358]
[0.523826, 0.523259, 0.525879, 0.529102, 0.530231, 0.528486, 0.524919, 0.523074]
[0.523267, 0.522703, 0.525324, 0.528559, 0.529691, 0.52794, 0.524365, 0.522517]
[0.522703, 0.522149, 0.524785, 0.528016, 0.529129, 0.527364, 0.523799, 0.521962]
[0.522165, 0.521619, 0.524262, 0.527491, 0.528588, 0.526818, 0.523255, 0.52143]
[0.521556, 0.521024, 0.523691, 0.526929, 0.528019, 0.526222, 0.52264, 0.520822]
[0.520919, 0.520387, 0.523069, 0.526328, 0.52743, 0.525611, 0.522008, 0.520182]
[0.520348, 0.519805, 0.522489, 0.525763, 0.52688, 0.525062, 0.521437, 0.519598]
[0.519819, 0.519283, 0.521979, 0.525264, 0.526369, 0.524537, 0.520902, 0.519066]
[0.519372, 0.518819, 0.521499, 0.524779, 0.525895, 0.524082, 0.520459, 0.518612]
[0.518924, 0.518374, 0.521053, 0.524337, 0.525455, 0.523632, 0.520013, 0.518164]
[0.518426, 0.517859, 0.520524, 0.523803, 0.524928, 0.523134, 0.519516, 0.517658]
[0.517896, 0.517309, 0.519943, 0.523208, 0.524362, 0.522593, 0.518987, 0.517117]
[0.5174, 0.5168, 0.519405, 0.52264, 0.523794, 0.522063, 0.518489, 0.516612]
[0.516881, 0.51628, 0.518878, 0.522095, 0.523249, 0.521525, 0.517964, 0.516094]
[0.516276, 0.515679, 0.518261, 0.521465, 0.522607, 0.52089, 0.517345, 0.515488]
[0.515677, 0.51508, 0.51765, 0.520843, 0.521984, 0.520276, 0.516738, 0.514879]
[0.515051, 0.514451, 0.517004, 0.520176, 0.521311, 0.519613, 0.5161, 0.514245]
[0.514433, 0.513828, 0.51636, 0.519521, 0.520659, 0.518981, 0.515473, 0.513617]
[0.513808, 0.513187, 0.515706, 0.518864, 0.520012, 0.51835, 0.514845, 0.512974]
[0.513256, 0.512621, 0.515123, 0.518274, 0.519426, 0.517776, 0.514281, 0.512404]
[0.512712, 0.512071, 0.514564, 0.517723, 0.518891, 0.517243, 0.513734, 0.511843]
[0.512221, 0.511554, 0.514025, 0.517175, 0.518372, 0.516748, 0.51324, 0.511333]
[0.51192, 0.511169, 0.513551, 0.51667, 0.51794, 0.516423, 0.512956, 0.510989]
[0.51151, 0.510737, 0.513085, 0.516189, 0.51748, 0.516011, 0.512555, 0.510571]
[0.510794, 0.510118, 0.512562, 0.515696, 0.516893, 0.515306, 0.51183, 0.509922]
[0.510313, 0.509641, 0.512077, 0.515197, 0.516397, 0.514808, 0.511346, 0.50944]
[0.509755, 0.509082, 0.511532, 0.514684, 0.515894, 0.514291, 0.510796, 0.508883]
[0.509185, 0.508536, 0.511021, 0.514182, 0.51537, 0.513728, 0.510218, 0.508323]
[0.508648, 0.508002, 0.510494, 0.513665, 0.514854, 0.513191, 0.509674, 0.507787]
[0.508088, 0.507459, 0.509988, 0.513174, 0.51435, 0.512655, 0.50912, 0.507235]
[0.507512, 0.506944, 0.509523, 0.512715, 0.513828, 0.512071, 0.50853, 0.506702]
[0.506948, 0.506373, 0.508948, 0.512141, 0.513253, 0.511506, 0.507978, 0.50614]
[0.506407, 0.505855, 0.508431, 0.511614, 0.5127, 0.510945, 0.507429, 0.505616]
[0.505755, 0.505223, 0.507831, 0.511012, 0.512091, 0.510308, 0.50678, 0.504982]
[0.505144, 0.504602, 0.507213, 0.510411, 0.511497, 0.509715, 0.506171, 0.504365]
[0.504585, 0.504083, 0.506709, 0.509886, 0.510923, 0.509116, 0.505602, 0.503833]
[0.504067, 0.503586, 0.506219, 0.50938, 0.510394, 0.508582, 0.505076, 0.50333]
[0.503502, 0.503031, 0.50568, 0.508864, 0.509871, 0.508035, 0.504514, 0.502774]
[0.502943, 0.50249, 0.505174, 0.508371, 0.509364, 0.507491, 0.503952, 0.50222]
[0.502428, 0.501933, 0.5046, 0.507814, 0.508856, 0.507012, 0.503446, 0.501667]
[0.501962, 0.50149, 0.504164, 0.507365, 0.508375, 0.50651, 0.502962, 0.501215]
[0.501537, 0.501054, 0.503722, 0.506926, 0.507946, 0.506094, 0.502547, 0.500783]
[0.501109, 0.500606, 0.503259, 0.506456, 0.507492, 0.505666, 0.502127, 0.500348]
[0.500682, 0.500163, 0.502791, 0.505989, 0.507043, 0.505244, 0.501712, 0.499919]
[0.500198, 0.499666, 0.502308, 0.505531, 0.506611, 0.504797, 0.501232, 0.499428]
[0.499811, 0.499254, 0.501875, 0.50508, 0.506177, 0.504403, 0.500854, 0.49903]
[0.499213, 0.498662, 0.501315, 0.504568, 0.505666, 0.503858, 0.500264, 0.498425]
[0.498731, 0.498158, 0.500783, 0.504009, 0.505125, 0.503346, 0.499775, 0.497931]
[0.498191, 0.497624, 0.50025, 0.503488, 0.504596, 0.50281, 0.499237, 0.497394]
[0.49764, 0.497063, 0.499699, 0.502962, 0.504091, 0.5023, 0.498691, 0.496825]
[0.497087, 0.49646, 0.499075, 0.502366, 0.503562, 0.501788, 0.498154, 0.496236]
[0.496527, 0.495893, 0.498501, 0.501787, 0.502976, 0.501217, 0.497587, 0.495663]
[0.495921, 0.495274, 0.497877, 0.501177, 0.502387, 0.500627, 0.496988, 0.495056]
[0.495376, 0.494706, 0.497282, 0.500569, 0.501795, 0.50007, 0.496448, 0.494502]
[0.494809, 0.494104, 0.49665, 0.499944, 0.501202, 0.499517, 0.495893, 0.493914]
[0.494162, 0.493454, 0.496001, 0.499298, 0.500575, 0.498879, 0.495252, 0.493261]
[0.493531, 0.492809, 0.495354, 0.498665, 0.499952, 0.498266, 0.494624, 0.492627]
[0.492898, 0.492187, 0.494746, 0.498057, 0.499331, 0.497631, 0.493984, 0.491992]
[0.492509, 0.491724, 0.494188, 0.49746, 0.498808, 0.497216, 0.493605, 0.491567]
[0.491921, 0.491111, 0.493565, 0.496849, 0.498219, 0.496647, 0.493026, 0.490961]
[0.491029, 0.490363, 0.492946, 0.496244, 0.497478, 0.495742, 0.492108, 0.490163]
[0.490393, 0.489775, 0.492401, 0.4957, 0.496884, 0.495097, 0.491457, 0.489557]
[0.489857, 0.489251, 0.491885, 0.495178, 0.496351, 0.494553, 0.490918, 0.489033]
[0.489347, 0.48874, 0.491372, 0.49467, 0.495845, 0.494054, 0.490407, 0.488522]
[0.488846, 0.488248, 0.490899, 0.494208, 0.495374, 0.49356, 0.489914, 0.488035]
[0.488315, 0.487733, 0.490385, 0.49368, 0.494835, 0.493015, 0.489375, 0.487516]
[0.487805, 0.487232, 0.489886, 0.493163, 0.494303, 0.492484, 0.488872, 0.487016]
[0.487251, 0.486722, 0.489397, 0.492667, 0.49376, 0.491905, 0.488302, 0.486489]
[0.486774, 0.486251, 0.48892, 0.492172, 0.493248, 0.491403, 0.487819, 0.486016]
[0.486165, 0.485657, 0.488328, 0.491558, 0.49262, 0.490765, 0.487202, 0.485419]
[0.485546, 0.485058, 0.487737, 0.490958, 0.491986, 0.490124, 0.48657, 0.484802]
[0.484939, 0.484461, 0.487139, 0.490355, 0.491367, 0.489505, 0.48595, 0.484198]
[0.48431, 0.483816, 0.486475, 0.489686, 0.490721, 0.488871, 0.485315, 0.483549]
[0.483714, 0.483237, 0.48591, 0.489115, 0.490123, 0.488258, 0.484701, 0.482951]
[0.483213, 0.482694, 0.485329, 0.488524, 0.48957, 0.487747, 0.484207, 0.482424]
[0.482737, 0.482188, 0.484789, 0.487968, 0.489038, 0.487265, 0.483736, 0.48193]
[0.482253, 0.481688, 0.48428, 0.487468, 0.48856, 0.486793, 0.483258, 0.481436]
[0.481792, 0.481207, 0.483779, 0.486963, 0.488077, 0.486335, 0.482802, 0.480963]
[0.48127, 0.480677, 0.48325, 0.486449, 0.487565, 0.485828, 0.482284, 0.480443]
[0.480738, 0.480133, 0.482697, 0.485903, 0.48704, 0.485314, 0.481769, 0.479907]
[0.480153, 0.479529, 0.482086, 0.485298, 0.486462, 0.484748, 0.4812, 0.479313]
[0.479553, 0.478931, 0.481496, 0.484715, 0.485877, 0.484162, 0.480605, 0.478721]
[0.479001, 0.478352, 0.4809, 0.484131, 0.485323, 0.483629, 0.480063, 0.478157]
[0.478375, 0.477709, 0.480274, 0.483541, 0.484762, 0.483062, 0.479458, 0.477522]
[0.477838, 0.477154, 0.479703, 0.482971, 0.484211, 0.482527, 0.478923, 0.476977]
[0.47726, 0.476573, 0.479128, 0.482408, 0.483667, 0.481982, 0.478364, 0.476408]
[0.476788, 0.47606, 0.478588, 0.481879, 0.483184, 0.481535, 0.477919, 0.475924]
[0.47626, 0.475529, 0.478066, 0.481387, 0.482703, 0.48105, 0.477409, 0.475408]
[0.475702, 0.474963, 0.477506, 0.480842, 0.482179, 0.48052, 0.476871, 0.474851]
[0.475105, 0.474375, 0.476941, 0.4803, 0.481638, 0.479956, 0.476287, 0.474269]
[0.474442, 0.473721, 0.476307, 0.479673, 0.481007, 0.479307, 0.475625, 0.473622]
[0.473754, 0.473058, 0.475673, 0.479054, 0.480367, 0.478633, 0.474937, 0.472947]
[0.473132, 0.47244, 0.475065, 0.478464, 0.479774, 0.478033, 0.474324, 0.47233]
[0.472528, 0.471849, 0.474497, 0.477897, 0.479201, 0.47744, 0.473719, 0.471741]
[0.471986, 0.471306, 0.473951, 0.477347, 0.478657, 0.476893, 0.473175, 0.471198]
[0.471641, 0.470833, 0.473369, 0.476758, 0.478189, 0.476565, 0.472858, 0.470769]
[0.470916, 0.470169, 0.472732, 0.476102, 0.477463, 0.475799, 0.47212, 0.470093]
[0.470065, 0.469424, 0.472076, 0.475449, 0.476697, 0.474914, 0.471236, 0.469295]
[0.469387, 0.468745, 0.471381, 0.474732, 0.47597, 0.474206, 0.470543, 0.468617]
[0.468659, 0.468045, 0.470692, 0.474012, 0.475213, 0.473432, 0.46979, 0.467891]
[0.46801, 0.467372, 0.469968, 0.473262, 0.474481, 0.472744, 0.469129, 0.46722]
[0.467229, 0.466632, 0.46925, 0.472525, 0.473689, 0.47192, 0.468323, 0.466453]
[0.466552, 0.465962, 0.468573, 0.471826, 0.472976, 0.471208, 0.467626, 0.465769]
[0.465931, 0.465349, 0.467952, 0.47119, 0.472331, 0.470562, 0.466986, 0.465142]
[0.465392, 0.464795, 0.467371, 0.470592, 0.47174, 0.469994, 0.46644, 0.464588]
[0.464894, 0.464281, 0.466831, 0.470031, 0.471192, 0.469473, 0.465939, 0.464079]
[0.46437, 0.463754, 0.466289, 0.46948, 0.47064, 0.468932, 0.465415, 0.463556]
[0.463814, 0.463191, 0.465711, 0.468894, 0.470061, 0.468374, 0.464864, 0.463002]
[0.463203, 0.462575, 0.465093, 0.468272, 0.469443, 0.467763, 0.464256, 0.462392]
[0.462602, 0.461968, 0.46448, 0.467658, 0.468834, 0.467168, 0.463656, 0.461782]
[0.461978, 0.461344, 0.463863, 0.467057, 0.468235, 0.46655, 0.463034, 0.461158]
[0.461316, 0.46067, 0.463183, 0.466381, 0.467587, 0.465911, 0.462386, 0.46049]
[0.460689, 0.460019, 0.462525, 0.465737, 0.46696, 0.465312, 0.461771, 0.45985]
[0.460113, 0.459422, 0.461918, 0.465141, 0.466398, 0.464758, 0.461213, 0.459264]
[0.459577, 0.458869, 0.461364, 0.464596, 0.465876, 0.464241, 0.460683, 0.458723]
[0.459102, 0.458372, 0.460856, 0.464101, 0.465399, 0.46379, 0.460219, 0.458245]
[0.458579, 0.457846, 0.460342, 0.463603, 0.464915, 0.463294, 0.459701, 0.45771]
[0.458096, 0.457345, 0.459829, 0.463089, 0.464414, 0.462808, 0.459226, 0.457224]
[0.457499, 0.456756, 0.459244, 0.462516, 0.463838, 0.462224, 0.458628, 0.456631]
[0.456951, 0.456195, 0.458674, 0.461942, 0.46328, 0.461675, 0.458075, 0.456075]
[0.45636, 0.455611, 0.45811, 0.461397, 0.462719, 0.461096, 0.457491, 0.455484]
[0.455701, 0.454966, 0.457481, 0.460775, 0.462097, 0.460447, 0.456822, 0.454819]
[0.455071, 0.454347, 0.456884, 0.460193, 0.461498, 0.459817, 0.456181, 0.454192]
[0.454456, 0.453727, 0.456267, 0.459579, 0.46089, 0.459208, 0.455562, 0.453571]
[0.453835, 0.453113, 0.455665, 0.45899, 0.460295, 0.458595, 0.454942, 0.452953]
[0.453202, 0.452501, 0.455073, 0.458398, 0.459688, 0.457967, 0.454307, 0.452342]
[0.452574, 0.451882, 0.454453, 0.457782, 0.459064, 0.457341, 0.453683, 0.451718]
[0.451932, 0.451238, 0.453804, 0.457118, 0.458399, 0.456685, 0.453044, 0.45109]
[0.451235, 0.450565, 0.453146, 0.456455, 0.457715, 0.455978, 0.45235, 0.45041]
[0.450517, 0.449885, 0.45248, 0.455783, 0.457007, 0.455247, 0.451626, 0.449712]
[0.450021, 0.449275, 0.451785, 0.455079, 0.456413, 0.454778, 0.45115, 0.449149]
[0.449309, 0.448587, 0.4511, 0.454381, 0.455695, 0.454036, 0.450426, 0.448444]
[0.448452, 0.447839, 0.450429, 0.453694, 0.454884, 0.453129, 0.449541, 0.447664]
[0.447806, 0.447212, 0.449796, 0.453042, 0.454205, 0.452447, 0.448884, 0.447028]
[0.447135, 0.446561, 0.449156, 0.452387, 0.45353, 0.451752, 0.448197, 0.446367]
[0.446514, 0.44594, 0.448525, 0.451743, 0.452882, 0.451114, 0.447574, 0.44575]
[0.445888, 0.445321, 0.447896, 0.451091, 0.452218, 0.450466, 0.446945, 0.445132]
[0.445254, 0.444688, 0.447253, 0.450438, 0.451558, 0.449812, 0.446309, 0.444501]
[0.444614, 0.444045, 0.446606, 0.449782, 0.450895, 0.449156, 0.445661, 0.443857]
[0.443975, 0.443418, 0.445982, 0.449154, 0.45026, 0.448512, 0.445021, 0.443222]
[0.443339, 0.442783, 0.445351, 0.448538, 0.449633, 0.447878, 0.444384, 0.442588]
[0.442728, 0.442161, 0.444728, 0.447922, 0.449031, 0.447275, 0.443775, 0.441966]
[0.44212, 0.441552, 0.444143, 0.44736, 0.448478, 0.446701, 0.443165, 0.441344]
[0.441662, 0.441068, 0.443621, 0.446821, 0.447957, 0.446224, 0.442702, 0.440873]
[0.441152, 0.440533, 0.443068, 0.446275, 0.447439, 0.445727, 0.442206, 0.440347]
[0.440562, 0.439944, 0.442496, 0.445716, 0.446878, 0.445148, 0.441615, 0.439747]
[0.439961, 0.439337, 0.441892, 0.445126, 0.446301, 0.44456, 0.441009, 0.439136]
[0.439387, 0.438745, 0.441295, 0.444545, 0.44574, 0.444007, 0.440443, 0.438553]
[0.438765, 0.438123, 0.440695, 0.443961, 0.445161, 0.443412, 0.439826, 0.437929]
[0.438142, 0.437487, 0.44006, 0.44335, 0.444563, 0.442809, 0.439207, 0.437292]
[0.4375, 0.436855, 0.43946, 0.442779, 0.44399, 0.442204, 0.438567, 0.436654]
[0.436983, 0.436305, 0.438888, 0.442215, 0.443469, 0.441705, 0.438059, 0.436119]
[0.436431, 0.435728, 0.438302, 0.441638, 0.442916, 0.441179, 0.437525, 0.435561]
[0.435877, 0.435151, 0.43771, 0.44106, 0.442369, 0.440649, 0.436987, 0.434999]
[0.435236, 0.434509, 0.437074, 0.440438, 0.441756, 0.440028, 0.436356, 0.434358]
[0.434639, 0.433901, 0.436456, 0.43982, 0.441144, 0.439425, 0.435758, 0.43376]
[0.434034, 0.43328, 0.435829, 0.439191, 0.440535, 0.438832, 0.43516, 0.433146]
[0.433464, 0.4327, 0.43524, 0.438603, 0.439953, 0.438263, 0.434592, 0.432571]
[0.432884, 0.432129, 0.434674, 0.438031, 0.439372, 0.43768, 0.434014, 0.432002]
[0.432348, 0.431577, 0.434093, 0.437438, 0.438794, 0.437128, 0.433476, 0.431455]
[0.431795, 0.431031, 0.433533, 0.436854, 0.438197, 0.436545, 0.432925, 0.430908]
[0.43126, 0.430505, 0.432997, 0.436293, 0.437625, 0.435977, 0.432378, 0.430383]
[0.43074, 0.429993, 0.432475, 0.435759, 0.437073, 0.43544, 0.431853, 0.429872]
[0.430213, 0.429484, 0.431973, 0.435239, 0.436534, 0.434888, 0.43132, 0.429353]
[0.429632, 0.428938, 0.431452, 0.434711, 0.435962, 0.43428, 0.430718, 0.428791]
[0.429113, 0.428419, 0.430922, 0.434167, 0.435423, 0.433751, 0.430208, 0.42828]
[0.428831, 0.428021, 0.43042, 0.433657, 0.435046, 0.433507, 0.429953, 0.427928]
[0.428398, 0.427573, 0.429962, 0.433203, 0.434605, 0.433086, 0.429528, 0.427486]
[0.42777, 0.427065, 0.429549, 0.432795, 0.434066, 0.432415, 0.428872, 0.42694]
[0.427304, 0.426606, 0.429087, 0.432317, 0.433579, 0.431937, 0.428406, 0.426479]
[0.426787, 0.426104, 0.428618, 0.431877, 0.43313, 0.431451, 0.427883, 0.425961]
[0.426368, 0.42565, 0.428119, 0.431359, 0.432645, 0.431015, 0.427465, 0.425523]
[0.425855, 0.425143, 0.427618, 0.430858, 0.432135, 0.430501, 0.426954, 0.42501]
[0.425292, 0.424594, 0.427089, 0.430321, 0.431576, 0.429924, 0.426378, 0.424452]
[0.424813, 0.424099, 0.426579, 0.429819, 0.431091, 0.429442, 0.425896, 0.423957]
[0.424349, 0.42363, 0.426117, 0.429372, 0.430647, 0.428992, 0.425428, 0.423482]
[0.423918, 0.423189, 0.425657, 0.42891, 0.430204, 0.428566, 0.425006, 0.423047]
[0.423517, 0.422749, 0.425189, 0.428435, 0.429774, 0.428177, 0.424622, 0.422628]
[0.423009, 0.422248, 0.424677, 0.427909, 0.429241, 0.427652, 0.424109, 0.422132]
[0.422531, 0.421758, 0.424182, 0.427412, 0.428755, 0.427176, 0.423634, 0.421643]
[0.422045, 0.421276, 0.423701, 0.426939, 0.428281, 0.426694, 0.423152, 0.421163]
[0.421573, 0.420813, 0.423238, 0.426477, 0.427806, 0.426205, 0.422667, 0.420688]
[0.421119, 0.420366, 0.422794, 0.426017, 0.427333, 0.425736, 0.422206, 0.420241]
[0.420625, 0.419888, 0.422323, 0.425549, 0.426846, 0.425234, 0.4217, 0.419745]
[0.42011, 0.419391, 0.421847, 0.425072, 0.426357, 0.42472, 0.421183, 0.419237]
[0.419678, 0.418959, 0.421403, 0.424627, 0.425901, 0.424271, 0.420737, 0.418802]
[0.419283, 0.418551, 0.420995, 0.424221, 0.425513, 0.423887, 0.420352, 0.4184]
[0.41886, 0.41815, 0.42062, 0.423857, 0.425128, 0.423472, 0.419924, 0.417985]
[0.418519, 0.417789, 0.42024, 0.423469, 0.424764, 0.423129, 0.419588, 0.417638]
[0.418121, 0.417379, 0.419831, 0.423083, 0.42439, 0.422756, 0.419197, 0.417235]
[0.417665, 0.416921, 0.419382, 0.422636, 0.423954, 0.422307, 0.418739, 0.416774]
[0.41721, 0.416468, 0.418913, 0.422154, 0.423466, 0.42183, 0.418279, 0.416326]
[0.416684, 0.41598, 0.41846, 0.421702, 0.422965, 0.421299, 0.417755, 0.415826]
[0.416154, 0.415468, 0.417962, 0.421206, 0.422458, 0.420771, 0.417222, 0.415303]
[0.415705, 0.415012, 0.417501, 0.420742, 0.422, 0.420317, 0.416772, 0.414855]
[0.415173, 0.414492, 0.417005, 0.420262, 0.42151, 0.419802, 0.416241, 0.414331]
[0.414732, 0.414042, 0.416538, 0.419791, 0.421048, 0.419366, 0.415806, 0.41389]
[0.414266, 0.413565, 0.416057, 0.419315, 0.420591, 0.418913, 0.415355, 0.413424]
[0.413795, 0.413092, 0.415587, 0.418844, 0.420115, 0.418446, 0.414888, 0.412955]
[0.413249, 0.412522, 0.415036, 0.41834, 0.419652, 0.417971, 0.414358, 0.412394]
[0.412765, 0.412037, 0.414537, 0.417831, 0.419138, 0.417465, 0.413876, 0.411915]
[0.412265, 0.411548, 0.414049, 0.417331, 0.418621, 0.416947, 0.413368, 0.411421]
[0.411969, 0.411115, 0.413521, 0.416823, 0.41827, 0.416714, 0.413103, 0.411032]
[0.411321, 0.410507, 0.412936, 0.416231, 0.417631, 0.416042, 0.412445, 0.410411]
[0.410537, 0.409852, 0.412381, 0.415674, 0.41693, 0.415209, 0.411631, 0.409713]
[0.410005, 0.409347, 0.411898, 0.415179, 0.416409, 0.414669, 0.411094, 0.409197]
[0.40957, 0.408897, 0.411427, 0.414702, 0.415952, 0.414234, 0.410668, 0.408762]
[0.409132, 0.408452, 0.410964, 0.414229, 0.415482, 0.413784, 0.410223, 0.408318]
[0.408617, 0.407933, 0.410435, 0.413687, 0.41494, 0.413249, 0.409707, 0.407803]
[0.408081, 0.407386, 0.409878, 0.413129, 0.414399, 0.412716, 0.409172, 0.40726]
[0.407495, 0.40681, 0.409299, 0.412552, 0.413802, 0.412115, 0.40858, 0.406673]
[0.406875, 0.406189, 0.408681, 0.411938, 0.413195, 0.411493, 0.407944, 0.406037]
[0.406342, 0.405647, 0.408109, 0.411334, 0.412579, 0.410911, 0.407402, 0.405499]
[0.405716, 0.405041, 0.407512, 0.410725, 0.411951, 0.410259, 0.406758, 0.404874]
[0.405146, 0.404478, 0.406947, 0.410158, 0.411379, 0.409683, 0.406176, 0.404301]
[0.404658, 0.403973, 0.406405, 0.409591, 0.410821, 0.409164, 0.40568, 0.403798]
[0.404113, 0.403434, 0.405859, 0.409024, 0.410239, 0.40859, 0.405129, 0.403261]
[0.403575, 0.402889, 0.405304, 0.408463, 0.409688, 0.40805, 0.404597, 0.402722]
[0.403076, 0.402365, 0.404746, 0.407888, 0.409139, 0.40754, 0.4041, 0.402211]
[0.402475, 0.401763, 0.404145, 0.407298, 0.408549, 0.406948, 0.403501, 0.401609]
[0.401891, 0.401178, 0.403555, 0.406702, 0.407961, 0.406368, 0.402921, 0.401025]
[0.40134, 0.400598, 0.40296, 0.406121, 0.407415, 0.405841, 0.402385, 0.400459]
[0.400823, 0.400069, 0.402424, 0.40559, 0.406897, 0.405332, 0.401871, 0.399939]
[0.400288, 0.399532, 0.401883, 0.40505, 0.40637, 0.404806, 0.401343, 0.39941]
[0.399844, 0.399054, 0.401378, 0.404541, 0.405892, 0.404374, 0.400918, 0.398956]
[0.399351, 0.398559, 0.400887, 0.404059, 0.405412, 0.403899, 0.400438, 0.398469]
[0.398852, 0.398057, 0.40038, 0.403552, 0.404916, 0.403407, 0.399945, 0.397979]
[0.398322, 0.397536, 0.399879, 0.403075, 0.404437, 0.402901, 0.399423, 0.397453]
[0.397862, 0.39705, 0.399374, 0.402563, 0.403955, 0.402448, 0.398969, 0.396981]
[0.397326, 0.396513, 0.398854, 0.402056, 0.403457, 0.401934, 0.39844, 0.396442]
[0.396744, 0.395944, 0.398307, 0.40153, 0.402914, 0.401358, 0.397849, 0.395867]
[0.39623, 0.395431, 0.397796, 0.401028, 0.402421, 0.400859, 0.397338, 0.395347]
[0.395751, 0.394934, 0.3973, 0.40054, 0.401947, 0.40039, 0.39686, 0.394857]
[0.395289, 0.39447, 0.396822, 0.400068, 0.401475, 0.399935, 0.396401, 0.394388]
[0.394845, 0.394029, 0.396386, 0.399625, 0.401031, 0.399471, 0.395949, 0.393939]
[0.394395, 0.393589, 0.395958, 0.399204, 0.400596, 0.399025, 0.395496, 0.393494]
[0.393941, 0.393126, 0.395488, 0.39873, 0.400127, 0.398566, 0.395029, 0.393032]
[0.393382, 0.392601, 0.395001, 0.398254, 0.399611, 0.397998, 0.394451, 0.392484]
[0.393112, 0.392168, 0.394468, 0.397762, 0.399309, 0.397822, 0.394215, 0.392088]
[0.392563, 0.39161, 0.393927, 0.397257, 0.398822, 0.397305, 0.393659, 0.391515]
[0.392075, 0.391115, 0.393452, 0.396808, 0.398372, 0.396829, 0.393166, 0.391013]
[0.391611, 0.39068, 0.393024, 0.396378, 0.397919, 0.396354, 0.392691, 0.390559]
[0.391204, 0.39028, 0.392635, 0.39599, 0.397514, 0.39594, 0.39228, 0.390159]
[0.390754, 0.389836, 0.392183, 0.395528, 0.397044, 0.395469, 0.391825, 0.389717]
[0.390299, 0.389385, 0.391729, 0.39506, 0.396566, 0.394994, 0.391365, 0.38927]
[0.389671, 0.38886, 0.391242, 0.39451, 0.395896, 0.394275, 0.390721, 0.388725]
[0.389223, 0.388427, 0.390805, 0.394058, 0.395421, 0.393802, 0.390268, 0.388293]
[0.388796, 0.388009, 0.390376, 0.393609, 0.394967, 0.393353, 0.389834, 0.387875]
[0.388375, 0.387594, 0.389956, 0.393176, 0.394517, 0.392914, 0.389411, 0.387461]
[0.38793, 0.38716, 0.389514, 0.392718, 0.394049, 0.392451, 0.388976, 0.387032]
[0.387494, 0.386743, 0.389109, 0.392298, 0.393605, 0.392007, 0.388535, 0.386615]
[0.387149, 0.386392, 0.388739, 0.391907, 0.393217, 0.39163, 0.388189, 0.386271]
[0.386754, 0.386007, 0.38833, 0.39147, 0.392768, 0.391207, 0.387798, 0.385897]
[0.386368, 0.385629, 0.387934, 0.391039, 0.392325, 0.390785, 0.387415, 0.385524]
[0.385966, 0.385234, 0.387539, 0.390636, 0.391913, 0.390367, 0.387004, 0.385125]
[0.385591, 0.384857, 0.387147, 0.390221, 0.391491, 0.389971, 0.386629, 0.38476]
[0.385139, 0.384419, 0.386708, 0.389769, 0.391029, 0.389503, 0.386171, 0.384313]
[0.38475, 0.384033, 0.386315, 0.389375, 0.390625, 0.38911, 0.385779, 0.383926]
[0.384385, 0.383677, 0.385948, 0.388983, 0.390216, 0.388706, 0.385408, 0.383568]
[0.38406, 0.383338, 0.385593, 0.388625, 0.389878, 0.388387, 0.385088, 0.38324]
[0.38368, 0.382971, 0.385236, 0.388259, 0.389496, 0.387996, 0.384702, 0.382864]
[0.383305, 0.382615, 0.384881, 0.387897, 0.389109, 0.387602, 0.384323, 0.382506]
[0.382912, 0.382243, 0.384531, 0.387537, 0.38873, 0.3872, 0.383927, 0.382131]
[0.382526, 0.381851, 0.384139, 0.387145, 0.388335, 0.386812, 0.383534, 0.381735]
[0.38211, 0.381444, 0.383746, 0.386771, 0.387955, 0.386409, 0.383117, 0.381317]
[0.381783, 0.381109, 0.383392, 0.386398, 0.387587, 0.386053, 0.382775, 0.380982]
[0.381474, 0.380801, 0.383075, 0.386075, 0.387265, 0.385741, 0.382468, 0.380668]
[0.38116, 0.380497, 0.382773, 0.385765, 0.386942, 0.385414, 0.382148, 0.380368]
[0.380852, 0.380177, 0.38244, 0.385435, 0.386625, 0.38511, 0.381849, 0.380051]
[0.380543, 0.379868, 0.38213, 0.385113, 0.3863, 0.384795, 0.381542, 0.379751]
[0.380158, 0.379492, 0.381763, 0.38474, 0.385917, 0.3844, 0.38115, 0.379368]
[0.379743, 0.3791, 0.381385, 0.384373, 0.385529, 0.383985, 0.380736, 0.378971]
[0.379388, 0.378741, 0.381024, 0.384017, 0.385174, 0.383637, 0.38038, 0.378606]
[0.379036, 0.378383, 0.380676, 0.383676, 0.384842, 0.383293, 0.380025, 0.378247]
[0.378893, 0.378068, 0.380282, 0.383365, 0.384739, 0.383296, 0.379926, 0.377972]
[0.378496, 0.377718, 0.379952, 0.38301, 0.384322, 0.382847, 0.379516, 0.377612]
[0.377879, 0.377286, 0.379728, 0.382856, 0.383985, 0.382264, 0.378871, 0.377105]
[0.377591, 0.376928, 0.379295, 0.3824, 0.383593, 0.381964, 0.378596, 0.376779]
[0.377292, 0.376612, 0.378956, 0.382052, 0.383262, 0.381654, 0.378298, 0.37647]
[0.376977, 0.376281, 0.378624, 0.381731, 0.382954, 0.381348, 0.377979, 0.376137]
[0.37664, 0.375945, 0.378296, 0.381425, 0.382654, 0.381032, 0.377648, 0.375794]
[0.376324, 0.375602, 0.377947, 0.381092, 0.382346, 0.380735, 0.377335, 0.37546]
[0.376037, 0.375299, 0.377638, 0.380788, 0.38206, 0.38046, 0.377051, 0.375162]
[0.375757, 0.37501, 0.377343, 0.380502, 0.381785, 0.380191, 0.376766, 0.374868]
[0.375526, 0.374757, 0.377058, 0.380202, 0.381499, 0.379943, 0.376539, 0.37463]
[0.37528, 0.374484, 0.376758, 0.379886, 0.381204, 0.379673, 0.376289, 0.374364]
[0.375022, 0.374193, 0.376446, 0.379578, 0.380933, 0.379431, 0.376039, 0.374084]
[0.37471, 0.373905, 0.376187, 0.37934, 0.38067, 0.379129, 0.375719, 0.373781]
[0.374436, 0.373651, 0.375944, 0.379094, 0.380406, 0.378848, 0.375442, 0.373517]
[0.374172, 0.373368, 0.375622, 0.378742, 0.380068, 0.378559, 0.375181, 0.373247]
[0.37384, 0.373033, 0.375278, 0.378386, 0.379712, 0.378211, 0.374844, 0.372914]
[0.373492, 0.372692, 0.374935, 0.378034, 0.379355, 0.377861, 0.374497, 0.372573]
[0.373122, 0.372324, 0.374567, 0.377672, 0.378988, 0.377491, 0.37413, 0.372206]
[0.372752, 0.37192, 0.374161, 0.377288, 0.378647, 0.377162, 0.373767, 0.37181]
[0.372324, 0.371555, 0.373819, 0.376909, 0.378197, 0.376672, 0.373324, 0.371423]
[0.372017, 0.371209, 0.373413, 0.37648, 0.377801, 0.376351, 0.373026, 0.371105]
[0.371595, 0.370838, 0.37309, 0.376156, 0.377429, 0.375928, 0.372607, 0.370724]
[0.371268, 0.370486, 0.372711, 0.375775, 0.377071, 0.375601, 0.372291, 0.370388]
[0.370913, 0.370135, 0.372365, 0.375431, 0.376726, 0.375246, 0.371933, 0.370037]
[0.370521, 0.369776, 0.372033, 0.375091, 0.376347, 0.374837, 0.371532, 0.369669]
[0.370167, 0.369389, 0.371606, 0.374648, 0.375937, 0.374478, 0.371184, 0.369293]
[0.36976, 0.369002, 0.371225, 0.37426, 0.375527, 0.374054, 0.370774, 0.368899]
[0.369391, 0.368644, 0.370879, 0.373914, 0.375162, 0.373684, 0.370401, 0.368536]
[0.369052, 0.368284, 0.370508, 0.373554, 0.374834, 0.373365, 0.37007, 0.368187]
[0.368714, 0.36794, 0.370188, 0.373266, 0.37456, 0.373063, 0.369733, 0.367839]
[0.368439, 0.367642, 0.369841, 0.372891, 0.374203, 0.372765, 0.369467, 0.367554]
[0.368149, 0.367333, 0.36953, 0.372592, 0.373924, 0.372485, 0.369173, 0.367251]
[0.367828, 0.366987, 0.369186, 0.372275, 0.373643, 0.372207, 0.368868, 0.366914]
[0.367455, 0.366609, 0.368805, 0.371902, 0.373275, 0.371836, 0.368492, 0.36653]
[0.367417, 0.366386, 0.368463, 0.371603, 0.373171, 0.37188, 0.368479, 0.366352]
[0.367063, 0.366022, 0.368115, 0.371284, 0.37287, 0.371554, 0.368123, 0.365981]
[0.366293, 0.365481, 0.367808, 0.371029, 0.372383, 0.370781, 0.367313, 0.365359]
[0.365987, 0.365145, 0.367395, 0.370556, 0.37193, 0.37042, 0.367, 0.365031]
[0.365586, 0.364803, 0.367121, 0.370299, 0.371616, 0.370019, 0.366587, 0.364665]
[0.365183, 0.364461, 0.366819, 0.369986, 0.371226, 0.369583, 0.366169, 0.3643]
[0.364812, 0.364096, 0.36643, 0.369564, 0.3708, 0.369172, 0.365788, 0.363937]
[0.364463, 0.363717, 0.366037, 0.369184, 0.370451, 0.368848, 0.365444, 0.363564]
[0.364134, 0.36337, 0.365658, 0.36878, 0.370057, 0.368479, 0.365108, 0.363218]
[0.363777, 0.363027, 0.365309, 0.368418, 0.369673, 0.368101, 0.364743, 0.362876]
[0.363453, 0.36268, 0.364936, 0.368033, 0.369318, 0.367772, 0.364424, 0.362536]
[0.363027, 0.362288, 0.364552, 0.367642, 0.368889, 0.367323, 0.363989, 0.362129]
[0.362571, 0.361855, 0.364137, 0.367207, 0.368429, 0.366842, 0.363517, 0.361687]
[0.362151, 0.361418, 0.363665, 0.366716, 0.367943, 0.366398, 0.363094, 0.361259]
[0.361697, 0.360972, 0.363264, 0.366357, 0.367596, 0.36599, 0.362642, 0.360799]
[0.361274, 0.36056, 0.362816, 0.365863, 0.367073, 0.365507, 0.36221, 0.360386]
[0.360869, 0.36013, 0.362362, 0.365414, 0.366649, 0.365108, 0.361808, 0.359963]
[0.360437, 0.359701, 0.361935, 0.36497, 0.366202, 0.364664, 0.361369, 0.359532]
[0.359944, 0.359236, 0.361462, 0.364467, 0.365655, 0.364113, 0.360859, 0.359055]
[0.359441, 0.358738, 0.360969, 0.363971, 0.36515, 0.363596, 0.360342, 0.358548]
[0.358964, 0.358273, 0.360504, 0.363499, 0.364669, 0.363113, 0.359861, 0.358078]
[0.358525, 0.357892, 0.360148, 0.363105, 0.364205, 0.362616, 0.359402, 0.357675]
[0.358147, 0.35744, 0.359656, 0.362648, 0.363837, 0.362298, 0.359052, 0.357252]
[0.357783, 0.357052, 0.359245, 0.362238, 0.363456, 0.361945, 0.358694, 0.356871]
[0.357379, 0.35672, 0.358947, 0.361905, 0.363036, 0.361477, 0.35827, 0.356522]
[0.357054, 0.356331, 0.358536, 0.36153, 0.362734, 0.361211, 0.357963, 0.356155]
[0.356674, 0.355942, 0.35818, 0.361228, 0.362459, 0.360902, 0.357593, 0.355756]
[0.356361, 0.355637, 0.357856, 0.360871, 0.362087, 0.360544, 0.357271, 0.355457]
[0.356007, 0.355275, 0.357496, 0.360524, 0.361747, 0.3602, 0.356923, 0.355097]
[0.355693, 0.354906, 0.357113, 0.360184, 0.361477, 0.359958, 0.356627, 0.354745]
[0.355369, 0.35462, 0.356853, 0.359914, 0.361167, 0.359614, 0.3563, 0.35445]
[0.355114, 0.354312, 0.356513, 0.359587, 0.360897, 0.359383, 0.356054, 0.354156]
[0.354826, 0.354012, 0.356189, 0.359254, 0.360575, 0.359094, 0.355779, 0.353869]
[0.354462, 0.353674, 0.355876, 0.35894, 0.36023, 0.358717, 0.355405, 0.353529]
[0.354071, 0.353291, 0.355496, 0.358556, 0.359845, 0.35833, 0.355023, 0.353145]
[0.353666, 0.352885, 0.355093, 0.358148, 0.359433, 0.357921, 0.354611, 0.352734]
[0.353566, 0.352608, 0.354658, 0.357706, 0.359173, 0.357842, 0.354538, 0.352518]
[0.352768, 0.352105, 0.354485, 0.357645, 0.358825, 0.357104, 0.353695, 0.3519]
[0.352334, 0.351711, 0.354042, 0.357097, 0.358214, 0.356542, 0.353241, 0.351501]
[0.351962, 0.351361, 0.353737, 0.356812, 0.357909, 0.356196, 0.352873, 0.351146]
[0.351551, 0.350897, 0.353243, 0.356347, 0.357512, 0.355834, 0.35248, 0.350703]
[0.351154, 0.350494, 0.352822, 0.355907, 0.357081, 0.355419, 0.352085, 0.350299]
[0.350725, 0.350044, 0.352344, 0.355415, 0.356597, 0.35497, 0.351653, 0.349856]
[0.350328, 0.349677, 0.352015, 0.355102, 0.356257, 0.354583, 0.351254, 0.349476]
[0.349922, 0.34915, 0.351378, 0.354448, 0.355733, 0.35419, 0.350868, 0.348996]
[0.349528, 0.348764, 0.35101, 0.354097, 0.35537, 0.35381, 0.35047, 0.348602]
[0.349141, 0.348355, 0.350601, 0.353713, 0.355012, 0.353455, 0.350093, 0.348193]
[0.348741, 0.348015, 0.35028, 0.35337, 0.354593, 0.352988, 0.34966, 0.34783]
[0.348348, 0.34764, 0.349884, 0.352913, 0.354099, 0.352526, 0.34926, 0.347458]
[0.347992, 0.347247, 0.349451, 0.35248, 0.353707, 0.352169, 0.348913, 0.347085]
[0.347623, 0.346863, 0.349044, 0.352048, 0.353289, 0.351787, 0.348544, 0.346706]
[0.347266, 0.346478, 0.348651, 0.351681, 0.352957, 0.351463, 0.348196, 0.346327]
[0.346952, 0.346114, 0.348269, 0.351327, 0.35266, 0.351192, 0.347889, 0.345973]
[0.346624, 0.345843, 0.348039, 0.351092, 0.352364, 0.350834, 0.347549, 0.345691]
[0.346257, 0.345516, 0.347679, 0.350658, 0.351866, 0.350362, 0.34715, 0.345345]
[0.345878, 0.345179, 0.347365, 0.350327, 0.351495, 0.349956, 0.34676, 0.344991]
[0.345502, 0.344805, 0.346975, 0.349919, 0.351075, 0.349553, 0.346382, 0.344624]
[0.345163, 0.3444, 0.346491, 0.349401, 0.350619, 0.349193, 0.346045, 0.344239]
[0.344787, 0.344055, 0.346148, 0.349027, 0.350209, 0.348776, 0.345661, 0.343886]
[0.344392, 0.343686, 0.345819, 0.348726, 0.349882, 0.348402, 0.345265, 0.343506]
[0.344071, 0.343334, 0.34543, 0.348315, 0.349508, 0.348066, 0.344941, 0.34316]
[0.343708, 0.343011, 0.345151, 0.348052, 0.349203, 0.34771, 0.34457, 0.342822]
[0.34339, 0.342696, 0.344862, 0.347796, 0.348955, 0.347437, 0.344256, 0.34249]
[0.343098, 0.342402, 0.344543, 0.347441, 0.348591, 0.347101, 0.34396, 0.342203]
[0.342829, 0.342131, 0.34429, 0.347224, 0.348387, 0.34687, 0.343693, 0.341932]
[0.342553, 0.341803, 0.343912, 0.346832, 0.348048, 0.346594, 0.343428, 0.341623]
[0.342255, 0.341561, 0.343707, 0.346613, 0.347756, 0.346258, 0.343114, 0.341363]
[0.341981, 0.341265, 0.343403, 0.346328, 0.347502, 0.346012, 0.34285, 0.341077]
[0.341672, 0.340966, 0.343113, 0.346039, 0.347216, 0.345712, 0.342539, 0.340769]
[0.341383, 0.340711, 0.342884, 0.345805, 0.34694, 0.345409, 0.342248, 0.340506]
[0.341066, 0.340322, 0.342432, 0.34535, 0.346557, 0.345105, 0.341937, 0.340142]
[0.341042, 0.34008, 0.341995, 0.3449, 0.34633, 0.345111, 0.341953, 0.339975]
[0.340796, 0.3398, 0.341709, 0.344636, 0.346111, 0.344897, 0.341712, 0.339708]
[0.339925, 0.339242, 0.341341, 0.344186, 0.345307, 0.343858, 0.340776, 0.339064]
[0.339539, 0.338839, 0.340899, 0.343701, 0.344852, 0.343447, 0.340402, 0.338676]
[0.339109, 0.33841, 0.340505, 0.343355, 0.344512, 0.343065, 0.339969, 0.338235]
[0.338735, 0.338027, 0.340086, 0.342906, 0.344058, 0.342648, 0.339591, 0.337861]
[0.338377, 0.337687, 0.339756, 0.342559, 0.343689, 0.342273, 0.339226, 0.337519]
[0.338049, 0.337367, 0.339456, 0.342276, 0.343406, 0.341965, 0.338899, 0.337191]
[0.337716, 0.337026, 0.339059, 0.34182, 0.342931, 0.341553, 0.338557, 0.33686]
[0.337294, 0.336653, 0.338721, 0.341483, 0.342551, 0.341127, 0.338128, 0.336477]
[0.336921, 0.336322, 0.3384, 0.341127, 0.342144, 0.340697, 0.337738, 0.336136]
[0.33656, 0.33601, 0.338141, 0.340878, 0.341859, 0.340355, 0.337376, 0.335799]
[0.336283, 0.335682, 0.337758, 0.340481, 0.341503, 0.340061, 0.337094, 0.335482]
[0.335936, 0.335358, 0.337486, 0.34026, 0.341276, 0.339766, 0.336749, 0.335146]
[0.335623, 0.335065, 0.337206, 0.339965, 0.34096, 0.339436, 0.33643, 0.334845]
[0.335337, 0.334807, 0.336972, 0.339737, 0.340693, 0.339139, 0.336133, 0.334566]
[0.335127, 0.334533, 0.336656, 0.339434, 0.340464, 0.338964, 0.33593, 0.334305]
[0.334799, 0.334256, 0.336409, 0.33917, 0.340141, 0.338592, 0.335583, 0.334005]
[0.334522, 0.333998, 0.336122, 0.338832, 0.339773, 0.338244, 0.335293, 0.333753]
[0.334219, 0.333713, 0.335812, 0.338474, 0.339379, 0.337882, 0.334976, 0.333463]
[0.333922, 0.333443, 0.335553, 0.338207, 0.339086, 0.337566, 0.334673, 0.333189]
[0.333663, 0.333179, 0.335307, 0.337985, 0.338877, 0.33734, 0.334423, 0.332922]
[0.333432, 0.332918, 0.335028, 0.337702, 0.338625, 0.337124, 0.334202, 0.332673]
[0.333182, 0.332626, 0.334714, 0.337417, 0.33839, 0.33691, 0.333968, 0.332401]
[0.332927, 0.332408, 0.334547, 0.337274, 0.338213, 0.336679, 0.333712, 0.332167]
[0.332658, 0.332137, 0.334214, 0.336872, 0.337799, 0.336331, 0.333442, 0.331914]
[0.332439, 0.331874, 0.333896, 0.336521, 0.337483, 0.336095, 0.333237, 0.331679]
[0.332244, 0.331647, 0.333667, 0.336322, 0.337333, 0.335947, 0.333061, 0.331472]
[0.332046, 0.331455, 0.333481, 0.33614, 0.337148, 0.33576, 0.332868, 0.331277]
[0.33182, 0.331264, 0.333328, 0.335998, 0.336975, 0.335544, 0.332636, 0.331075]
[0.331626, 0.331054, 0.333107, 0.335787, 0.336777, 0.335356, 0.332448, 0.330868]
[0.331452, 0.330861, 0.332901, 0.335581, 0.336592, 0.335195, 0.332281, 0.330684]
[0.331279, 0.330688, 0.332751, 0.335455, 0.336471, 0.335048, 0.332117, 0.33051]
[0.331094, 0.330493, 0.332512, 0.335175, 0.336198, 0.334817, 0.33192, 0.330315]
[0.330951, 0.330312, 0.332336, 0.335047, 0.336118, 0.334738, 0.33179, 0.330149]
[0.330782, 0.330148, 0.332199, 0.334931, 0.335998, 0.33459, 0.331621, 0.329975]
[0.330744, 0.329991, 0.331901, 0.334579, 0.335757, 0.334514, 0.331594, 0.329864]
[0.330656, 0.329833, 0.331724, 0.334455, 0.335721, 0.334499, 0.331523, 0.329721]
[0.330186, 0.329517, 0.331535, 0.33427, 0.335367, 0.333991, 0.331026, 0.329357]
[0.329942, 0.329284, 0.331416, 0.334278, 0.335412, 0.333909, 0.330791, 0.329089]
[0.329743, 0.329049, 0.331188, 0.334097, 0.335268, 0.333761, 0.330594, 0.328845]
[0.329535, 0.328841, 0.330975, 0.333878, 0.335039, 0.333526, 0.330365, 0.328623]
[0.329301, 0.328635, 0.330806, 0.333722, 0.33485, 0.333292, 0.330121, 0.328404]
[0.329054, 0.328408, 0.330572, 0.333464, 0.334565, 0.333003, 0.329853, 0.328158]
[0.328769, 0.328173, 0.330328, 0.333153, 0.334182, 0.332615, 0.329541, 0.327909]
[0.328492, 0.327814, 0.329933, 0.332807, 0.333932, 0.332417, 0.329289, 0.327573]
[0.328203, 0.327512, 0.329614, 0.332472, 0.333606, 0.332105, 0.32899, 0.327269]
[0.327939, 0.327221, 0.32925, 0.332048, 0.333193, 0.331772, 0.328719, 0.326991]
[0.327637, 0.327013, 0.3291, 0.331875, 0.332916, 0.331413, 0.328397, 0.32676]
[0.327383, 0.326726, 0.328744, 0.331455, 0.332515, 0.331099, 0.328142, 0.326495]
[0.327172, 0.326456, 0.328457, 0.331213, 0.332346, 0.330954, 0.327946, 0.326237]
[0.326928, 0.326182, 0.328205, 0.331022, 0.332199, 0.330787, 0.327715, 0.325958]
[0.326688, 0.325938, 0.327985, 0.330837, 0.332025, 0.330581, 0.327471, 0.3257]
[0.326406, 0.325714, 0.327731, 0.330486, 0.331585, 0.330161, 0.327153, 0.325458]
[0.326154, 0.325427, 0.32739, 0.330114, 0.331244, 0.329887, 0.32691, 0.325199]
[0.32584, 0.325128, 0.327078, 0.329772, 0.330876, 0.329526, 0.326591, 0.324904]
[0.325442, 0.324772, 0.326706, 0.329342, 0.330394, 0.329052, 0.32618, 0.324541]
[0.325101, 0.32444, 0.326362, 0.328969, 0.330003, 0.328684, 0.325838, 0.324215]
[0.324738, 0.324106, 0.326047, 0.328648, 0.329651, 0.328311, 0.325476, 0.323879]
[0.324398, 0.323795, 0.325776, 0.328401, 0.329385, 0.327995, 0.325133, 0.323561]
[0.324062, 0.32344, 0.325386, 0.327984, 0.328989, 0.327633, 0.324792, 0.323206]
[0.323718, 0.323096, 0.324986, 0.327517, 0.328502, 0.327215, 0.324452, 0.322879]
[0.323407, 0.322777, 0.32466, 0.327199, 0.328196, 0.326916, 0.324146, 0.322564]
[0.323095, 0.322459, 0.324345, 0.326889, 0.327897, 0.326615, 0.323837, 0.322248]
[0.322776, 0.322134, 0.324037, 0.326614, 0.32763, 0.326333, 0.323531, 0.321925]
[0.322461, 0.321819, 0.323725, 0.326291, 0.327307, 0.326015, 0.323216, 0.321618]
[0.322151, 0.321561, 0.323518, 0.326103, 0.32707, 0.325711, 0.3229, 0.321346]
[0.321851, 0.321181, 0.323088, 0.325695, 0.326756, 0.325459, 0.322624, 0.320993]
[0.321512, 0.320852, 0.322834, 0.325524, 0.326593, 0.325216, 0.322291, 0.320642]
[0.321241, 0.320518, 0.322473, 0.325191, 0.326332, 0.324995, 0.322033, 0.320322]
[0.320924, 0.320196, 0.322117, 0.324802, 0.325937, 0.324627, 0.321708, 0.320008]
[0.320601, 0.31994, 0.321941, 0.324646, 0.325705, 0.32431, 0.321373, 0.319728]
[0.320498, 0.319639, 0.321425, 0.324076, 0.325341, 0.324187, 0.321293, 0.319492]
[0.320077, 0.319274, 0.321032, 0.323585, 0.324773, 0.323649, 0.320862, 0.319131]
[0.31968, 0.318929, 0.320693, 0.323206, 0.324327, 0.323192, 0.320456, 0.318786]
[0.319376, 0.318639, 0.320409, 0.322915, 0.324022, 0.322882, 0.32015, 0.318494]
[0.319126, 0.318382, 0.320134, 0.322626, 0.323741, 0.322618, 0.319897, 0.318236]
[0.318881, 0.31814, 0.319884, 0.322367, 0.323477, 0.322365, 0.31966, 0.318001]
[0.318664, 0.317918, 0.31966, 0.322131, 0.323243, 0.322138, 0.319438, 0.317786]
[0.318437, 0.317696, 0.319421, 0.321874, 0.32298, 0.321894, 0.31921, 0.317556]
[0.318206, 0.31747, 0.319184, 0.321621, 0.322723, 0.321645, 0.318979, 0.317337]
[0.317971, 0.317235, 0.31895, 0.321387, 0.322484, 0.321416, 0.318745, 0.317101]
[0.317708, 0.316986, 0.318714, 0.321157, 0.322234, 0.321144, 0.318475, 0.316847]
[0.317471, 0.316751, 0.318482, 0.32092, 0.322002, 0.320909, 0.318241, 0.316605]
[0.317246, 0.316517, 0.318242, 0.320675, 0.321766, 0.32068, 0.318015, 0.316377]
[0.31703, 0.316303, 0.31802, 0.32045, 0.321541, 0.320464, 0.317796, 0.316164]
[0.3168, 0.316079, 0.317804, 0.320233, 0.32132, 0.320229, 0.317568, 0.315941]
[0.316566, 0.315821, 0.317536, 0.319984, 0.321098, 0.320021, 0.317342, 0.315688]
[0.316313, 0.31557, 0.317275, 0.319711, 0.320816, 0.319751, 0.317087, 0.315435]
[0.316062, 0.31533, 0.317026, 0.319438, 0.320534, 0.319477, 0.316832, 0.3152]
[0.315823, 0.315088, 0.316773, 0.319178, 0.320278, 0.319231, 0.316596, 0.314966]
[0.315534, 0.31481, 0.316505, 0.318904, 0.319994, 0.318943, 0.316312, 0.314689]
[0.315236, 0.314521, 0.316215, 0.318611, 0.31969, 0.318635, 0.316014, 0.314401]
[0.314951, 0.314239, 0.315945, 0.318346, 0.319427, 0.318357, 0.315729, 0.314118]
[0.314702, 0.313992, 0.315695, 0.318092, 0.319179, 0.318117, 0.315482, 0.313872]
[0.314412, 0.313717, 0.315419, 0.317804, 0.318865, 0.317801, 0.315182, 0.31359]
[0.314132, 0.313449, 0.315154, 0.317525, 0.318568, 0.317502, 0.314898, 0.313325]
[0.313834, 0.313171, 0.314892, 0.317268, 0.318291, 0.317193, 0.314596, 0.313032]
[0.313576, 0.31291, 0.314636, 0.317012, 0.318037, 0.316943, 0.314337, 0.312773]
[0.31328, 0.312621, 0.314333, 0.316695, 0.31771, 0.316621, 0.314034, 0.31248]
[0.312931, 0.312287, 0.313998, 0.316344, 0.317341, 0.316243, 0.313672, 0.31214]
[0.312559, 0.311928, 0.313634, 0.315955, 0.31693, 0.31584, 0.31329, 0.311774]
[0.31218, 0.311571, 0.313271, 0.315567, 0.316517, 0.315425, 0.312897, 0.31141]
[0.311793, 0.3112, 0.312893, 0.315166, 0.316087, 0.314995, 0.312497, 0.311031]
[0.311418, 0.310831, 0.312519, 0.314775, 0.315686, 0.314594, 0.312109, 0.310656]
[0.311062, 0.310476, 0.312162, 0.314413, 0.315322, 0.314236, 0.311752, 0.310296]
[0.310673, 0.31009, 0.311783, 0.314039, 0.314953, 0.313857, 0.311365, 0.309908]
[0.310334, 0.309742, 0.311423, 0.313684, 0.314597, 0.313511, 0.311024, 0.309563]
[0.310075, 0.309437, 0.311078, 0.313331, 0.314296, 0.313258, 0.310773, 0.309279]
[0.309764, 0.309084, 0.310737, 0.313036, 0.314057, 0.313015, 0.310468, 0.308924]
[0.30932, 0.308689, 0.310347, 0.312613, 0.313564, 0.312514, 0.310021, 0.308527]
[0.308933, 0.308329, 0.309996, 0.312245, 0.313174, 0.312104, 0.309631, 0.30817]
[0.308615, 0.308002, 0.309661, 0.311908, 0.31284, 0.311791, 0.309315, 0.307845]
[0.308288, 0.307676, 0.309331, 0.311575, 0.312517, 0.311468, 0.308992, 0.307515]
[0.30797, 0.307355, 0.309016, 0.311264, 0.312217, 0.311163, 0.308685, 0.307204]
[0.307688, 0.307054, 0.308708, 0.310967, 0.311933, 0.310894, 0.308407, 0.306909]
[0.307425, 0.306785, 0.308432, 0.310698, 0.311677, 0.310645, 0.308148, 0.306646]
[0.307159, 0.306508, 0.308152, 0.310418, 0.311407, 0.31038, 0.307886, 0.306374]
[0.306909, 0.30624, 0.307873, 0.310149, 0.311166, 0.310157, 0.307647, 0.306117]
[0.306608, 0.305932, 0.307566, 0.309853, 0.31087, 0.309858, 0.30735, 0.305811]
[0.306322, 0.30563, 0.30726, 0.309552, 0.31059, 0.309582, 0.307064, 0.305515]
[0.306031, 0.305339, 0.306971, 0.309273, 0.310313, 0.309301, 0.306772, 0.305218]
[0.305766, 0.305061, 0.306685, 0.308989, 0.310043, 0.309042, 0.306514, 0.304951]
[0.305476, 0.304767, 0.306376, 0.308675, 0.309741, 0.308748, 0.306225, 0.304652]
[0.305151, 0.30445, 0.306064, 0.308357, 0.309408, 0.308413, 0.305892, 0.304337]
[0.304844, 0.304154, 0.305771, 0.308063, 0.309099, 0.308093, 0.305581, 0.30403]
[0.304545, 0.30385, 0.305466, 0.307754, 0.308791, 0.307789, 0.305281, 0.30373]
[0.30422, 0.30354, 0.305171, 0.307462, 0.308492, 0.307471, 0.304951, 0.303408]
[0.30391, 0.303228, 0.304859, 0.307159, 0.308187, 0.307167, 0.30464, 0.303093]
[0.303611, 0.302931, 0.304577, 0.30688, 0.307903, 0.306869, 0.304335, 0.302798]
[0.303354, 0.30267, 0.304305, 0.306613, 0.307642, 0.306616, 0.304083, 0.302535]
[0.303112, 0.302425, 0.304056, 0.306356, 0.307388, 0.306357, 0.303834, 0.302285]
[0.302804, 0.302142, 0.303787, 0.306091, 0.307099, 0.306048, 0.303524, 0.301993]
[0.302562, 0.30189, 0.303527, 0.305821, 0.306833, 0.305799, 0.303283, 0.301751]
[0.302272, 0.301623, 0.303276, 0.305568, 0.306564, 0.305504, 0.302991, 0.301476]
[0.30201, 0.301377, 0.303032, 0.30531, 0.306289, 0.305228, 0.302729, 0.301229]
[0.301722, 0.30111, 0.302773, 0.305038, 0.305994, 0.304926, 0.302434, 0.300955]
[0.30146, 0.300853, 0.302511, 0.304775, 0.305724, 0.304653, 0.302171, 0.3007]
[0.301167, 0.300573, 0.302236, 0.304486, 0.305423, 0.304349, 0.301878, 0.300422]
[0.300871, 0.300292, 0.301959, 0.304202, 0.305125, 0.304046, 0.301579, 0.300136]
[0.300602, 0.300015, 0.301675, 0.303918, 0.304849, 0.303783, 0.301324, 0.299873]
[0.300327, 0.299733, 0.301386, 0.303626, 0.304563, 0.30351, 0.301058, 0.299602]
[0.300066, 0.299463, 0.30111, 0.303358, 0.304308, 0.30326, 0.300802, 0.299335]
[0.29981, 0.299174, 0.300801, 0.303054, 0.304042, 0.303027, 0.300559, 0.299062]
[0.29963, 0.298893, 0.300492, 0.302802, 0.303901, 0.302937, 0.3004, 0.298797]
[0.29929, 0.298589, 0.30018, 0.302456, 0.303511, 0.302548, 0.300061, 0.298501]
[0.298913, 0.2983, 0.299956, 0.302228, 0.30319, 0.302144, 0.299664, 0.298184]
[0.298647, 0.298004, 0.29963, 0.301888, 0.302874, 0.301873, 0.299404, 0.297901]
[0.298349, 0.297697, 0.299314, 0.301569, 0.302565, 0.301571, 0.299107, 0.297598]
[0.298061, 0.297403, 0.299019, 0.301269, 0.302266, 0.301278, 0.298816, 0.297302]
[0.297772, 0.297118, 0.298729, 0.300983, 0.301977, 0.300982, 0.298519, 0.297012]
[0.297477, 0.296849, 0.298483, 0.300737, 0.301708, 0.300683, 0.298216, 0.296732]
[0.297225, 0.29657, 0.298192, 0.300455, 0.301445, 0.300437, 0.297967, 0.296458]
[0.296961, 0.296303, 0.297932, 0.300192, 0.301192, 0.300182, 0.297703, 0.296189]
[0.296706, 0.296038, 0.297664, 0.299938, 0.300947, 0.299936, 0.297447, 0.295926]
[0.296468, 0.295763, 0.297363, 0.299641, 0.300682, 0.299703, 0.297207, 0.295658]
[0.29617, 0.295484, 0.297097, 0.299378, 0.300404, 0.299408, 0.29691, 0.295375]
[0.2959, 0.295209, 0.296816, 0.2991, 0.300129, 0.29913, 0.296632, 0.295088]
[0.295598, 0.294916, 0.296527, 0.298803, 0.299827, 0.298819, 0.296325, 0.294788]
[0.295286, 0.294621, 0.296241, 0.298514, 0.299514, 0.298485, 0.295998, 0.294477]
[0.294954, 0.294306, 0.295932, 0.298197, 0.299171, 0.298132, 0.295652, 0.294159]
[0.294631, 0.294015, 0.295655, 0.297898, 0.298837, 0.297779, 0.295315, 0.293851]
[0.294361, 0.293743, 0.295374, 0.297606, 0.298542, 0.297488, 0.295037, 0.293571]
[0.294093, 0.293493, 0.295131, 0.297355, 0.298268, 0.2972, 0.29476, 0.293316]
[0.293855, 0.293258, 0.294891, 0.297105, 0.298014, 0.296951, 0.294519, 0.293081]
[0.293635, 0.29304, 0.294666, 0.296867, 0.297764, 0.296711, 0.294291, 0.292862]
[0.29338, 0.292792, 0.294404, 0.296583, 0.297473, 0.296424, 0.294023, 0.292607]
[0.293145, 0.292569, 0.294171, 0.296327, 0.297199, 0.29616, 0.293779, 0.292375]
[0.292893, 0.29235, 0.293963, 0.296097, 0.296932, 0.295873, 0.293517, 0.292146]
[0.292681, 0.292135, 0.29373, 0.295855, 0.296681, 0.295639, 0.293296, 0.291931]
[0.292467, 0.291925, 0.293511, 0.295614, 0.296437, 0.295402, 0.293077, 0.291719]
[0.292227, 0.291721, 0.293329, 0.295424, 0.296207, 0.295143, 0.292832, 0.291504]
[0.292029, 0.291525, 0.293123, 0.29521, 0.295991, 0.294931, 0.292625, 0.291301]
[0.291852, 0.291341, 0.292923, 0.294987, 0.295765, 0.294731, 0.292447, 0.291126]
[0.291654, 0.291154, 0.292737, 0.294785, 0.29555, 0.294517, 0.292246, 0.290937]
[0.291455, 0.290956, 0.292526, 0.294562, 0.295323, 0.294298, 0.292046, 0.29074]
[0.291242, 0.290752, 0.292319, 0.294346, 0.295101, 0.294077, 0.291835, 0.290543]
[0.291032, 0.290543, 0.292113, 0.294135, 0.294885, 0.293868, 0.291626, 0.290334]
[0.290795, 0.290305, 0.291872, 0.293893, 0.294646, 0.293627, 0.291393, 0.290108]
[0.290566, 0.290079, 0.29164, 0.293654, 0.294413, 0.293399, 0.291169, 0.28988]
[0.290463, 0.289883, 0.291383, 0.293418, 0.294278, 0.293345, 0.291093, 0.289716]
[0.290279, 0.289668, 0.291174, 0.29325, 0.29415, 0.293219, 0.290913, 0.289499]
[0.289933, 0.289395, 0.290926, 0.292956, 0.293769, 0.292801, 0.290562, 0.289228]
[0.289654, 0.289149, 0.290696, 0.29272, 0.293498, 0.292501, 0.290276, 0.288978]
[0.289384, 0.288908, 0.290479, 0.292503, 0.293259, 0.292236, 0.290007, 0.288727]
[0.289135, 0.288652, 0.290219, 0.292245, 0.293003, 0.291991, 0.289762, 0.288481]
[0.288862, 0.288382, 0.289946, 0.291967, 0.292729, 0.291715, 0.289486, 0.288211]
[0.288578, 0.28811, 0.289683, 0.291701, 0.292454, 0.291433, 0.289207, 0.287941]
[0.288307, 0.287827, 0.289393, 0.291425, 0.292188, 0.291173, 0.288937, 0.287661]
[0.288049, 0.287564, 0.289126, 0.29115, 0.291917, 0.290907, 0.288678, 0.287395]
[0.287821, 0.287321, 0.288866, 0.290886, 0.29167, 0.290682, 0.288462, 0.287163]
[0.287574, 0.287066, 0.2886, 0.290619, 0.291408, 0.290433, 0.288216, 0.286913]
[0.287323, 0.286804, 0.288337, 0.29036, 0.29116, 0.290191, 0.287968, 0.286655]
[0.287074, 0.286548, 0.288072, 0.290102, 0.290916, 0.289951, 0.287724, 0.2864]
[0.286799, 0.286281, 0.287801, 0.289817, 0.290621, 0.289657, 0.287447, 0.286136]
[0.286526, 0.286, 0.287513, 0.289523, 0.290331, 0.28938, 0.287173, 0.285864]
[0.286239, 0.285743, 0.287278, 0.289288, 0.290065, 0.289086, 0.28688, 0.28559]
[0.285997, 0.285496, 0.287018, 0.28902, 0.289796, 0.28883, 0.286634, 0.285347]
[0.285779, 0.285275, 0.286781, 0.288773, 0.289563, 0.288604, 0.286418, 0.285124]
[0.285564, 0.285064, 0.286569, 0.288545, 0.28932, 0.288369, 0.286195, 0.284913]
[0.285351, 0.284858, 0.286361, 0.288332, 0.289095, 0.288144, 0.285979, 0.284706]
[0.28513, 0.284661, 0.286176, 0.288141, 0.288883, 0.287908, 0.285749, 0.284501]
[0.284927, 0.284466, 0.285986, 0.287944, 0.288675, 0.287693, 0.285538, 0.284296]
[0.284752, 0.284278, 0.285781, 0.287738, 0.288485, 0.287522, 0.285367, 0.284113]
[0.284549, 0.284083, 0.2856, 0.287558, 0.288295, 0.287312, 0.285157, 0.283914]
[0.284344, 0.283901, 0.285434, 0.28739, 0.288101, 0.287099, 0.284949, 0.283727]
[0.284175, 0.283735, 0.285268, 0.287226, 0.287935, 0.286932, 0.284776, 0.283552]
[0.284017, 0.283567, 0.285088, 0.287045, 0.287766, 0.28677, 0.284619, 0.283386]
[0.283853, 0.283386, 0.284902, 0.286863, 0.287602, 0.286622, 0.284461, 0.283215]
[0.283665, 0.283205, 0.284731, 0.286697, 0.287429, 0.286441, 0.284276, 0.283037]
[0.283473, 0.283025, 0.284567, 0.286544, 0.287267, 0.286257, 0.284086, 0.282851]
[0.283321, 0.282849, 0.284378, 0.286352, 0.287096, 0.286105, 0.283935, 0.282683]
[0.283176, 0.282686, 0.2842, 0.286182, 0.286949, 0.285976, 0.283796, 0.282528]
[0.282979, 0.282507, 0.284035, 0.286028, 0.286781, 0.285786, 0.283598, 0.282339]
[0.282804, 0.282327, 0.283866, 0.285871, 0.286623, 0.285622, 0.283429, 0.282162]
[0.282639, 0.282162, 0.283705, 0.285711, 0.286468, 0.285467, 0.283267, 0.281997]
[0.282642, 0.282039, 0.283531, 0.285602, 0.286507, 0.285573, 0.28329, 0.281888]
[0.282451, 0.281877, 0.283368, 0.285409, 0.286275, 0.285344, 0.283103, 0.281741]
[0.282223, 0.281716, 0.283244, 0.285263, 0.286053, 0.285076, 0.282864, 0.281569]
[0.282065, 0.281544, 0.283053, 0.285057, 0.28586, 0.284903, 0.282701, 0.281402]
[0.281903, 0.281381, 0.28289, 0.284887, 0.285692, 0.284743, 0.282542, 0.281235]
[0.281751, 0.281227, 0.282728, 0.284728, 0.285535, 0.284587, 0.282391, 0.281085]
[0.281595, 0.281081, 0.282583, 0.284573, 0.285365, 0.284416, 0.282227, 0.280932]
[0.28145, 0.280929, 0.282416, 0.2844, 0.285204, 0.284261, 0.282085, 0.280785]
[0.281265, 0.280758, 0.282251, 0.284235, 0.285018, 0.284066, 0.281894, 0.28061]
[0.281102, 0.280594, 0.282093, 0.284072, 0.28485, 0.283907, 0.281736, 0.280451]
[0.280923, 0.280447, 0.281971, 0.283952, 0.284699, 0.283718, 0.281547, 0.280289]
[0.280798, 0.280293, 0.281785, 0.283758, 0.284542, 0.283597, 0.28143, 0.280146]
[0.280651, 0.280152, 0.281652, 0.283625, 0.284398, 0.283447, 0.281281, 0.280004]
[0.280507, 0.279994, 0.281487, 0.283465, 0.284255, 0.283314, 0.281138, 0.279852]
[0.280336, 0.279825, 0.281317, 0.283292, 0.284078, 0.283137, 0.280969, 0.279682]
[0.280167, 0.279669, 0.281164, 0.283132, 0.283907, 0.282957, 0.280797, 0.279523]
[0.280019, 0.279515, 0.281007, 0.282975, 0.283754, 0.282807, 0.280647, 0.279368]
[0.279848, 0.279364, 0.28087, 0.282837, 0.283596, 0.282633, 0.280471, 0.279215]
[0.279675, 0.279195, 0.280705, 0.282674, 0.283427, 0.282459, 0.280295, 0.279042]
[0.279516, 0.279033, 0.280549, 0.282522, 0.283278, 0.282309, 0.280141, 0.27888]
[0.279363, 0.278883, 0.280396, 0.282372, 0.283125, 0.282151, 0.279988, 0.27873]
[0.27924, 0.27874, 0.280235, 0.282208, 0.282981, 0.282034, 0.27987, 0.278589]
[0.27909, 0.278599, 0.280103, 0.282073, 0.282837, 0.281876, 0.279714, 0.278453]
[0.278961, 0.278457, 0.279946, 0.281922, 0.282696, 0.281754, 0.279593, 0.278313]
[0.278802, 0.278291, 0.27978, 0.281752, 0.282537, 0.281597, 0.279432, 0.278148]
[0.278655, 0.278126, 0.279611, 0.281593, 0.282395, 0.281464, 0.279287, 0.277983]
[0.278522, 0.277977, 0.279435, 0.28141, 0.282227, 0.281323, 0.279155, 0.277841]
[0.278353, 0.277812, 0.279274, 0.281242, 0.282055, 0.281147, 0.27898, 0.277674]
[0.278164, 0.277628, 0.279095, 0.281071, 0.281877, 0.280958, 0.278795, 0.277486]
[0.277999, 0.277456, 0.278918, 0.280893, 0.281706, 0.280798, 0.278635, 0.277321]
[0.277836, 0.277286, 0.27874, 0.28071, 0.281528, 0.280631, 0.278469, 0.27715]
[0.27764, 0.277096, 0.278555, 0.280523, 0.281334, 0.28043, 0.278269, 0.276958]
[0.277417, 0.276892, 0.278359, 0.280327, 0.281118, 0.280194, 0.278045, 0.276751]
[0.277223, 0.276673, 0.278118, 0.280079, 0.2809, 0.280009, 0.277855, 0.276542]
[0.276979, 0.276462, 0.277937, 0.2799, 0.280685, 0.279753, 0.277598, 0.276316]
[0.276748, 0.276221, 0.277678, 0.279632, 0.280422, 0.279511, 0.277368, 0.276077]
[0.276597, 0.276009, 0.277421, 0.279384, 0.280243, 0.279381, 0.277221, 0.275878]
[0.276425, 0.275801, 0.277215, 0.279211, 0.280104, 0.279242, 0.277041, 0.275661]
[0.2761, 0.275542, 0.27696, 0.278892, 0.279709, 0.278834, 0.276703, 0.275395]
[0.275857, 0.275321, 0.276741, 0.278658, 0.279443, 0.278564, 0.276453, 0.275164]
[0.275621, 0.275093, 0.276516, 0.278429, 0.279207, 0.278318, 0.276211, 0.274934]
[0.275376, 0.274844, 0.276254, 0.278158, 0.278945, 0.278067, 0.275964, 0.274682]
[0.275133, 0.274601, 0.27601, 0.277911, 0.278696, 0.277818, 0.275724, 0.274445]
[0.274922, 0.274376, 0.275771, 0.277677, 0.278476, 0.277615, 0.275514, 0.274218]
[0.274681, 0.274131, 0.275528, 0.277434, 0.278237, 0.277373, 0.275275, 0.273982]
[0.274443, 0.273876, 0.275261, 0.277166, 0.277987, 0.277148, 0.275044, 0.273734]
[0.274185, 0.273624, 0.275013, 0.276922, 0.277749, 0.276895, 0.27479, 0.273488]
[0.273948, 0.273377, 0.274764, 0.276681, 0.277511, 0.276666, 0.274557, 0.273243]
[0.27368, 0.273121, 0.274517, 0.276436, 0.277254, 0.276394, 0.274286, 0.272981]
[0.273429, 0.272874, 0.274276, 0.276195, 0.277014, 0.276154, 0.274042, 0.27274]
[0.273212, 0.272643, 0.274038, 0.275969, 0.276807, 0.275957, 0.273837, 0.27251]
[0.27301, 0.27243, 0.273814, 0.275742, 0.276592, 0.275752, 0.273634, 0.272305]
[0.272788, 0.272209, 0.273599, 0.27553, 0.276377, 0.275539, 0.27342, 0.272094]
[0.272556, 0.271993, 0.273389, 0.275323, 0.276161, 0.27531, 0.27319, 0.271873]
[0.272364, 0.271784, 0.273167, 0.2751, 0.275956, 0.275124, 0.273006, 0.271678]
[0.272164, 0.271592, 0.27298, 0.274909, 0.275759, 0.274922, 0.272806, 0.271483]
[0.271971, 0.271407, 0.272803, 0.274728, 0.275568, 0.274724, 0.272611, 0.271301]
[0.271785, 0.271229, 0.272638, 0.27457, 0.275402, 0.274545, 0.272429, 0.271125]
[0.27161, 0.271063, 0.272468, 0.274398, 0.275225, 0.274366, 0.272252, 0.270949]
[0.271408, 0.27087, 0.272288, 0.274228, 0.27505, 0.274178, 0.272059, 0.270761]
[0.271224, 0.270694, 0.272125, 0.274066, 0.274881, 0.273995, 0.271873, 0.270586]
[0.271071, 0.270531, 0.271955, 0.273901, 0.27473, 0.27385, 0.271723, 0.270427]
[0.270924, 0.270385, 0.271816, 0.273769, 0.274589, 0.273709, 0.271577, 0.270282]
[0.270796, 0.270248, 0.271671, 0.273622, 0.274458, 0.273584, 0.271457, 0.27015]
[0.270674, 0.270127, 0.271546, 0.273499, 0.274333, 0.273463, 0.271332, 0.27003]
[0.27056, 0.270004, 0.27142, 0.273368, 0.274213, 0.27335, 0.271222, 0.269912]
[0.27043, 0.269868, 0.271273, 0.273223, 0.274074, 0.273221, 0.271092, 0.269776]
[0.270291, 0.269727, 0.271132, 0.273072, 0.273921, 0.273067, 0.270948, 0.269636]
[0.270168, 0.269593, 0.270992, 0.272937, 0.273798, 0.272959, 0.270832, 0.269505]
[0.270034, 0.269465, 0.270864, 0.272809, 0.273666, 0.272823, 0.270695, 0.269376]
[0.269911, 0.269339, 0.270735, 0.272687, 0.273549, 0.272705, 0.270574, 0.26925]
[0.269759, 0.269189, 0.270589, 0.272541, 0.273398, 0.272546, 0.270416, 0.269096]
[0.269624, 0.269039, 0.270434, 0.272384, 0.273256, 0.272421, 0.270286, 0.268949]
[0.26956, 0.268914, 0.270281, 0.272265, 0.273204, 0.272401, 0.270229, 0.268831]
[0.269445, 0.268777, 0.27016, 0.272178, 0.27315, 0.27233, 0.270116, 0.268687]
[0.26923, 0.268617, 0.270009, 0.27198, 0.272879, 0.272051, 0.269889, 0.268522]
[0.269094, 0.268484, 0.269872, 0.271839, 0.272733, 0.271904, 0.269754, 0.268394]
[0.268951, 0.268352, 0.269742, 0.271704, 0.272591, 0.271758, 0.26961, 0.268258]
[0.268799, 0.2682, 0.269589, 0.271546, 0.272429, 0.271595, 0.269452, 0.268106]
[0.268613, 0.268027, 0.269423, 0.271369, 0.272231, 0.271388, 0.269254, 0.26792]
[0.268447, 0.267857, 0.26924, 0.271183, 0.272051, 0.271214, 0.269088, 0.267752]
[0.268286, 0.267698, 0.26908, 0.271019, 0.271874, 0.271042, 0.268917, 0.267589]
[0.268091, 0.267518, 0.268899, 0.270825, 0.271666, 0.270821, 0.268713, 0.267396]
[0.267905, 0.267334, 0.268718, 0.270629, 0.271465, 0.270622, 0.268521, 0.267213]
[0.267727, 0.267166, 0.268543, 0.270448, 0.27127, 0.270426, 0.268334, 0.267031]
[0.267534, 0.266985, 0.268366, 0.27026, 0.271066, 0.270212, 0.26813, 0.266844]
[0.26734, 0.266814, 0.268214, 0.270107, 0.270885, 0.270009, 0.267928, 0.266664]
[0.267158, 0.266639, 0.268042, 0.269926, 0.270694, 0.269814, 0.26774, 0.266479]
[0.266987, 0.266444, 0.267821, 0.269699, 0.270495, 0.269644, 0.267569, 0.266291]
[0.26679, 0.266249, 0.267622, 0.2695, 0.270293, 0.269439, 0.26737, 0.266097]
[0.266553, 0.266035, 0.267423, 0.269292, 0.270061, 0.269188, 0.267124, 0.26587]
[0.266319, 0.265798, 0.267171, 0.26903, 0.269797, 0.268933, 0.266889, 0.265638]
[0.266093, 0.26557, 0.266938, 0.268787, 0.26955, 0.268696, 0.266655, 0.265409]
[0.265846, 0.265339, 0.266704, 0.268541, 0.269284, 0.268428, 0.2664, 0.265173]
[0.265621, 0.265114, 0.266475, 0.2683, 0.269044, 0.268192, 0.266174, 0.264947]
[0.265415, 0.264902, 0.266259, 0.268082, 0.268824, 0.267979, 0.265972, 0.26474]
[0.265193, 0.264684, 0.266026, 0.267834, 0.268569, 0.267733, 0.265736, 0.264519]
[0.264977, 0.264464, 0.265799, 0.267601, 0.268341, 0.267513, 0.265525, 0.264303]
[0.264746, 0.264222, 0.265541, 0.267334, 0.268079, 0.267269, 0.265297, 0.264068]
[0.264522, 0.264003, 0.265321, 0.267104, 0.267843, 0.267042, 0.265073, 0.263853]
[0.264311, 0.263796, 0.265111, 0.266891, 0.267622, 0.266818, 0.264864, 0.263649]
[0.26409, 0.263579, 0.264893, 0.266665, 0.267396, 0.266595, 0.264642, 0.263432]
[0.263884, 0.263376, 0.264688, 0.26646, 0.267189, 0.266385, 0.264435, 0.263227]
[0.263694, 0.26319, 0.264502, 0.266276, 0.266998, 0.266192, 0.264245, 0.263041]
[0.263535, 0.263011, 0.264308, 0.266078, 0.266819, 0.266036, 0.264093, 0.262875]
[0.263361, 0.262842, 0.264143, 0.265909, 0.266646, 0.265861, 0.263919, 0.262708]
[0.263216, 0.26268, 0.263964, 0.265732, 0.266491, 0.265728, 0.263783, 0.262555]
[0.263054, 0.262522, 0.263802, 0.265562, 0.266313, 0.265551, 0.26362, 0.262398]
[0.262977, 0.262401, 0.263652, 0.265423, 0.266226, 0.265499, 0.263557, 0.262293]
[0.262897, 0.262283, 0.263546, 0.265369, 0.266215, 0.265479, 0.263475, 0.262166]
[0.262629, 0.262088, 0.263368, 0.265137, 0.265895, 0.265135, 0.263199, 0.261969]
[0.262442, 0.261957, 0.263273, 0.265028, 0.26573, 0.264926, 0.263008, 0.261829]
[0.262297, 0.261807, 0.263124, 0.264887, 0.265596, 0.264791, 0.262861, 0.261675]
[0.262157, 0.261666, 0.262986, 0.26476, 0.265476, 0.26467, 0.262728, 0.261534]
[0.262042, 0.261523, 0.262825, 0.264605, 0.265349, 0.264564, 0.262618, 0.2614]
[0.261891, 0.26139, 0.262711, 0.264495, 0.265222, 0.264411, 0.262464, 0.261263]
[0.261768, 0.261242, 0.262549, 0.26434, 0.265089, 0.264301, 0.262349, 0.261128]
[0.261622, 0.261094, 0.262404, 0.264201, 0.264957, 0.264165, 0.262201, 0.260976]
[0.261474, 0.260948, 0.262266, 0.264063, 0.264818, 0.264023, 0.262058, 0.260831]
[0.261327, 0.260786, 0.262084, 0.263885, 0.264653, 0.263872, 0.261912, 0.260668]
[0.261163, 0.260626, 0.26193, 0.263726, 0.264492, 0.263708, 0.261741, 0.260507]
[0.260981, 0.260459, 0.261773, 0.263561, 0.264316, 0.263515, 0.261553, 0.260334]
[0.260818, 0.260298, 0.261607, 0.263395, 0.264139, 0.263347, 0.261387, 0.260169]
[0.260618, 0.260124, 0.261459, 0.263253, 0.263976, 0.263144, 0.26118, 0.259979]
[0.260432, 0.259928, 0.261252, 0.263044, 0.263771, 0.262949, 0.26099, 0.259787]
[0.260234, 0.259742, 0.261083, 0.262873, 0.263596, 0.262762, 0.260793, 0.259595]
[0.260013, 0.25954, 0.260889, 0.262682, 0.263384, 0.262533, 0.260565, 0.259383]
[0.259793, 0.259333, 0.260696, 0.262492, 0.26318, 0.262311, 0.260342, 0.259173]
[0.259574, 0.259139, 0.260522, 0.262324, 0.262993, 0.262098, 0.260122, 0.258969]
[0.259359, 0.2589, 0.260271, 0.262074, 0.262766, 0.261891, 0.259912, 0.258745]
[0.259109, 0.25867, 0.260057, 0.261864, 0.262543, 0.261642, 0.259663, 0.258511]
[0.258856, 0.258429, 0.259832, 0.261643, 0.262308, 0.261394, 0.25941, 0.258268]
[0.258604, 0.258176, 0.259583, 0.261406, 0.262077, 0.261159, 0.259165, 0.25802]
[0.258356, 0.25794, 0.259366, 0.261196, 0.261856, 0.260917, 0.258919, 0.257782]
[0.258126, 0.257709, 0.259137, 0.260977, 0.261645, 0.260703, 0.258696, 0.257554]
[0.257906, 0.257483, 0.258914, 0.260759, 0.261435, 0.260496, 0.258486, 0.257336]
[0.25769, 0.257276, 0.258721, 0.260583, 0.26125, 0.260296, 0.258269, 0.257133]
[0.257476, 0.257062, 0.258513, 0.260375, 0.261053, 0.26009, 0.258059, 0.256913]
[0.25725, 0.256827, 0.258263, 0.260122, 0.260806, 0.259853, 0.257831, 0.256683]
[0.257022, 0.25662, 0.258068, 0.259924, 0.260589, 0.259622, 0.257598, 0.256465]
[0.256812, 0.256385, 0.257812, 0.259662, 0.260345, 0.259406, 0.257391, 0.256243]
[0.256601, 0.256184, 0.257612, 0.259455, 0.260126, 0.25918, 0.25717, 0.256038]
[0.25637, 0.25596, 0.25739, 0.259222, 0.259884, 0.258939, 0.25694, 0.255809]
[0.256162, 0.255739, 0.257148, 0.258974, 0.259644, 0.258718, 0.256729, 0.255588]
[0.255951, 0.255531, 0.256942, 0.258754, 0.259419, 0.258498, 0.256514, 0.255381]
[0.255734, 0.255327, 0.25674, 0.25855, 0.259196, 0.258261, 0.256287, 0.255166]
[0.255608, 0.255116, 0.256466, 0.258286, 0.259025, 0.258164, 0.256166, 0.254965]
[0.255413, 0.254907, 0.256261, 0.2581, 0.258851, 0.257981, 0.255962, 0.254743]
[0.255085, 0.254653, 0.256005, 0.257774, 0.258434, 0.257551, 0.255612, 0.254482]
[0.254817, 0.254417, 0.255773, 0.257505, 0.258122, 0.257233, 0.255328, 0.254237]
[0.254556, 0.254177, 0.255527, 0.257231, 0.257823, 0.256933, 0.255053, 0.253987]
[0.254283, 0.253916, 0.25525, 0.256932, 0.257504, 0.256622, 0.25477, 0.253718]
[0.254015, 0.253656, 0.25499, 0.256652, 0.257213, 0.256328, 0.254491, 0.253455]
[0.253751, 0.253396, 0.254714, 0.25636, 0.25691, 0.256041, 0.254222, 0.253197]
[0.253474, 0.253123, 0.254432, 0.256057, 0.256594, 0.25574, 0.25394, 0.252921]
[0.253175, 0.252836, 0.254146, 0.255761, 0.256293, 0.25543, 0.253643, 0.252639]
[0.252882, 0.252539, 0.253841, 0.25545, 0.255982, 0.255128, 0.253351, 0.252345]
[0.252623, 0.252264, 0.253543, 0.255149, 0.255703, 0.254873, 0.253102, 0.252082]
[0.252356, 0.251992, 0.253268, 0.254871, 0.255425, 0.254605, 0.252834, 0.251813]
[0.252101, 0.251736, 0.253004, 0.254604, 0.255169, 0.25435, 0.252587, 0.251562]
[0.25184, 0.25147, 0.252737, 0.254337, 0.254903, 0.254091, 0.252326, 0.251301]
[0.251589, 0.251211, 0.252473, 0.25408, 0.254653, 0.253849, 0.252081, 0.251046]
[0.251359, 0.250969, 0.252221, 0.253831, 0.254418, 0.253626, 0.251854, 0.250811]
[0.251124, 0.250734, 0.251988, 0.253601, 0.254192, 0.2534, 0.251621, 0.250577]
[0.25089, 0.250491, 0.25175, 0.253374, 0.253977, 0.253181, 0.251395, 0.250342]
[0.250662, 0.250266, 0.251532, 0.253166, 0.253765, 0.252967, 0.251173, 0.250116]
[0.250434, 0.250024, 0.251285, 0.252923, 0.253541, 0.252743, 0.25095, 0.24988]
[0.250183, 0.249775, 0.251039, 0.252674, 0.253291, 0.252498, 0.250702, 0.249638]
[0.249928, 0.24953, 0.250805, 0.252444, 0.253051, 0.252246, 0.250452, 0.249393]
[0.24969, 0.249299, 0.250579, 0.252223, 0.252826, 0.25201, 0.250214, 0.24916]
[0.249482, 0.249075, 0.250345, 0.251994, 0.252617, 0.251815, 0.250012, 0.248946]
[0.24926, 0.248855, 0.250131, 0.25179, 0.25241, 0.251603, 0.249793, 0.248724]
[0.249021, 0.248621, 0.249906, 0.251565, 0.252181, 0.251365, 0.249555, 0.248492]
[0.248784, 0.248396, 0.249686, 0.251349, 0.251954, 0.251126, 0.249317, 0.248262]
[0.24854, 0.248157, 0.249459, 0.251119, 0.251719, 0.250881, 0.24907, 0.248021]
[0.2483, 0.247918, 0.24922, 0.250883, 0.25148, 0.25064, 0.248828, 0.247777]
[0.248046, 0.247678, 0.248984, 0.250643, 0.251227, 0.250382, 0.248567, 0.24753]
[0.247791, 0.247432, 0.248747, 0.250407, 0.250984, 0.250124, 0.248313, 0.247285]
[0.247542, 0.247188, 0.248509, 0.250173, 0.25074, 0.24987, 0.248061, 0.247038]
[0.247308, 0.246947, 0.248267, 0.249929, 0.250504, 0.249641, 0.247827, 0.246802]
[0.247063, 0.246717, 0.248048, 0.249712, 0.250278, 0.249401, 0.247585, 0.246568]
[0.246846, 0.246485, 0.247803, 0.249467, 0.250047, 0.249184, 0.247366, 0.246338]
[0.246641, 0.246269, 0.247582, 0.249253, 0.249845, 0.248986, 0.247162, 0.246124]
[0.246507, 0.246081, 0.247427, 0.249187, 0.249849, 0.248955, 0.247023, 0.245911]
[0.246178, 0.245811, 0.247138, 0.248819, 0.249407, 0.248525, 0.246689, 0.245646]
[0.245912, 0.245595, 0.246938, 0.248585, 0.249108, 0.248205, 0.246404, 0.245417]
[0.245674, 0.245369, 0.246706, 0.248334, 0.248835, 0.247939, 0.246154, 0.245188]
[0.245432, 0.245145, 0.246486, 0.248094, 0.248577, 0.247671, 0.245905, 0.244956]
[0.245181, 0.244921, 0.246269, 0.247864, 0.248314, 0.247393, 0.245639, 0.244722]
[0.244951, 0.244709, 0.246064, 0.247641, 0.248069, 0.247136, 0.2454, 0.2445]
[0.244723, 0.244484, 0.245834, 0.247402, 0.247819, 0.246889, 0.245163, 0.244278]
[0.244488, 0.244244, 0.245573, 0.247127, 0.24755, 0.246642, 0.244929, 0.244037]
[0.244235, 0.244009, 0.245345, 0.246884, 0.247286, 0.246365, 0.244668, 0.2438]
[0.243979, 0.243753, 0.245083, 0.246611, 0.247007, 0.246096, 0.24441, 0.243545]
[0.243739, 0.24351, 0.244831, 0.246358, 0.246756, 0.245854, 0.244168, 0.2433]
[0.243507, 0.24328, 0.244601, 0.246117, 0.24651, 0.245612, 0.243934, 0.24307]
[0.243269, 0.243028, 0.244326, 0.24583, 0.246229, 0.245352, 0.243694, 0.242827]
[0.243032, 0.242777, 0.244047, 0.245541, 0.245955, 0.245104, 0.243461, 0.242584]
[0.242805, 0.242547, 0.243807, 0.245291, 0.245706, 0.244872, 0.243232, 0.242354]
[0.242581, 0.242307, 0.243551, 0.245025, 0.245454, 0.244646, 0.243018, 0.242126]
[0.242379, 0.242083, 0.243306, 0.244783, 0.245235, 0.244444, 0.24282, 0.241911]
[0.242186, 0.241883, 0.2431, 0.244577, 0.245037, 0.244254, 0.24263, 0.241709]
[0.241985, 0.241662, 0.242863, 0.244336, 0.244813, 0.244055, 0.242438, 0.241504]
[0.241794, 0.241462, 0.242646, 0.244117, 0.24461, 0.243868, 0.242251, 0.241308]
[0.241617, 0.241269, 0.242444, 0.243913, 0.24442, 0.243697, 0.242082, 0.241126]
[0.241434, 0.241084, 0.242249, 0.243722, 0.244236, 0.243512, 0.241899, 0.240939]
[0.241248, 0.240899, 0.242073, 0.24355, 0.244061, 0.243337, 0.241717, 0.240758]
[0.241057, 0.240706, 0.241882, 0.243362, 0.243876, 0.243144, 0.241524, 0.240563]
[0.240858, 0.240508, 0.241693, 0.243186, 0.243703, 0.242963, 0.24133, 0.240367]
[0.240673, 0.240311, 0.241483, 0.242978, 0.243509, 0.24278, 0.241148, 0.240171]
[0.240485, 0.240109, 0.241282, 0.242783, 0.243331, 0.242611, 0.240963, 0.239972]
[0.240299, 0.239913, 0.241082, 0.242593, 0.243153, 0.242434, 0.240779, 0.239783]
[0.240111, 0.239741, 0.240925, 0.242445, 0.242992, 0.242256, 0.240595, 0.239604]
[0.239922, 0.239552, 0.240745, 0.242276, 0.242828, 0.242079, 0.24041, 0.239412]
[0.239742, 0.239368, 0.240562, 0.242101, 0.242654, 0.241903, 0.240233, 0.239234]
[0.239559, 0.239185, 0.240386, 0.241926, 0.242486, 0.241736, 0.240053, 0.239051]
[0.239381, 0.239002, 0.2402, 0.241747, 0.242316, 0.241567, 0.239877, 0.238873]
[0.239214, 0.238832, 0.240034, 0.241584, 0.242155, 0.241405, 0.239713, 0.238704]
[0.239146, 0.238678, 0.239887, 0.241526, 0.2422, 0.24145, 0.239651, 0.238544]
[0.23897, 0.238507, 0.239734, 0.241398, 0.242079, 0.241303, 0.239471, 0.238357]
[0.238658, 0.238382, 0.239738, 0.241378, 0.241858, 0.240917, 0.239138, 0.238199]
[0.238527, 0.23829, 0.239654, 0.241265, 0.241699, 0.24074, 0.238993, 0.238097]
[0.238369, 0.238131, 0.239478, 0.241063, 0.241494, 0.24056, 0.23883, 0.237938]
[0.238206, 0.237993, 0.239365, 0.240953, 0.241358, 0.24039, 0.238657, 0.237786]
[0.238066, 0.237887, 0.239306, 0.24092, 0.241295, 0.240265, 0.238507, 0.237659]
[0.237879, 0.237705, 0.23911, 0.240702, 0.24107, 0.240053, 0.238318, 0.237479]
[0.23769, 0.237514, 0.238911, 0.240489, 0.240853, 0.239851, 0.238126, 0.237294]
[0.23753, 0.237375, 0.238795, 0.240383, 0.240726, 0.239697, 0.237958, 0.237138]
[0.237346, 0.237183, 0.238586, 0.240161, 0.240513, 0.2395, 0.237779, 0.236955]
[0.237227, 0.237107, 0.238566, 0.240173, 0.240489, 0.239408, 0.237655, 0.23686]
[0.237046, 0.236899, 0.238322, 0.239903, 0.240239, 0.239199, 0.237468, 0.236661]
[0.236896, 0.236757, 0.238185, 0.239766, 0.240093, 0.239048, 0.237322, 0.236521]
[0.236748, 0.236607, 0.238028, 0.239602, 0.239934, 0.238896, 0.237179, 0.236374]
[0.236597, 0.23646, 0.237886, 0.239462, 0.239792, 0.238751, 0.237026, 0.236227]
[0.236428, 0.236289, 0.237712, 0.239285, 0.239606, 0.23857, 0.236855, 0.236058]
[0.236257, 0.236115, 0.237522, 0.239087, 0.239413, 0.23839, 0.236685, 0.235887]
[0.236091, 0.235937, 0.237329, 0.238879, 0.239218, 0.238215, 0.236524, 0.235714]
[0.235947, 0.235797, 0.237194, 0.238758, 0.239091, 0.238083, 0.236381, 0.235575]
[0.235794, 0.235629, 0.237005, 0.238555, 0.238898, 0.237917, 0.236227, 0.235411]
[0.235638, 0.23546, 0.236821, 0.238361, 0.238717, 0.237755, 0.236073, 0.23525]
[0.235481, 0.235282, 0.236627, 0.238168, 0.238547, 0.237603, 0.235922, 0.235081]
[0.235332, 0.235149, 0.236511, 0.238058, 0.238427, 0.237461, 0.235767, 0.234941]
[0.235191, 0.235025, 0.236403, 0.237963, 0.238319, 0.237326, 0.235627, 0.234809]
[0.234986, 0.234774, 0.236091, 0.237612, 0.238, 0.237084, 0.235426, 0.23458]
[0.234819, 0.234605, 0.23591, 0.237421, 0.237809, 0.236908, 0.235261, 0.234417]
[0.234647, 0.234428, 0.235716, 0.237216, 0.237608, 0.236727, 0.23509, 0.234244]
[0.234481, 0.234266, 0.23556, 0.237057, 0.237443, 0.23656, 0.234926, 0.234083]
[0.234317, 0.234095, 0.235374, 0.236862, 0.237254, 0.236385, 0.234764, 0.233916]
[0.234171, 0.233948, 0.23522, 0.236698, 0.23709, 0.236232, 0.234617, 0.233772]
[0.234017, 0.233784, 0.235034, 0.236498, 0.2369, 0.236063, 0.234462, 0.233613]
[0.233891, 0.233669, 0.23493, 0.236402, 0.236796, 0.235943, 0.234338, 0.233495]
[0.233763, 0.233561, 0.234847, 0.236325, 0.2367, 0.235814, 0.234204, 0.233383]
[0.233598, 0.233402, 0.234688, 0.236166, 0.236532, 0.235646, 0.234038, 0.233218]
[0.233464, 0.23329, 0.234602, 0.236087, 0.236435, 0.235518, 0.233903, 0.2331]
[0.233362, 0.233221, 0.234564, 0.236057, 0.236371, 0.23542, 0.233797, 0.23302]
[0.233118, 0.23286, 0.234072, 0.235518, 0.235939, 0.235146, 0.233564, 0.232702]
[0.232994, 0.232767, 0.234009, 0.235464, 0.235862, 0.235026, 0.23344, 0.2326]
[0.233058, 0.232975, 0.234415, 0.235975, 0.236245, 0.235175, 0.233492, 0.23275]
[0.232982, 0.232922, 0.234357, 0.235883, 0.236122, 0.235058, 0.233405, 0.232691]
[0.232913, 0.23287, 0.234342, 0.235896, 0.23612, 0.235015, 0.233336, 0.232625]
[0.232889, 0.232874, 0.234422, 0.236048, 0.236265, 0.235061, 0.233309, 0.2326]
[0.232705, 0.232672, 0.234145, 0.235695, 0.235909, 0.234792, 0.233118, 0.232417]
[0.232536, 0.232472, 0.233892, 0.235395, 0.235628, 0.234579, 0.232951, 0.232243]
[0.232355, 0.232279, 0.233679, 0.235175, 0.235423, 0.234396, 0.232772, 0.232048]
[0.232247, 0.232199, 0.233645, 0.235169, 0.235394, 0.234308, 0.232654, 0.231956]
[0.232178, 0.23217, 0.233672, 0.235235, 0.235426, 0.23427, 0.23258, 0.231901]
[0.231964, 0.231922, 0.233371, 0.234892, 0.235102, 0.234013, 0.232362, 0.231663]
[0.231735, 0.231658, 0.233042, 0.234518, 0.234754, 0.233742, 0.232134, 0.231422]
[0.231616, 0.231569, 0.233008, 0.234519, 0.234735, 0.233652, 0.232013, 0.231315]
[0.231475, 0.23143, 0.232867, 0.23437, 0.234585, 0.233506, 0.231871, 0.231175]
[0.231328, 0.231274, 0.232709, 0.23422, 0.234444, 0.233364, 0.231721, 0.231016]
[0.231271, 0.231252, 0.232759, 0.234331, 0.234527, 0.233361, 0.23166, 0.230968]
[0.231087, 0.231049, 0.232495, 0.234011, 0.234213, 0.233118, 0.23147, 0.230778]
[0.230944, 0.230882, 0.232323, 0.233855, 0.234085, 0.232996, 0.231335, 0.230617]
[0.23088, 0.230847, 0.232359, 0.233948, 0.234165, 0.232988, 0.231266, 0.230561]
[0.230683, 0.230622, 0.232043, 0.233549, 0.233774, 0.232707, 0.231066, 0.230356]
[0.230505, 0.230425, 0.231817, 0.233299, 0.23353, 0.232505, 0.230889, 0.230172]
[0.230348, 0.230265, 0.231664, 0.233161, 0.233402, 0.232367, 0.230737, 0.23001]
[0.230226, 0.230151, 0.231575, 0.233098, 0.23334, 0.232265, 0.230611, 0.229891]
[0.230161, 0.230139, 0.231636, 0.2332, 0.233403, 0.232237, 0.23054, 0.229849]
[0.230005, 0.229965, 0.231441, 0.232996, 0.23321, 0.23207, 0.230382, 0.229681]
[0.229801, 0.229726, 0.231139, 0.232649, 0.232887, 0.231819, 0.230175, 0.229457]
[0.229638, 0.229558, 0.230964, 0.232471, 0.232707, 0.231653, 0.230012, 0.229295]
[0.229472, 0.22939, 0.230796, 0.232304, 0.232547, 0.231491, 0.22985, 0.229124]
[0.229278, 0.229185, 0.230575, 0.232069, 0.232321, 0.231287, 0.229658, 0.228929]
[0.229137, 0.229063, 0.230489, 0.232018, 0.232261, 0.23118, 0.22952, 0.228799]
[0.228977, 0.228912, 0.230372, 0.231936, 0.232172, 0.231056, 0.229361, 0.228637]
[0.22881, 0.228761, 0.23024, 0.231813, 0.232042, 0.230895, 0.229187, 0.228478]
[0.228549, 0.228475, 0.229883, 0.231387, 0.231621, 0.230564, 0.228931, 0.228219]
[0.228281, 0.228182, 0.229539, 0.231003, 0.231254, 0.230262, 0.228672, 0.227945]
[0.228058, 0.227966, 0.229326, 0.230787, 0.231037, 0.230041, 0.228452, 0.227735]
[0.227791, 0.227427, 0.228605, 0.230104, 0.230643, 0.22988, 0.22822, 0.227256]
[0.227547, 0.227211, 0.228376, 0.229843, 0.230351, 0.229601, 0.227982, 0.227059]
[0.227246, 0.227093, 0.228391, 0.229843, 0.230163, 0.22924, 0.227659, 0.226894]
[0.227078, 0.226967, 0.228283, 0.229717, 0.229986, 0.229041, 0.227479, 0.22676]
[0.226865, 0.226745, 0.228035, 0.229441, 0.22971, 0.22879, 0.227262, 0.226542]
[0.226622, 0.226499, 0.22778, 0.229172, 0.22944, 0.228537, 0.227016, 0.226298]
[0.22642, 0.226348, 0.227687, 0.229103, 0.229327, 0.228352, 0.226811, 0.226127]
[0.226208, 0.226169, 0.227538, 0.228963, 0.229158, 0.228143, 0.226589, 0.225936]
[0.22596, 0.225901, 0.227233, 0.228627, 0.228839, 0.227864, 0.226342, 0.225677]
[0.225769, 0.225729, 0.227089, 0.228501, 0.228693, 0.227688, 0.226149, 0.225493]
[0.225574, 0.225524, 0.226869, 0.228267, 0.228464, 0.227476, 0.225952, 0.225294]
[0.225391, 0.225341, 0.226678, 0.228072, 0.228267, 0.227286, 0.225768, 0.225111]
[0.225209, 0.225146, 0.226458, 0.227838, 0.22805, 0.227095, 0.225588, 0.224919]
[0.225055, 0.225009, 0.226336, 0.227719, 0.227913, 0.226941, 0.225432, 0.224779]
[0.224938, 0.224929, 0.226295, 0.227686, 0.227845, 0.226821, 0.225307, 0.224688]
[0.224776, 0.224737, 0.226062, 0.227428, 0.227612, 0.226642, 0.225146, 0.224508]
[0.224625, 0.224569, 0.225872, 0.227227, 0.227423, 0.226478, 0.224994, 0.224344]
[0.224504, 0.224485, 0.225827, 0.2272, 0.227366, 0.226369, 0.224873, 0.224252]
[0.224377, 0.224372, 0.225722, 0.227089, 0.227238, 0.226236, 0.224741, 0.224128]
[0.224211, 0.224174, 0.225484, 0.226832, 0.22701, 0.226053, 0.224578, 0.223943]
[0.224086, 0.224046, 0.225347, 0.226693, 0.226876, 0.225924, 0.22445, 0.223815]
[0.223975, 0.223936, 0.225252, 0.226609, 0.22679, 0.225824, 0.224338, 0.223703]
[0.223843, 0.223801, 0.225115, 0.226481, 0.226666, 0.225703, 0.224213, 0.223571]
[0.223698, 0.223664, 0.224978, 0.226338, 0.226519, 0.225551, 0.224069, 0.223434]
[0.22355, 0.223518, 0.224839, 0.226196, 0.226372, 0.2254, 0.223922, 0.22329]
[0.223365, 0.22331, 0.224598, 0.225938, 0.226133, 0.225204, 0.22374, 0.223093]
[0.223224, 0.223176, 0.224475, 0.225824, 0.226012, 0.225067, 0.223598, 0.222958]
[0.22306, 0.222994, 0.224265, 0.225599, 0.225803, 0.224891, 0.223434, 0.222781]
[0.222892, 0.222803, 0.224059, 0.225397, 0.225626, 0.224734, 0.223277, 0.222597]
[0.222732, 0.222646, 0.22391, 0.225251, 0.225479, 0.224575, 0.223109, 0.222436]
[0.222555, 0.222461, 0.223706, 0.225041, 0.225266, 0.224381, 0.222929, 0.222252]
[0.222351, 0.222233, 0.223457, 0.224781, 0.225033, 0.224172, 0.222728, 0.222037]
[0.222166, 0.222037, 0.223258, 0.22459, 0.224849, 0.223994, 0.222543, 0.22184]
[0.221978, 0.221837, 0.22305, 0.224382, 0.224657, 0.223811, 0.222357, 0.221642]
[0.221786, 0.221635, 0.222834, 0.224165, 0.224441, 0.223611, 0.222163, 0.22144]
[0.221621, 0.221468, 0.222657, 0.223985, 0.224267, 0.223443, 0.222002, 0.221278]
[0.221453, 0.22128, 0.222459, 0.223785, 0.224089, 0.223279, 0.221837, 0.221096]
[0.221433, 0.221058, 0.22217, 0.223616, 0.224145, 0.223435, 0.221838, 0.220879]
[0.221092, 0.220776, 0.221865, 0.223227, 0.223688, 0.222994, 0.221499, 0.220625]
[0.220896, 0.220733, 0.221975, 0.223383, 0.2237, 0.222815, 0.221291, 0.220541]
[0.220698, 0.220487, 0.221641, 0.222986, 0.223333, 0.222554, 0.221094, 0.220318]
[0.220544, 0.220372, 0.221586, 0.222964, 0.22328, 0.222433, 0.220943, 0.220192]
[0.22035, 0.220184, 0.221393, 0.222756, 0.223062, 0.222219, 0.220747, 0.220003]
[0.220169, 0.220009, 0.221233, 0.222616, 0.222918, 0.222062, 0.220565, 0.219824]
[0.219956, 0.219776, 0.220966, 0.222322, 0.222649, 0.221829, 0.22036, 0.219608]
[0.219749, 0.219556, 0.220728, 0.22208, 0.222421, 0.221627, 0.220158, 0.219394]
[0.219573, 0.219393, 0.22059, 0.221952, 0.222283, 0.221458, 0.219981, 0.219227]
[0.219399, 0.219235, 0.220451, 0.221821, 0.222138, 0.221293, 0.219808, 0.219064]
[0.219213, 0.219049, 0.220259, 0.221625, 0.221943, 0.221106, 0.21962, 0.218877]
[0.219016, 0.218854, 0.220064, 0.221424, 0.221737, 0.220904, 0.219424, 0.218683]
[0.218828, 0.218694, 0.219935, 0.221307, 0.221595, 0.22072, 0.21923, 0.218513]
[0.218648, 0.218537, 0.219804, 0.221188, 0.221454, 0.220543, 0.219044, 0.218347]
[0.218469, 0.218378, 0.219663, 0.221049, 0.221299, 0.22037, 0.218862, 0.218183]
[0.218266, 0.218173, 0.219446, 0.220822, 0.22107, 0.220147, 0.218657, 0.217978]
[0.21809, 0.218024, 0.21932, 0.220689, 0.220908, 0.219961, 0.218475, 0.217822]
[0.217894, 0.217819, 0.219095, 0.220448, 0.220671, 0.219748, 0.218274, 0.217618]
[0.217737, 0.217704, 0.219035, 0.220422, 0.220616, 0.219621, 0.218121, 0.217486]
[0.217536, 0.217492, 0.218793, 0.220149, 0.220344, 0.219384, 0.217914, 0.217283]
[0.217354, 0.217324, 0.21865, 0.22002, 0.220203, 0.219219, 0.217734, 0.21711]
[0.217163, 0.21714, 0.218456, 0.21981, 0.219983, 0.219006, 0.217538, 0.21693]
[0.216976, 0.21695, 0.218264, 0.219613, 0.219789, 0.218817, 0.21735, 0.216744]
[0.216799, 0.21677, 0.218078, 0.219422, 0.219598, 0.218638, 0.21718, 0.216566]
[0.216663, 0.216658, 0.218008, 0.21939, 0.219553, 0.218542, 0.217049, 0.216448]
[0.216473, 0.216453, 0.217771, 0.219122, 0.219298, 0.21832, 0.216853, 0.216248]
[0.216307, 0.216277, 0.217586, 0.218934, 0.219115, 0.218153, 0.21669, 0.216077]
[0.216172, 0.216153, 0.217467, 0.21882, 0.218995, 0.218019, 0.216556, 0.215949]
[0.216006, 0.215971, 0.217267, 0.218612, 0.218797, 0.217844, 0.21639, 0.215773]
[0.215843, 0.215795, 0.217079, 0.218417, 0.218612, 0.21768, 0.216227, 0.215603]
[0.215685, 0.215625, 0.2169, 0.218236, 0.21845, 0.21753, 0.216074, 0.215436]
[0.215549, 0.215506, 0.2168, 0.218145, 0.218344, 0.217397, 0.215936, 0.215308]
[0.215421, 0.215392, 0.21671, 0.218073, 0.218259, 0.217286, 0.215808, 0.215187]
[0.215286, 0.215255, 0.21657, 0.217929, 0.218117, 0.217147, 0.215672, 0.21505]
[0.215155, 0.214956, 0.216145, 0.217512, 0.217873, 0.217064, 0.215564, 0.214798]
[0.215098, 0.214874, 0.216104, 0.217557, 0.217967, 0.217105, 0.215509, 0.214692]
[0.214879, 0.214718, 0.215935, 0.217311, 0.217644, 0.216791, 0.215285, 0.214543]
[0.214777, 0.214616, 0.21582, 0.217184, 0.21751, 0.216667, 0.215179, 0.214447]
[0.21468, 0.214509, 0.21571, 0.217074, 0.21741, 0.216577, 0.215085, 0.214345]
[0.214565, 0.214394, 0.215598, 0.216965, 0.217302, 0.216464, 0.214974, 0.214234]
[0.214431, 0.214264, 0.215466, 0.216825, 0.217153, 0.216318, 0.214836, 0.214103]
[0.214307, 0.214141, 0.215336, 0.216691, 0.217026, 0.216191, 0.214714, 0.213974]
[0.214181, 0.214015, 0.215211, 0.216563, 0.216895, 0.216062, 0.214583, 0.213852]
[0.214051, 0.21388, 0.215067, 0.216417, 0.216751, 0.215927, 0.21445, 0.213715]
[0.213893, 0.21373, 0.21492, 0.216267, 0.216589, 0.215759, 0.214289, 0.21356]
[0.213756, 0.213588, 0.214772, 0.216116, 0.216437, 0.215614, 0.214148, 0.213418]
[0.213608, 0.213443, 0.21463, 0.215972, 0.216293, 0.215468, 0.214005, 0.213273]
[0.213459, 0.213295, 0.214478, 0.215823, 0.216145, 0.215317, 0.213852, 0.213123]
[0.213294, 0.213136, 0.214332, 0.215683, 0.215995, 0.215152, 0.213682, 0.212961]
[0.213139, 0.212984, 0.214186, 0.215536, 0.215846, 0.215002, 0.213528, 0.212804]
[0.212974, 0.212831, 0.214043, 0.215393, 0.215694, 0.214833, 0.213358, 0.212648]
[0.212821, 0.212685, 0.213904, 0.21526, 0.215553, 0.214681, 0.213201, 0.212497]
[0.212682, 0.212543, 0.213761, 0.215121, 0.215419, 0.214548, 0.213063, 0.212354]
[0.212548, 0.212406, 0.21363, 0.214998, 0.215296, 0.214418, 0.212927, 0.212218]
[0.212416, 0.212276, 0.213505, 0.214874, 0.215173, 0.214289, 0.212793, 0.212082]
[0.2123, 0.212152, 0.213377, 0.214749, 0.215059, 0.21418, 0.212679, 0.211961]
[0.212187, 0.212031, 0.213253, 0.214627, 0.214945, 0.214072, 0.212567, 0.211843]
[0.212061, 0.211908, 0.213129, 0.214501, 0.214817, 0.213939, 0.212434, 0.211717]
[0.211938, 0.211788, 0.213013, 0.21439, 0.214703, 0.213821, 0.212311, 0.211592]
[0.211813, 0.211668, 0.212893, 0.214266, 0.214575, 0.213694, 0.212188, 0.211473]
[0.211705, 0.211553, 0.212773, 0.214141, 0.214448, 0.213577, 0.21208, 0.211355]
[0.211609, 0.21145, 0.212662, 0.214033, 0.214354, 0.213488, 0.211985, 0.211258]
[0.211495, 0.211345, 0.212562, 0.213931, 0.214242, 0.213367, 0.211868, 0.211148]
[0.211413, 0.211248, 0.212456, 0.213827, 0.214152, 0.213288, 0.211791, 0.211059]
[0.211309, 0.211144, 0.212348, 0.21372, 0.214047, 0.213187, 0.211688, 0.210957]
[0.211205, 0.211035, 0.212236, 0.213607, 0.213935, 0.213082, 0.211582, 0.210847]
[0.211103, 0.21093, 0.21213, 0.213497, 0.213831, 0.212982, 0.211483, 0.210744]
[0.210951, 0.210791, 0.211998, 0.213359, 0.21368, 0.212817, 0.211329, 0.210602]
[0.210804, 0.210631, 0.211823, 0.213183, 0.213512, 0.21267, 0.211183, 0.210449]
[0.21066, 0.210484, 0.211671, 0.213021, 0.213358, 0.212521, 0.211044, 0.210305]
[0.210583, 0.210372, 0.211547, 0.212928, 0.213309, 0.212486, 0.210972, 0.210195]
[0.210494, 0.210259, 0.211475, 0.212926, 0.213337, 0.212471, 0.210878, 0.210062]
[0.210243, 0.210059, 0.211248, 0.21262, 0.212969, 0.212127, 0.210629, 0.20988]
[0.210088, 0.209919, 0.211104, 0.212456, 0.212784, 0.21195, 0.210473, 0.209743]
[0.209955, 0.209796, 0.210983, 0.212323, 0.212639, 0.211804, 0.210341, 0.209621]
[0.209842, 0.209678, 0.210856, 0.212196, 0.212517, 0.211691, 0.21023, 0.209505]
[0.209695, 0.209535, 0.210711, 0.212041, 0.21236, 0.211535, 0.210078, 0.209362]
[0.209562, 0.209397, 0.21057, 0.211907, 0.21223, 0.211402, 0.209945, 0.209226]
[0.209422, 0.209263, 0.210439, 0.211764, 0.21208, 0.211253, 0.209802, 0.209089]
[0.209306, 0.209146, 0.210312, 0.21163, 0.211944, 0.211128, 0.209684, 0.208972]
[0.209184, 0.20903, 0.210202, 0.211519, 0.211826, 0.211003, 0.209562, 0.208852]
[0.209073, 0.208908, 0.210071, 0.211387, 0.211707, 0.210896, 0.209451, 0.208738]
[0.208945, 0.208785, 0.209946, 0.211261, 0.211575, 0.210762, 0.209323, 0.208611]
[0.208813, 0.208661, 0.209821, 0.211127, 0.211431, 0.210612, 0.209185, 0.208485]
[0.208688, 0.208544, 0.209704, 0.211001, 0.211296, 0.210481, 0.209061, 0.208366]
[0.20857, 0.208429, 0.209594, 0.21089, 0.211183, 0.21036, 0.208942, 0.208252]
[0.20844, 0.208311, 0.209487, 0.210783, 0.211059, 0.210226, 0.208809, 0.208129]
[0.208315, 0.208187, 0.209359, 0.21066, 0.210939, 0.210107, 0.208684, 0.208004]
[0.20818, 0.208046, 0.209217, 0.210517, 0.210802, 0.209975, 0.20855, 0.207866]
[0.208028, 0.207901, 0.209077, 0.210381, 0.210659, 0.209824, 0.208401, 0.20772]
[0.207867, 0.207748, 0.208933, 0.210231, 0.2105, 0.209659, 0.208237, 0.207569]
[0.20773, 0.207614, 0.208798, 0.210097, 0.210368, 0.209524, 0.208103, 0.207433]
[0.207589, 0.207488, 0.208684, 0.209982, 0.210235, 0.209377, 0.207957, 0.207304]
[0.207465, 0.207348, 0.208536, 0.209837, 0.210106, 0.209266, 0.207841, 0.207171]
[0.207325, 0.207211, 0.208403, 0.209712, 0.209985, 0.20913, 0.207702, 0.207032]
[0.20719, 0.207072, 0.208267, 0.209584, 0.209865, 0.20901, 0.207571, 0.206894]
[0.207041, 0.206925, 0.208118, 0.209433, 0.20971, 0.208856, 0.207423, 0.20675]
[0.206898, 0.206788, 0.207988, 0.209301, 0.209574, 0.208714, 0.207279, 0.206611]
[0.206751, 0.206628, 0.207815, 0.20913, 0.209414, 0.208568, 0.207131, 0.206452]
[0.206606, 0.206473, 0.207656, 0.208973, 0.209266, 0.208425, 0.206986, 0.206301]
[0.206446, 0.20631, 0.207492, 0.208805, 0.209102, 0.208265, 0.206827, 0.206142]
[0.206288, 0.206156, 0.20734, 0.208651, 0.208945, 0.208104, 0.206673, 0.205989]
[0.206139, 0.206019, 0.207212, 0.208526, 0.208803, 0.207951, 0.206518, 0.205844]
[0.206006, 0.205876, 0.207052, 0.208358, 0.208646, 0.207816, 0.206387, 0.205707]
[0.20589, 0.205745, 0.206913, 0.208227, 0.208529, 0.207708, 0.206273, 0.20558]
[0.20577, 0.205624, 0.20679, 0.208102, 0.208404, 0.20758, 0.206153, 0.205458]
[0.205642, 0.205488, 0.206648, 0.20796, 0.208274, 0.207459, 0.206024, 0.205321]
[0.205509, 0.205359, 0.206518, 0.207821, 0.208129, 0.207314, 0.20589, 0.205194]
[0.205498, 0.205285, 0.206459, 0.207847, 0.208233, 0.207403, 0.205881, 0.205104]
[0.205378, 0.205167, 0.206334, 0.207706, 0.208086, 0.207264, 0.205757, 0.204986]
[0.205179, 0.205031, 0.2062, 0.207512, 0.207816, 0.206981, 0.20555, 0.204853]
[0.205069, 0.204925, 0.206081, 0.20737, 0.207658, 0.206843, 0.205438, 0.204755]
[0.204968, 0.204824, 0.205973, 0.207257, 0.20754, 0.206731, 0.205331, 0.204652]
[0.204866, 0.204724, 0.205867, 0.207144, 0.20743, 0.206627, 0.205231, 0.204548]
[0.204769, 0.204634, 0.205784, 0.207057, 0.207333, 0.206524, 0.205133, 0.204458]
[0.20468, 0.204544, 0.205687, 0.206956, 0.207237, 0.206429, 0.205043, 0.204368]
[0.204574, 0.204424, 0.205558, 0.206826, 0.20712, 0.206325, 0.204934, 0.204252]
[0.204461, 0.204314, 0.205448, 0.206719, 0.20701, 0.206215, 0.204823, 0.204141]
[0.204345, 0.204211, 0.205355, 0.206627, 0.206903, 0.206095, 0.204706, 0.204033]
[0.204222, 0.204083, 0.205221, 0.206486, 0.206763, 0.205964, 0.204577, 0.203906]
[0.204088, 0.203964, 0.205108, 0.206368, 0.206628, 0.205815, 0.204438, 0.203783]
[0.203957, 0.203828, 0.204964, 0.206216, 0.206482, 0.20568, 0.204304, 0.203642]
[0.20384, 0.203726, 0.204877, 0.206133, 0.206383, 0.205563, 0.204187, 0.203538]
[0.203725, 0.20361, 0.204761, 0.206021, 0.206275, 0.205446, 0.204069, 0.203419]
[0.203615, 0.203493, 0.204636, 0.205895, 0.206158, 0.205343, 0.203962, 0.203304]
[0.2035, 0.203371, 0.204512, 0.205771, 0.206038, 0.205228, 0.203846, 0.203183]
[0.203383, 0.203262, 0.204413, 0.205675, 0.20594, 0.205117, 0.203732, 0.203075]
[0.203281, 0.203157, 0.204301, 0.205567, 0.205831, 0.205016, 0.20363, 0.202969]
[0.203174, 0.203055, 0.204207, 0.205469, 0.205731, 0.20491, 0.203525, 0.202872]
[0.203075, 0.202957, 0.204105, 0.205371, 0.20563, 0.204808, 0.203427, 0.20277]
[0.202979, 0.202855, 0.204006, 0.205274, 0.205539, 0.204719, 0.203333, 0.202674]
[0.202886, 0.202775, 0.203935, 0.205205, 0.205458, 0.204624, 0.203237, 0.202589]
[0.202797, 0.202683, 0.20384, 0.20511, 0.205371, 0.204543, 0.203153, 0.202497]
[0.202714, 0.202605, 0.203775, 0.205054, 0.205311, 0.204469, 0.203071, 0.202422]
[0.202617, 0.202501, 0.203664, 0.204945, 0.20521, 0.204373, 0.202974, 0.202318]
[0.202526, 0.202414, 0.203585, 0.204871, 0.205131, 0.204286, 0.202883, 0.202231]
[0.202435, 0.202319, 0.203492, 0.204777, 0.205044, 0.204201, 0.202795, 0.202138]
[0.202339, 0.202232, 0.203403, 0.20469, 0.204946, 0.204098, 0.202697, 0.202048]
[0.202244, 0.202128, 0.203294, 0.204576, 0.204842, 0.204002, 0.202603, 0.201947]
[0.202123, 0.202013, 0.203183, 0.204465, 0.204724, 0.203881, 0.202487, 0.201834]
[0.202001, 0.201899, 0.203074, 0.204354, 0.204605, 0.203757, 0.202365, 0.201722]
[0.201883, 0.20178, 0.20295, 0.204227, 0.204478, 0.203635, 0.202244, 0.201604]
[0.201765, 0.201665, 0.202837, 0.204115, 0.204364, 0.20352, 0.202129, 0.201489]
[0.201654, 0.201543, 0.202709, 0.203979, 0.20424, 0.203406, 0.202015, 0.201374]
[0.201566, 0.201434, 0.202587, 0.203875, 0.204161, 0.20334, 0.201938, 0.201267]
[0.201556, 0.201374, 0.202568, 0.203953, 0.204307, 0.20344, 0.201926, 0.201183]
[0.201375, 0.201228, 0.202395, 0.203709, 0.204012, 0.203173, 0.201744, 0.20106]
[0.201243, 0.201137, 0.202306, 0.203583, 0.203839, 0.202995, 0.201607, 0.200964]
[0.201147, 0.201053, 0.202223, 0.203483, 0.203724, 0.20288, 0.201506, 0.200879]
[0.201035, 0.200938, 0.202105, 0.203363, 0.203602, 0.202767, 0.201398, 0.200769]
[0.200936, 0.20083, 0.201983, 0.203246, 0.203495, 0.202668, 0.201298, 0.20066]
[0.200836, 0.200736, 0.201896, 0.203157, 0.203398, 0.202563, 0.201195, 0.200567]
[0.200742, 0.200635, 0.201796, 0.203065, 0.203314, 0.202482, 0.201106, 0.200468]
[0.200645, 0.200547, 0.201716, 0.202981, 0.203225, 0.202385, 0.20101, 0.200377]
[0.200544, 0.200441, 0.201608, 0.20288, 0.203129, 0.202288, 0.200905, 0.200271]
[0.200454, 0.200342, 0.201508, 0.202784, 0.203049, 0.202209, 0.200819, 0.200175]
[0.20037, 0.200251, 0.201416, 0.202695, 0.202966, 0.20213, 0.200736, 0.200084]
[0.200273, 0.200164, 0.201335, 0.202615, 0.202873, 0.202027, 0.200634, 0.199994]
[0.200186, 0.200078, 0.201254, 0.202539, 0.2028, 0.201948, 0.200549, 0.199904]
[0.200096, 0.199986, 0.201159, 0.202443, 0.202707, 0.20186, 0.200455, 0.199812]
[0.200005, 0.199895, 0.201073, 0.202366, 0.202629, 0.201773, 0.200366, 0.199718]
[0.199903, 0.199796, 0.200973, 0.202265, 0.202527, 0.20167, 0.200262, 0.199619]
[0.199793, 0.199691, 0.200875, 0.202167, 0.202426, 0.20156, 0.200152, 0.199513]
[0.199669, 0.19957, 0.200755, 0.202049, 0.202304, 0.201436, 0.200027, 0.199393]
[0.199541, 0.199446, 0.20064, 0.201939, 0.202192, 0.201316, 0.199901, 0.199266]
[0.199421, 0.199315, 0.200504, 0.20181, 0.202074, 0.201205, 0.199784, 0.199136]
[0.199294, 0.199195, 0.20039, 0.201698, 0.201958, 0.201082, 0.199659, 0.199016]
[0.199166, 0.199059, 0.200243, 0.201544, 0.201812, 0.200948, 0.199531, 0.198881]
[0.199023, 0.198903, 0.200082, 0.201384, 0.201664, 0.200807, 0.199388, 0.19873]
[0.198867, 0.198747, 0.199921, 0.201223, 0.201502, 0.20065, 0.199233, 0.198572]
[0.198701, 0.198589, 0.199761, 0.201057, 0.201328, 0.200476, 0.199066, 0.198416]
[0.198551, 0.19843, 0.199593, 0.200886, 0.201164, 0.200323, 0.198916, 0.198258]
[0.198413, 0.198294, 0.199454, 0.200743, 0.201018, 0.200175, 0.198775, 0.19812]
[0.198281, 0.198151, 0.199306, 0.200589, 0.200874, 0.200043, 0.198644, 0.197982]
[0.198156, 0.198023, 0.199167, 0.200447, 0.200736, 0.199915, 0.198518, 0.197855]
[0.19803, 0.197891, 0.19903, 0.200313, 0.200609, 0.199795, 0.198396, 0.197723]
[0.197904, 0.197763, 0.198903, 0.200185, 0.200488, 0.199673, 0.198272, 0.197598]
[0.197783, 0.19764, 0.198778, 0.200061, 0.200365, 0.199551, 0.198149, 0.197475]
[0.197666, 0.197518, 0.198656, 0.19994, 0.200245, 0.199434, 0.198032, 0.197358]
[0.197531, 0.197397, 0.19854, 0.199819, 0.200106, 0.199289, 0.197894, 0.197229]
[0.197408, 0.197269, 0.198407, 0.199686, 0.199981, 0.199167, 0.197772, 0.197101]
[0.197387, 0.197163, 0.198311, 0.199689, 0.200092, 0.199266, 0.197752, 0.196979]
[0.197203, 0.19699, 0.198119, 0.199461, 0.199845, 0.199044, 0.197575, 0.196823]
[0.19697, 0.196826, 0.197979, 0.199282, 0.199587, 0.198755, 0.197333, 0.196656]
[0.19683, 0.196682, 0.197825, 0.199117, 0.19942, 0.198602, 0.197193, 0.196512]
[0.196697, 0.196546, 0.197683, 0.198976, 0.199284, 0.198469, 0.197062, 0.19638]
[0.196573, 0.196413, 0.19754, 0.198829, 0.199146, 0.198345, 0.196942, 0.196253]
[0.196443, 0.196283, 0.197411, 0.1987, 0.199015, 0.198212, 0.19681, 0.196124]
[0.196303, 0.196162, 0.197302, 0.198589, 0.198888, 0.198067, 0.196669, 0.195997]
[0.196166, 0.196027, 0.19717, 0.198457, 0.19875, 0.197927, 0.196531, 0.195863]
[0.196044, 0.195913, 0.197069, 0.198361, 0.198648, 0.197811, 0.196408, 0.195746]
[0.195923, 0.19577, 0.196907, 0.198195, 0.198502, 0.197694, 0.19629, 0.195611]
[0.195807, 0.195653, 0.196787, 0.198076, 0.198388, 0.197578, 0.196178, 0.195494]
[0.195694, 0.195545, 0.196685, 0.197973, 0.19828, 0.197466, 0.196064, 0.195388]
[0.195585, 0.195429, 0.196566, 0.197859, 0.198169, 0.197359, 0.195954, 0.195271]
[0.195477, 0.195326, 0.196467, 0.197759, 0.198064, 0.197249, 0.195844, 0.195168]
[0.195354, 0.195208, 0.196352, 0.197645, 0.197946, 0.197123, 0.19572, 0.195049]
[0.195225, 0.195079, 0.196222, 0.19751, 0.197808, 0.196987, 0.195588, 0.19492]
[0.195107, 0.194966, 0.196114, 0.197403, 0.197699, 0.196874, 0.195475, 0.194804]
[0.194993, 0.194851, 0.196, 0.197293, 0.197585, 0.19676, 0.195356, 0.19469]
[0.194883, 0.194731, 0.195866, 0.197156, 0.197463, 0.19665, 0.195248, 0.194571]
[0.194761, 0.194613, 0.195754, 0.197047, 0.197351, 0.196532, 0.195126, 0.194451]
[0.194648, 0.194489, 0.195622, 0.196915, 0.197226, 0.196416, 0.195013, 0.194329]
[0.19453, 0.194379, 0.195519, 0.196812, 0.197116, 0.196299, 0.194894, 0.19422]
[0.194404, 0.194267, 0.195416, 0.196708, 0.197001, 0.196171, 0.194767, 0.194103]
[0.194268, 0.194139, 0.19529, 0.19657, 0.196853, 0.196023, 0.194629, 0.193974]
[0.194143, 0.194005, 0.195141, 0.196418, 0.196705, 0.195892, 0.194506, 0.193845]
[0.194024, 0.193885, 0.19502, 0.19629, 0.196574, 0.195766, 0.194383, 0.193726]
[0.19391, 0.193778, 0.194911, 0.196178, 0.196461, 0.195647, 0.194269, 0.193617]
[0.193797, 0.193654, 0.194775, 0.196041, 0.196333, 0.195532, 0.194157, 0.193494]
[0.193686, 0.193548, 0.194673, 0.195935, 0.196226, 0.195424, 0.19405, 0.193394]
[0.193583, 0.193444, 0.194565, 0.195825, 0.196115, 0.195315, 0.193945, 0.19329]
[0.193482, 0.193354, 0.194491, 0.195759, 0.196041, 0.19522, 0.193842, 0.193192]
[0.193386, 0.193255, 0.194386, 0.195647, 0.195932, 0.195124, 0.19375, 0.193102]
[0.193291, 0.19317, 0.194305, 0.195565, 0.195843, 0.195026, 0.193649, 0.19301]
[0.193195, 0.193072, 0.194203, 0.195461, 0.195739, 0.19492, 0.193554, 0.192911]
[0.193136, 0.192952, 0.194049, 0.195331, 0.195679, 0.194905, 0.193508, 0.192806]
[0.193128, 0.192913, 0.194059, 0.195436, 0.195831, 0.195, 0.193493, 0.192738]
[0.192963, 0.192783, 0.193903, 0.195201, 0.195541, 0.194744, 0.19333, 0.19263]
[0.192858, 0.192704, 0.193814, 0.195085, 0.195401, 0.194611, 0.19323, 0.192554]
[0.192772, 0.192624, 0.193736, 0.195, 0.195304, 0.194515, 0.193144, 0.192478]
[0.192691, 0.19254, 0.193643, 0.194896, 0.195207, 0.194429, 0.193063, 0.192397]
[0.19261, 0.192463, 0.193564, 0.194814, 0.195119, 0.194338, 0.192982, 0.192319]
[0.192506, 0.192362, 0.193465, 0.194713, 0.195017, 0.194237, 0.192879, 0.192222]
[0.192406, 0.192259, 0.193357, 0.194606, 0.194913, 0.194137, 0.192781, 0.19212]
[0.19231, 0.192155, 0.193246, 0.194494, 0.194807, 0.194042, 0.192683, 0.192019]
[0.192196, 0.192042, 0.193138, 0.19439, 0.194703, 0.193934, 0.192572, 0.191906]
[0.192087, 0.191933, 0.193026, 0.194278, 0.194594, 0.193826, 0.192466, 0.191798]
[0.191965, 0.19181, 0.192904, 0.194156, 0.19447, 0.193702, 0.192342, 0.191675]
[0.191833, 0.191681, 0.19278, 0.194032, 0.194343, 0.193569, 0.192212, 0.191545]
[0.191704, 0.191541, 0.192632, 0.193887, 0.194209, 0.193452, 0.192086, 0.191412]
[0.191552, 0.19139, 0.192484, 0.193744, 0.194066, 0.1933, 0.191934, 0.191258]
[0.191399, 0.191239, 0.192336, 0.193605, 0.193928, 0.193154, 0.191782, 0.191107]
[0.191249, 0.191077, 0.19217, 0.193439, 0.193776, 0.193011, 0.191636, 0.190948]
[0.191099, 0.190918, 0.192009, 0.193283, 0.193627, 0.192867, 0.191485, 0.190792]
[0.190946, 0.190757, 0.191845, 0.193123, 0.193476, 0.19272, 0.191335, 0.190634]
[0.190792, 0.190593, 0.191674, 0.192954, 0.193322, 0.19257, 0.191182, 0.190467]
[0.190614, 0.190413, 0.191492, 0.192774, 0.193145, 0.192397, 0.191005, 0.19029]
[0.190437, 0.19024, 0.191325, 0.19261, 0.192978, 0.19222, 0.190831, 0.190117]
[0.19028, 0.190075, 0.191151, 0.192435, 0.192813, 0.192066, 0.190677, 0.189957]
[0.190091, 0.189902, 0.190989, 0.19227, 0.192627, 0.191865, 0.190481, 0.189778]
[0.189922, 0.18972, 0.190796, 0.192072, 0.192439, 0.191694, 0.190312, 0.189606]
[0.189741, 0.189535, 0.190597, 0.191866, 0.192241, 0.191509, 0.190133, 0.189421]
[0.189552, 0.189341, 0.190397, 0.191663, 0.192043, 0.191317, 0.189946, 0.18923]
[0.189366, 0.189157, 0.190214, 0.191481, 0.191856, 0.19113, 0.189761, 0.189044]
[0.189212, 0.188991, 0.190039, 0.191307, 0.191699, 0.190985, 0.189609, 0.188883]
[0.189055, 0.188836, 0.189884, 0.191153, 0.19154, 0.190823, 0.18945, 0.188725]
[0.188898, 0.188673, 0.18972, 0.19099, 0.19138, 0.190668, 0.189293, 0.188565]
[0.188753, 0.188525, 0.189566, 0.190839, 0.191236, 0.190528, 0.189152, 0.188419]
[0.188611, 0.188383, 0.189425, 0.190693, 0.191094, 0.190384, 0.18901, 0.188279]
[0.188458, 0.188241, 0.18929, 0.190559, 0.190946, 0.190227, 0.188855, 0.188135]
[0.188331, 0.188111, 0.189157, 0.190423, 0.190812, 0.190098, 0.188727, 0.188005]
[0.188236, 0.187992, 0.189032, 0.19031, 0.19073, 0.190022, 0.188635, 0.18789]
[0.188194, 0.187923, 0.189014, 0.190386, 0.190847, 0.190076, 0.188584, 0.187787]
[0.18794, 0.187724, 0.188807, 0.190112, 0.190502, 0.18974, 0.188328, 0.187601]
[0.187792, 0.187605, 0.188688, 0.189965, 0.190324, 0.189559, 0.188178, 0.187482]
[0.187682, 0.187495, 0.188566, 0.189831, 0.190185, 0.18943, 0.188066, 0.187375]
[0.187566, 0.187389, 0.188464, 0.189723, 0.190066, 0.18931, 0.187948, 0.187269]
[0.18745, 0.187265, 0.188328, 0.189582, 0.189938, 0.189193, 0.187837, 0.187148]
[0.187336, 0.187148, 0.188203, 0.189452, 0.189807, 0.189073, 0.187725, 0.187034]
[0.187212, 0.187033, 0.188094, 0.189338, 0.189684, 0.188946, 0.187598, 0.186918]
[0.187096, 0.18692, 0.187986, 0.189229, 0.189573, 0.18883, 0.18748, 0.186806]
[0.186981, 0.186812, 0.187873, 0.189107, 0.18944, 0.188701, 0.187366, 0.186693]
[0.186873, 0.186719, 0.187787, 0.189022, 0.18934, 0.188588, 0.187255, 0.186595]
[0.186774, 0.186628, 0.187702, 0.188936, 0.189244, 0.188484, 0.187154, 0.186505]
[0.186684, 0.186534, 0.187604, 0.188834, 0.189144, 0.188388, 0.187063, 0.186414]
[0.186596, 0.186432, 0.187488, 0.188712, 0.189036, 0.1883, 0.186976, 0.186318]
[0.18651, 0.186342, 0.187393, 0.188616, 0.188946, 0.188215, 0.186893, 0.186228]
[0.186418, 0.186255, 0.187306, 0.188527, 0.188853, 0.18812, 0.186802, 0.186139]
[0.186327, 0.186171, 0.187226, 0.188442, 0.188758, 0.188026, 0.186708, 0.186056]
[0.186239, 0.186094, 0.187154, 0.188363, 0.188668, 0.18793, 0.186619, 0.185976]
[0.186158, 0.186013, 0.187072, 0.188278, 0.188586, 0.187846, 0.186538, 0.185896]
[0.186077, 0.185937, 0.187001, 0.188211, 0.188508, 0.187762, 0.186452, 0.185818]
[0.185987, 0.18586, 0.186931, 0.188141, 0.188427, 0.187668, 0.18636, 0.185735]
[0.185899, 0.185757, 0.186817, 0.188018, 0.188319, 0.187577, 0.186271, 0.185635]
[0.185816, 0.185674, 0.186735, 0.187941, 0.188243, 0.187495, 0.186188, 0.185552]
[0.185732, 0.185593, 0.186658, 0.187869, 0.188168, 0.187418, 0.186108, 0.185472]
[0.185631, 0.185492, 0.186556, 0.187763, 0.188057, 0.187309, 0.186004, 0.185368]
[0.185536, 0.185394, 0.186453, 0.18766, 0.187958, 0.187213, 0.185905, 0.185267]
[0.185446, 0.185306, 0.186369, 0.187578, 0.187873, 0.18712, 0.185815, 0.185179]
[0.185356, 0.185211, 0.186273, 0.18748, 0.18778, 0.187031, 0.185722, 0.185086]
[0.18526, 0.185127, 0.186192, 0.187398, 0.187684, 0.186928, 0.185624, 0.184996]
[0.185158, 0.185026, 0.186093, 0.187298, 0.187582, 0.186824, 0.18552, 0.184894]
[0.185051, 0.184913, 0.185975, 0.187181, 0.18747, 0.186717, 0.185413, 0.184783]
[0.184953, 0.184815, 0.185878, 0.187083, 0.187373, 0.186615, 0.185313, 0.184684]
[0.18486, 0.184739, 0.185818, 0.187027, 0.1873, 0.186526, 0.18522, 0.184602]
[0.184776, 0.184634, 0.185696, 0.186902, 0.187196, 0.186446, 0.185137, 0.184502]
[0.18469, 0.18455, 0.185614, 0.18683, 0.187124, 0.186365, 0.185058, 0.184419]
[0.184624, 0.18446, 0.185513, 0.186735, 0.187058, 0.186315, 0.184988, 0.184331]
[0.184625, 0.184416, 0.185497, 0.186796, 0.187182, 0.186411, 0.184996, 0.184273]
[0.18448, 0.184302, 0.185369, 0.186627, 0.186973, 0.186213, 0.184846, 0.184164]
[0.184345, 0.184216, 0.185306, 0.186535, 0.186823, 0.186033, 0.184707, 0.184077]
[0.184258, 0.184136, 0.185217, 0.186435, 0.186711, 0.185929, 0.184614, 0.183993]
[0.184174, 0.184049, 0.185129, 0.186346, 0.186624, 0.185846, 0.184531, 0.183909]
[0.184094, 0.183969, 0.18505, 0.186267, 0.186549, 0.185768, 0.184451, 0.183826]
[0.184018, 0.183896, 0.184978, 0.186196, 0.186474, 0.185693, 0.184374, 0.183755]
[0.183953, 0.183827, 0.184908, 0.186129, 0.186411, 0.185632, 0.184311, 0.183688]
[0.183874, 0.183754, 0.184843, 0.186063, 0.186341, 0.185554, 0.184232, 0.183611]
[0.183793, 0.18367, 0.184757, 0.185982, 0.186265, 0.185478, 0.18415, 0.183525]
[0.183716, 0.183588, 0.184673, 0.185896, 0.186185, 0.185402, 0.184073, 0.183445]
[0.183632, 0.183508, 0.184597, 0.185822, 0.186103, 0.185314, 0.183988, 0.183364]
[0.183536, 0.183417, 0.184506, 0.185732, 0.186012, 0.185218, 0.183889, 0.18327]
[0.183457, 0.183324, 0.184403, 0.18563, 0.185925, 0.185146, 0.183814, 0.18318]
[0.183363, 0.183227, 0.184309, 0.185538, 0.185834, 0.185055, 0.183721, 0.183086]
[0.183258, 0.183124, 0.184207, 0.185434, 0.185733, 0.184951, 0.183615, 0.182984]
[0.183147, 0.183003, 0.184075, 0.185308, 0.185615, 0.184841, 0.183508, 0.182866]
[0.183022, 0.182872, 0.183944, 0.185176, 0.185489, 0.184722, 0.183385, 0.182739]
[0.182907, 0.182755, 0.183824, 0.185059, 0.185373, 0.184605, 0.183269, 0.18262]
[0.182799, 0.182639, 0.183708, 0.184948, 0.185269, 0.184504, 0.183165, 0.182509]
[0.182701, 0.182539, 0.183605, 0.184845, 0.185173, 0.184411, 0.183068, 0.182406]
[0.182605, 0.182436, 0.1835, 0.184741, 0.185075, 0.184318, 0.182971, 0.182307]
[0.18251, 0.182334, 0.18339, 0.184631, 0.184974, 0.184229, 0.182881, 0.182207]
[0.182416, 0.182237, 0.183289, 0.184533, 0.184881, 0.184133, 0.182789, 0.182113]
[0.182327, 0.182143, 0.183195, 0.184437, 0.18479, 0.184046, 0.182698, 0.182021]
[0.182249, 0.182058, 0.183106, 0.184349, 0.184704, 0.183967, 0.18262, 0.181938]
[0.182161, 0.181976, 0.183029, 0.184272, 0.184622, 0.183881, 0.182534, 0.181857]
[0.182062, 0.181883, 0.182938, 0.184178, 0.18452, 0.183775, 0.182432, 0.181761]
[0.181956, 0.18177, 0.182819, 0.184062, 0.184415, 0.183673, 0.182328, 0.181651]
[0.181848, 0.181665, 0.182715, 0.183959, 0.184308, 0.183565, 0.182222, 0.181545]
[0.181753, 0.181567, 0.182616, 0.183857, 0.184206, 0.18347, 0.182127, 0.181449]
[0.181665, 0.181479, 0.182526, 0.183769, 0.184121, 0.183385, 0.18204, 0.181363]
[0.181579, 0.181398, 0.182447, 0.183689, 0.184036, 0.183293, 0.181955, 0.181281]
[0.181507, 0.181317, 0.182362, 0.183602, 0.183957, 0.183224, 0.181882, 0.181203]
[0.181427, 0.18123, 0.182267, 0.183508, 0.183869, 0.183146, 0.181806, 0.181121]
[0.181335, 0.18114, 0.182176, 0.183412, 0.183775, 0.183053, 0.181715, 0.18103]
[0.181249, 0.181058, 0.182094, 0.183324, 0.183679, 0.182958, 0.181629, 0.180948]
[0.181273, 0.181026, 0.182079, 0.183387, 0.183814, 0.183074, 0.181655, 0.180904]
[0.181224, 0.180969, 0.182036, 0.183372, 0.183814, 0.183053, 0.181605, 0.180839]
[0.181091, 0.180859, 0.181901, 0.183182, 0.18359, 0.18286, 0.18147, 0.180741]
[0.180939, 0.180751, 0.181793, 0.183034, 0.183392, 0.182657, 0.181315, 0.180636]
[0.180859, 0.180673, 0.181706, 0.182931, 0.18328, 0.182557, 0.181235, 0.180565]
[0.18079, 0.180604, 0.181629, 0.182851, 0.183198, 0.182487, 0.181167, 0.180494]
[0.180727, 0.180538, 0.181563, 0.18278, 0.183129, 0.182422, 0.181105, 0.180431]
[0.180675, 0.180479, 0.181496, 0.182713, 0.183069, 0.182365, 0.181053, 0.180374]
[0.180617, 0.180425, 0.181443, 0.182656, 0.183011, 0.182307, 0.180996, 0.180321]
[0.180576, 0.180371, 0.181381, 0.182596, 0.182962, 0.182269, 0.180955, 0.180268]
[0.180502, 0.180299, 0.181308, 0.182526, 0.182893, 0.1822, 0.180884, 0.180196]
[0.180426, 0.180223, 0.181233, 0.182448, 0.182816, 0.18212, 0.180807, 0.180122]
[0.180356, 0.180155, 0.181161, 0.182373, 0.182744, 0.182048, 0.180737, 0.180053]
[0.180277, 0.18008, 0.181092, 0.182304, 0.182665, 0.181967, 0.180659, 0.179979]
[0.180195, 0.180004, 0.18102, 0.18223, 0.182585, 0.181883, 0.180573, 0.1799]
[0.180127, 0.179933, 0.180949, 0.182162, 0.182519, 0.181818, 0.180506, 0.179825]
[0.180047, 0.179856, 0.180878, 0.182094, 0.182448, 0.181737, 0.18042, 0.179746]
[0.179983, 0.179787, 0.180807, 0.182029, 0.182391, 0.181682, 0.180359, 0.179677]
[0.179888, 0.179691, 0.180715, 0.181943, 0.182305, 0.181586, 0.180263, 0.179584]
[0.179784, 0.179596, 0.180626, 0.18185, 0.182203, 0.181481, 0.180157, 0.179484]
[0.179693, 0.179504, 0.180533, 0.181757, 0.18211, 0.181386, 0.180063, 0.179391]
[0.17959, 0.17941, 0.180443, 0.181664, 0.182005, 0.181277, 0.179959, 0.179292]
[0.179494, 0.179315, 0.18035, 0.181569, 0.181909, 0.181179, 0.17986, 0.179197]
[0.1794, 0.179224, 0.180257, 0.181473, 0.18181, 0.181082, 0.179764, 0.179103]
[0.179303, 0.179127, 0.18016, 0.181373, 0.181708, 0.180981, 0.179666, 0.179007]
[0.179192, 0.179022, 0.180058, 0.181273, 0.181603, 0.180869, 0.179555, 0.178899]
[0.179076, 0.178911, 0.179955, 0.181167, 0.181489, 0.180745, 0.179434, 0.178788]
[0.17896, 0.178798, 0.17984, 0.181053, 0.181379, 0.180635, 0.17932, 0.178671]
[0.178835, 0.178674, 0.179719, 0.180934, 0.181253, 0.180509, 0.179197, 0.178553]
[0.178718, 0.178558, 0.1796, 0.180815, 0.181135, 0.180393, 0.17908, 0.178435]
[0.178581, 0.178428, 0.179479, 0.18069, 0.181, 0.180249, 0.17894, 0.178305]
[0.178469, 0.178311, 0.179353, 0.18056, 0.180878, 0.180135, 0.178829, 0.178191]
[0.178351, 0.178194, 0.179239, 0.180444, 0.18076, 0.180017, 0.17871, 0.178072]
[0.178221, 0.178064, 0.179107, 0.180313, 0.180627, 0.179886, 0.178582, 0.177943]
[0.178095, 0.177938, 0.178977, 0.18018, 0.180496, 0.179758, 0.178455, 0.177816]
[0.177966, 0.177808, 0.178843, 0.180043, 0.180359, 0.17962, 0.178323, 0.177684]
[0.177933, 0.177731, 0.178779, 0.180041, 0.180414, 0.179661, 0.178289, 0.177594]
[0.177776, 0.177582, 0.178614, 0.17985, 0.180206, 0.179468, 0.178131, 0.17745]
[0.177564, 0.177402, 0.178425, 0.17962, 0.179934, 0.1792, 0.17791, 0.17727]
[0.17742, 0.177251, 0.178263, 0.179444, 0.179763, 0.179048, 0.177763, 0.177123]
[0.177282, 0.177108, 0.178111, 0.179291, 0.179614, 0.178904, 0.177628, 0.176979]
[0.177149, 0.176967, 0.177959, 0.179134, 0.17946, 0.178766, 0.177491, 0.17684]
[0.177015, 0.176824, 0.177807, 0.178981, 0.179316, 0.178627, 0.177357, 0.176696]
[0.176891, 0.176693, 0.17767, 0.17884, 0.179181, 0.178501, 0.177232, 0.176568]
[0.17675, 0.176549, 0.177519, 0.17869, 0.179039, 0.178363, 0.177092, 0.176423]
[0.176612, 0.176403, 0.17737, 0.178541, 0.178895, 0.178227, 0.176956, 0.17628]
[0.176472, 0.176254, 0.177216, 0.17839, 0.178754, 0.178091, 0.176815, 0.176133]
[0.176312, 0.176094, 0.177054, 0.17823, 0.178597, 0.177936, 0.176658, 0.175973]
[0.176156, 0.175937, 0.176896, 0.178074, 0.178438, 0.177775, 0.176503, 0.175818]
[0.176013, 0.175784, 0.176738, 0.17792, 0.1783, 0.177646, 0.176361, 0.175667]
[0.17584, 0.175614, 0.176569, 0.177746, 0.178122, 0.177468, 0.17619, 0.175498]
[0.175694, 0.175461, 0.176412, 0.177593, 0.177976, 0.177327, 0.176044, 0.175346]
[0.175543, 0.175312, 0.176264, 0.177442, 0.177822, 0.177175, 0.175896, 0.175199]
[0.175403, 0.175174, 0.176124, 0.177298, 0.17768, 0.177032, 0.175757, 0.175063]
[0.175258, 0.175031, 0.175983, 0.177159, 0.177542, 0.176891, 0.175613, 0.174919]
[0.175117, 0.174891, 0.175844, 0.177017, 0.177396, 0.176746, 0.175471, 0.174779]
[0.174977, 0.174755, 0.175711, 0.176885, 0.177261, 0.176607, 0.175329, 0.17464]
[0.174825, 0.17461, 0.175568, 0.176738, 0.177103, 0.176446, 0.175179, 0.174499]
[0.174688, 0.174474, 0.175433, 0.176605, 0.17697, 0.17631, 0.17504, 0.174362]
[0.174557, 0.174349, 0.175309, 0.176477, 0.176836, 0.176176, 0.17491, 0.174235]
[0.174436, 0.174229, 0.175192, 0.17636, 0.176717, 0.176057, 0.174789, 0.174118]
[0.174312, 0.174112, 0.17508, 0.176245, 0.176597, 0.175929, 0.174662, 0.173995]
[0.174208, 0.174005, 0.174974, 0.176145, 0.176502, 0.175833, 0.17456, 0.173892]
[0.174097, 0.173899, 0.17487, 0.176037, 0.17639, 0.175716, 0.174448, 0.173784]
[0.173991, 0.173798, 0.174772, 0.175941, 0.176284, 0.175606, 0.174342, 0.17368]
[0.173888, 0.173698, 0.174673, 0.175839, 0.176178, 0.175502, 0.17424, 0.173585]
[0.17377, 0.173589, 0.174569, 0.17573, 0.176063, 0.175381, 0.174121, 0.173471]
[0.173656, 0.173483, 0.174466, 0.175625, 0.175945, 0.175258, 0.174004, 0.173365]
[0.17356, 0.17339, 0.174378, 0.175537, 0.175855, 0.175164, 0.173909, 0.173272]
[0.173467, 0.173303, 0.174294, 0.175449, 0.175763, 0.175067, 0.173815, 0.173185]
[0.173379, 0.17322, 0.174213, 0.17537, 0.175678, 0.174978, 0.173723, 0.173096]
[0.173299, 0.173139, 0.174134, 0.175291, 0.175598, 0.1749, 0.173645, 0.17302]
[0.173228, 0.173068, 0.174062, 0.17522, 0.175533, 0.174831, 0.173572, 0.172947]
[0.173191, 0.173018, 0.174022, 0.175205, 0.17554, 0.174827, 0.17354, 0.172892]
[0.173134, 0.172952, 0.173976, 0.175193, 0.175536, 0.174802, 0.173479, 0.172819]
[0.173002, 0.17285, 0.173866, 0.175042, 0.175349, 0.174619, 0.173342, 0.172719]
[0.172915, 0.172776, 0.173787, 0.174946, 0.175233, 0.174509, 0.173255, 0.172647]
[0.172851, 0.172711, 0.173721, 0.174877, 0.175166, 0.174444, 0.173191, 0.172583]
[0.172768, 0.172632, 0.17364, 0.174791, 0.175079, 0.17436, 0.17311, 0.172505]
[0.172686, 0.172547, 0.173552, 0.174704, 0.174993, 0.174274, 0.173024, 0.172422]
[0.17261, 0.172468, 0.173473, 0.174624, 0.174913, 0.174196, 0.17295, 0.172344]
[0.172544, 0.172399, 0.173399, 0.174549, 0.174845, 0.174138, 0.172892, 0.172276]
[0.172474, 0.172328, 0.173327, 0.174478, 0.174771, 0.174066, 0.172819, 0.172208]
[0.172412, 0.172262, 0.173258, 0.174408, 0.174707, 0.174002, 0.172758, 0.172143]
[0.172351, 0.172196, 0.173189, 0.174343, 0.174647, 0.17395, 0.172701, 0.172079]
[0.172271, 0.17212, 0.173113, 0.174262, 0.174563, 0.173862, 0.172619, 0.172001]
[0.172201, 0.172047, 0.173033, 0.174181, 0.174482, 0.173787, 0.172546, 0.171931]
[0.172121, 0.171962, 0.172947, 0.174094, 0.174405, 0.173714, 0.17247, 0.171847]
[0.172021, 0.171861, 0.172841, 0.173986, 0.174292, 0.173605, 0.172366, 0.171744]
[0.171909, 0.171749, 0.172726, 0.173866, 0.17417, 0.173486, 0.172252, 0.171633]
[0.171806, 0.171642, 0.172612, 0.173747, 0.174053, 0.173376, 0.172144, 0.171527]
[0.171694, 0.171528, 0.172496, 0.173629, 0.173936, 0.173261, 0.172034, 0.171409]
[0.171575, 0.171405, 0.172368, 0.173502, 0.173813, 0.173143, 0.171914, 0.171285]
[0.171454, 0.171279, 0.172237, 0.173372, 0.173689, 0.173019, 0.171789, 0.171158]
[0.171338, 0.171159, 0.17211, 0.173244, 0.173564, 0.172899, 0.171671, 0.171036]
[0.171229, 0.171046, 0.171994, 0.173125, 0.173448, 0.172789, 0.171561, 0.170921]
[0.171118, 0.170931, 0.171876, 0.173007, 0.173334, 0.172678, 0.171451, 0.170808]
[0.170995, 0.170808, 0.171752, 0.172879, 0.173204, 0.172548, 0.171326, 0.170688]
[0.170903, 0.170705, 0.171642, 0.172773, 0.173109, 0.172458, 0.171234, 0.170582]
[0.170807, 0.170603, 0.171536, 0.17267, 0.173017, 0.17237, 0.171137, 0.170482]
[0.170701, 0.170493, 0.171427, 0.172566, 0.172915, 0.172268, 0.171032, 0.170376]
[0.170597, 0.17039, 0.171321, 0.172462, 0.172814, 0.172167, 0.17093, 0.170271]
[0.170492, 0.170284, 0.171218, 0.172358, 0.172711, 0.172062, 0.170823, 0.170164]
[0.170395, 0.170183, 0.171115, 0.172259, 0.172614, 0.171969, 0.170725, 0.17006]
[0.170288, 0.170078, 0.171012, 0.172157, 0.172514, 0.171864, 0.170621, 0.169955]
[0.170171, 0.169961, 0.170896, 0.172043, 0.172397, 0.171746, 0.170502, 0.169841]
[0.170059, 0.169854, 0.170792, 0.171935, 0.172288, 0.171632, 0.170389, 0.169732]
[0.169952, 0.169748, 0.17069, 0.171834, 0.17218, 0.171522, 0.170279, 0.169626]
[0.169847, 0.169644, 0.170583, 0.171725, 0.172073, 0.171416, 0.170177, 0.169526]
[0.169793, 0.169575, 0.170523, 0.17169, 0.172063, 0.171399, 0.170127, 0.169451]
[0.169724, 0.169499, 0.170474, 0.171687, 0.172077, 0.171376, 0.170054, 0.16936]
[0.16952, 0.169334, 0.170299, 0.171459, 0.171795, 0.171102, 0.169843, 0.169199]
[0.169362, 0.169204, 0.170172, 0.171301, 0.171603, 0.17091, 0.169679, 0.169068]
[0.169249, 0.169093, 0.170059, 0.171185, 0.17148, 0.17079, 0.169565, 0.168957]
[0.169129, 0.168979, 0.169948, 0.171076, 0.171368, 0.170671, 0.169447, 0.168842]
[0.169018, 0.168867, 0.169839, 0.170967, 0.171263, 0.170566, 0.16934, 0.168733]
[0.168892, 0.168747, 0.169724, 0.170856, 0.171148, 0.170443, 0.169211, 0.168611]
[0.168764, 0.168628, 0.169611, 0.170741, 0.17102, 0.170309, 0.16908, 0.168489]
[0.168644, 0.168514, 0.169504, 0.170633, 0.17091, 0.170192, 0.168965, 0.168378]
[0.168523, 0.1684, 0.169395, 0.170525, 0.170793, 0.170072, 0.168848, 0.168266]
[0.168398, 0.168275, 0.169268, 0.170398, 0.170664, 0.169942, 0.16872, 0.168139]
[0.168287, 0.168156, 0.169143, 0.170274, 0.170553, 0.169839, 0.168612, 0.168023]
[0.16816, 0.168029, 0.169013, 0.170138, 0.170415, 0.169703, 0.168484, 0.167898]
[0.168029, 0.167892, 0.168868, 0.16999, 0.170269, 0.16957, 0.16835, 0.167761]
[0.167895, 0.167758, 0.16873, 0.169844, 0.170125, 0.169428, 0.168215, 0.167626]
[0.167752, 0.167616, 0.168584, 0.169694, 0.169969, 0.169279, 0.168073, 0.167489]
[0.16761, 0.167467, 0.16843, 0.169539, 0.16982, 0.169135, 0.167928, 0.167334]
[0.167455, 0.167308, 0.168264, 0.16937, 0.169652, 0.168974, 0.167771, 0.167178]
[0.167294, 0.167141, 0.168089, 0.16919, 0.169481, 0.168809, 0.167608, 0.167008]
[0.167128, 0.166978, 0.167925, 0.169028, 0.169317, 0.168642, 0.167441, 0.166841]
[0.166965, 0.16681, 0.167758, 0.168863, 0.169154, 0.168479, 0.167279, 0.166677]
[0.166791, 0.166638, 0.167587, 0.168694, 0.168987, 0.16831, 0.167103, 0.166503]
[0.166616, 0.166457, 0.167406, 0.168522, 0.16882, 0.168143, 0.16693, 0.166323]
[0.166428, 0.166278, 0.167235, 0.168345, 0.168632, 0.167946, 0.166738, 0.166139]
[0.166244, 0.166099, 0.167056, 0.168168, 0.168452, 0.167759, 0.16655, 0.165957]
[0.166072, 0.165928, 0.16689, 0.168004, 0.168288, 0.167591, 0.166378, 0.165783]
[0.165902, 0.165761, 0.166725, 0.167838, 0.168115, 0.167417, 0.166207, 0.165616]
[0.165725, 0.165589, 0.166557, 0.167667, 0.167938, 0.167236, 0.166029, 0.165444]
[0.165569, 0.165423, 0.166384, 0.167498, 0.167781, 0.167085, 0.165871, 0.165278]
[0.165401, 0.16526, 0.166229, 0.167348, 0.167628, 0.166925, 0.165705, 0.165114]
[0.165253, 0.165106, 0.166075, 0.167201, 0.167487, 0.166785, 0.16556, 0.164962]
[0.165105, 0.164956, 0.165927, 0.167056, 0.167347, 0.166644, 0.165412, 0.164811]
[0.164947, 0.164804, 0.165779, 0.166905, 0.167191, 0.166482, 0.165252, 0.164656]
[0.164803, 0.164663, 0.165636, 0.166764, 0.167048, 0.166339, 0.165108, 0.164512]
[0.164733, 0.164557, 0.16553, 0.166696, 0.16703, 0.166324, 0.165051, 0.164411]
[0.164642, 0.164443, 0.165446, 0.166669, 0.16704, 0.166299, 0.16496, 0.164283]
[0.164371, 0.164215, 0.165206, 0.166368, 0.166681, 0.165949, 0.164681, 0.164059]
[0.164179, 0.16405, 0.165046, 0.166185, 0.166459, 0.165724, 0.164483, 0.163897]
[0.164017, 0.163889, 0.164874, 0.166, 0.166272, 0.165547, 0.164321, 0.163739]
[0.163861, 0.163726, 0.164703, 0.165826, 0.166101, 0.165388, 0.164168, 0.163584]
[0.163709, 0.163579, 0.164559, 0.165682, 0.165957, 0.16524, 0.164017, 0.163435]
[0.163562, 0.163423, 0.164396, 0.165518, 0.165798, 0.165091, 0.163876, 0.163286]
[0.16341, 0.163265, 0.164226, 0.165342, 0.165629, 0.16494, 0.163726, 0.163133]
[0.163266, 0.163113, 0.16407, 0.165186, 0.165482, 0.164802, 0.163588, 0.162988]
[0.163132, 0.162977, 0.163933, 0.165054, 0.165355, 0.164672, 0.163456, 0.16285]
[0.162998, 0.16285, 0.163813, 0.16494, 0.165236, 0.164542, 0.163325, 0.16272]
[0.162875, 0.162729, 0.163694, 0.164817, 0.165111, 0.164415, 0.163199, 0.162603]
[0.162754, 0.162609, 0.163574, 0.164693, 0.164988, 0.164293, 0.163076, 0.162482]
[0.162638, 0.162487, 0.163447, 0.164569, 0.164866, 0.164176, 0.162961, 0.162359]
[0.162524, 0.162375, 0.163338, 0.16446, 0.164756, 0.164065, 0.162849, 0.16225]
[0.162422, 0.16227, 0.163232, 0.164359, 0.164655, 0.163967, 0.162751, 0.162147]
[0.162315, 0.162158, 0.163114, 0.164235, 0.164541, 0.163859, 0.162642, 0.162036]
[0.162208, 0.162055, 0.163019, 0.164141, 0.164442, 0.163756, 0.162535, 0.161933]
[0.162112, 0.161974, 0.162949, 0.164075, 0.164364, 0.163658, 0.162434, 0.161844]
[0.161999, 0.161862, 0.162835, 0.16396, 0.164243, 0.163538, 0.162322, 0.161735]
[0.161867, 0.161719, 0.162677, 0.163791, 0.164085, 0.1634, 0.162187, 0.161591]
[0.16175, 0.161607, 0.162575, 0.163695, 0.163979, 0.163283, 0.162068, 0.161477]
[0.161626, 0.161482, 0.162446, 0.163563, 0.163848, 0.163157, 0.161945, 0.161353]
[0.161515, 0.161403, 0.162408, 0.163546, 0.163805, 0.163058, 0.161826, 0.161257]
[0.161374, 0.161257, 0.162245, 0.163365, 0.163626, 0.162898, 0.161678, 0.161112]
[0.161229, 0.161111, 0.162096, 0.163206, 0.163461, 0.162742, 0.161531, 0.160967]
[0.161085, 0.160981, 0.161976, 0.163087, 0.163327, 0.16259, 0.161383, 0.16083]
[0.160923, 0.160815, 0.161802, 0.162905, 0.163145, 0.162419, 0.161217, 0.160662]
[0.16076, 0.160653, 0.161638, 0.162737, 0.16298, 0.162251, 0.161052, 0.160495]
[0.160604, 0.160514, 0.161518, 0.162621, 0.162843, 0.162092, 0.160887, 0.160346]
[0.16044, 0.160347, 0.161334, 0.162426, 0.16265, 0.161916, 0.160722, 0.16018]
[0.160265, 0.160169, 0.161155, 0.162246, 0.16247, 0.161735, 0.160539, 0.159996]
[0.160103, 0.160018, 0.161014, 0.162102, 0.162315, 0.161566, 0.160375, 0.159841]
[0.159934, 0.159856, 0.160855, 0.161946, 0.162151, 0.161395, 0.160201, 0.159672]
[0.159743, 0.159655, 0.160642, 0.161729, 0.161945, 0.161205, 0.160012, 0.159472]
[0.159551, 0.159459, 0.160445, 0.161538, 0.161757, 0.161018, 0.159824, 0.159277]
[0.159411, 0.159259, 0.160228, 0.161359, 0.161659, 0.160942, 0.159694, 0.159086]
[0.159308, 0.15913, 0.160131, 0.161334, 0.161675, 0.160915, 0.159593, 0.158946]
[0.158997, 0.158881, 0.159876, 0.161003, 0.16126, 0.160504, 0.159268, 0.158696]
[0.158824, 0.158738, 0.159742, 0.160848, 0.161066, 0.1603, 0.15909, 0.158552]
[0.158678, 0.158612, 0.15963, 0.16074, 0.160937, 0.16015, 0.158945, 0.158424]
[0.158507, 0.158425, 0.159419, 0.160504, 0.160709, 0.159955, 0.158769, 0.158246]
[0.158334, 0.158242, 0.159215, 0.160296, 0.160511, 0.159777, 0.158601, 0.158066]
[0.15817, 0.158067, 0.159035, 0.160115, 0.160342, 0.159619, 0.158442, 0.1579]
[0.158034, 0.157939, 0.158924, 0.160019, 0.160239, 0.159496, 0.158309, 0.15777]
[0.157882, 0.157771, 0.158732, 0.159808, 0.160037, 0.159329, 0.158158, 0.157614]
[0.157753, 0.157647, 0.158606, 0.159683, 0.159913, 0.159203, 0.158032, 0.157488]
[0.157619, 0.157502, 0.158446, 0.159512, 0.15975, 0.159058, 0.157899, 0.157351]
[0.157519, 0.157425, 0.158401, 0.159489, 0.159708, 0.158975, 0.157801, 0.157265]
[0.157401, 0.157294, 0.158256, 0.159331, 0.159563, 0.158852, 0.157683, 0.15714]
[0.157284, 0.15716, 0.158112, 0.159192, 0.159438, 0.158744, 0.157571, 0.157013]
[0.15718, 0.157047, 0.157988, 0.159067, 0.159324, 0.158638, 0.157466, 0.156901]
[0.157056, 0.156912, 0.157837, 0.158905, 0.15917, 0.158504, 0.157341, 0.156768]
[0.156933, 0.156791, 0.157719, 0.15879, 0.159054, 0.158385, 0.15722, 0.156648]
[0.156808, 0.156666, 0.157588, 0.158653, 0.158919, 0.158254, 0.157094, 0.156523]
[0.156677, 0.156552, 0.157488, 0.158553, 0.1588, 0.158119, 0.15696, 0.156403]
[0.15655, 0.156422, 0.157354, 0.158411, 0.158659, 0.157986, 0.156833, 0.156277]
[0.156432, 0.15631, 0.157249, 0.158313, 0.158558, 0.157873, 0.156714, 0.156163]
[0.156303, 0.156179, 0.157117, 0.158185, 0.158433, 0.157749, 0.156585, 0.156028]
[0.156172, 0.156049, 0.156991, 0.158063, 0.15831, 0.157619, 0.156453, 0.155897]
[0.156032, 0.155911, 0.156847, 0.157914, 0.158157, 0.15747, 0.156309, 0.155756]
[0.155886, 0.155763, 0.156695, 0.157755, 0.158, 0.15732, 0.156161, 0.155608]
[0.155722, 0.155587, 0.15651, 0.15757, 0.157825, 0.157156, 0.155996, 0.155432]
[0.155565, 0.155439, 0.156378, 0.157442, 0.15769, 0.157004, 0.155838, 0.155279]
[0.155405, 0.155273, 0.156203, 0.157268, 0.157525, 0.156845, 0.155678, 0.155113]
[0.155241, 0.155104, 0.15603, 0.157092, 0.157355, 0.156679, 0.15551, 0.154945]
[0.155088, 0.154965, 0.1559, 0.156963, 0.157209, 0.15652, 0.155356, 0.154803]
[0.154923, 0.154809, 0.155743, 0.1568, 0.157036, 0.156347, 0.155188, 0.15464]
[0.154754, 0.154639, 0.155574, 0.156627, 0.156864, 0.156176, 0.155018, 0.154473]
[0.154591, 0.154483, 0.155421, 0.156475, 0.156705, 0.156009, 0.154851, 0.15431]
[0.154439, 0.154344, 0.155295, 0.156356, 0.156579, 0.155863, 0.154697, 0.154164]
[0.154291, 0.154192, 0.155146, 0.156203, 0.156427, 0.155711, 0.154548, 0.154015]
[0.154226, 0.154035, 0.154966, 0.156101, 0.156441, 0.155753, 0.154498, 0.153856]
[0.154063, 0.153872, 0.154808, 0.155943, 0.156282, 0.155591, 0.154335, 0.153697]
[0.153794, 0.153741, 0.154809, 0.155978, 0.156185, 0.155324, 0.154051, 0.153527]
[0.153663, 0.153635, 0.154704, 0.155848, 0.156017, 0.155153, 0.15391, 0.153415]
[0.153518, 0.153476, 0.154505, 0.155606, 0.15578, 0.154966, 0.153763, 0.153268]
[0.153357, 0.153286, 0.154277, 0.155359, 0.155554, 0.154791, 0.153608, 0.153089]
[0.153198, 0.153117, 0.154094, 0.155173, 0.155379, 0.154629, 0.153446, 0.152923]
[0.153041, 0.15296, 0.153938, 0.155017, 0.155225, 0.154477, 0.153294, 0.152764]
[0.152878, 0.15279, 0.153763, 0.154845, 0.15506, 0.15432, 0.153134, 0.152599]
[0.152713, 0.152619, 0.153584, 0.154665, 0.154889, 0.154152, 0.152971, 0.152432]
[0.152547, 0.152441, 0.153395, 0.154466, 0.154698, 0.15398, 0.152805, 0.152259]
[0.15239, 0.1523, 0.153269, 0.154349, 0.154572, 0.153835, 0.152651, 0.152116]
[0.152213, 0.152125, 0.153098, 0.154179, 0.154401, 0.15366, 0.152475, 0.15194]
[0.15204, 0.15194, 0.152901, 0.15398, 0.154215, 0.153488, 0.152306, 0.151761]
[0.151899, 0.151814, 0.152801, 0.153906, 0.154132, 0.153374, 0.152168, 0.15163]
[0.151724, 0.151611, 0.152561, 0.153641, 0.153891, 0.15318, 0.151997, 0.151441]
[0.151582, 0.151478, 0.152457, 0.153565, 0.15381, 0.153069, 0.151859, 0.151304]
[0.15142, 0.151293, 0.152241, 0.153332, 0.153598, 0.152893, 0.151697, 0.151128]
[0.151264, 0.151136, 0.152093, 0.153196, 0.153467, 0.152751, 0.151545, 0.150972]
[0.151108, 0.150976, 0.151922, 0.15302, 0.153292, 0.152587, 0.151388, 0.150816]
[0.150962, 0.150853, 0.151831, 0.152944, 0.153199, 0.152459, 0.151246, 0.150685]
[0.150816, 0.150713, 0.151697, 0.152812, 0.153059, 0.152309, 0.151096, 0.150542]
[0.150664, 0.150571, 0.151562, 0.152673, 0.152906, 0.15215, 0.150941, 0.150399]
[0.150503, 0.150404, 0.151369, 0.152452, 0.152687, 0.151962, 0.150778, 0.150234]
[0.15034, 0.150245, 0.151201, 0.152276, 0.152504, 0.151786, 0.150612, 0.150075]
[0.150179, 0.150086, 0.151049, 0.152122, 0.152349, 0.151627, 0.150454, 0.149919]
[0.15004, 0.149961, 0.150941, 0.152023, 0.152239, 0.151495, 0.150313, 0.149789]
[0.1499, 0.149822, 0.150801, 0.151882, 0.152096, 0.151353, 0.150172, 0.14965]
[0.14975, 0.14966, 0.150624, 0.151697, 0.15192, 0.151194, 0.150024, 0.149493]
[0.149616, 0.149535, 0.150514, 0.151593, 0.151811, 0.151068, 0.149889, 0.149368]
[0.149484, 0.149404, 0.150377, 0.151452, 0.15167, 0.150937, 0.149764, 0.149239]
[0.149361, 0.149287, 0.150266, 0.151343, 0.151555, 0.150812, 0.149639, 0.149122]
[0.149238, 0.149152, 0.150119, 0.151194, 0.151418, 0.150687, 0.149519, 0.148996]
[0.149132, 0.149057, 0.150041, 0.151125, 0.151337, 0.150591, 0.149416, 0.148896]
[0.149015, 0.148943, 0.149925, 0.151, 0.151205, 0.150467, 0.149298, 0.148786]
[0.148913, 0.148849, 0.149849, 0.150945, 0.151151, 0.150384, 0.149199, 0.148685]
[0.148817, 0.148761, 0.14978, 0.150886, 0.151087, 0.150302, 0.149104, 0.148598]
[0.148786, 0.148569, 0.149512, 0.150689, 0.151073, 0.150387, 0.1491, 0.148435]
[0.148608, 0.148409, 0.14934, 0.150488, 0.150851, 0.150182, 0.148929, 0.148287]
[0.148367, 0.148299, 0.149327, 0.150472, 0.150704, 0.149907, 0.148677, 0.148146]
[0.14827, 0.148212, 0.149222, 0.15033, 0.150541, 0.149767, 0.148571, 0.148063]
[0.1482, 0.148166, 0.149216, 0.150348, 0.150537, 0.149715, 0.1485, 0.148009]
[0.148108, 0.14807, 0.149105, 0.150225, 0.150412, 0.149607, 0.148405, 0.147913]
[0.147995, 0.147938, 0.14894, 0.150034, 0.150234, 0.14947, 0.148292, 0.147787]
[0.147914, 0.147867, 0.148893, 0.150005, 0.150202, 0.149413, 0.148215, 0.147714]
[0.147822, 0.147765, 0.148783, 0.149895, 0.150101, 0.149321, 0.148123, 0.147611]
[0.147711, 0.147647, 0.148652, 0.149753, 0.149966, 0.149202, 0.148012, 0.147499]
[0.147589, 0.147508, 0.148485, 0.149569, 0.149791, 0.149064, 0.14789, 0.147367]
[0.147505, 0.147441, 0.14845, 0.149556, 0.149765, 0.149001, 0.147808, 0.14729]
[0.147392, 0.147325, 0.148318, 0.149408, 0.149622, 0.14887, 0.147692, 0.147176]
[0.147281, 0.147211, 0.148201, 0.149284, 0.149495, 0.14875, 0.147577, 0.147066]
[0.147178, 0.147118, 0.148118, 0.149211, 0.149414, 0.14866, 0.147476, 0.146967]
[0.147095, 0.147051, 0.148067, 0.14916, 0.149349, 0.148573, 0.147388, 0.146892]
[0.146993, 0.146952, 0.147964, 0.149056, 0.149241, 0.148466, 0.147286, 0.146793]
[0.146895, 0.146854, 0.147887, 0.149, 0.149186, 0.148389, 0.147185, 0.14669]
[0.146803, 0.146771, 0.147809, 0.148926, 0.149109, 0.148296, 0.147091, 0.1466]
[0.146712, 0.14668, 0.147725, 0.148842, 0.149026, 0.14821, 0.146997, 0.146505]
[0.146621, 0.146592, 0.147642, 0.148765, 0.148943, 0.148118, 0.146903, 0.146413]
[0.146524, 0.146487, 0.147524, 0.14864, 0.148822, 0.148011, 0.146803, 0.146311]
[0.146446, 0.146419, 0.147467, 0.148581, 0.148748, 0.147924, 0.146718, 0.146239]
[0.146343, 0.146318, 0.147355, 0.148457, 0.148623, 0.14781, 0.146615, 0.146134]
[0.14621, 0.146166, 0.147175, 0.148258, 0.148437, 0.147656, 0.146479, 0.145991]
[0.146095, 0.146049, 0.147055, 0.148138, 0.148318, 0.147542, 0.146366, 0.145873]
[0.146005, 0.145972, 0.146992, 0.148088, 0.148264, 0.147466, 0.146278, 0.145789]
[0.145895, 0.145845, 0.146848, 0.147932, 0.148116, 0.147341, 0.146163, 0.145666]
[0.145803, 0.145753, 0.146762, 0.147853, 0.148042, 0.147258, 0.146071, 0.145573]
[0.145717, 0.145672, 0.146693, 0.147795, 0.147981, 0.147184, 0.145985, 0.145486]
[0.14561, 0.145541, 0.14653, 0.147615, 0.147817, 0.147057, 0.145876, 0.145364]
[0.145526, 0.145459, 0.146454, 0.147541, 0.147742, 0.146976, 0.145789, 0.145278]
[0.14544, 0.145375, 0.146367, 0.147454, 0.147656, 0.146889, 0.145706, 0.145191]
[0.145347, 0.145264, 0.146235, 0.147307, 0.147518, 0.146782, 0.145612, 0.14509]
[0.145285, 0.145226, 0.146234, 0.147335, 0.14753, 0.146745, 0.145545, 0.145036]
[0.145219, 0.145167, 0.146204, 0.147332, 0.147527, 0.146705, 0.145478, 0.14497]
[0.145118, 0.145049, 0.146045, 0.147144, 0.147347, 0.146571, 0.145375, 0.144859]
[0.145127, 0.14491, 0.145817, 0.146951, 0.14732, 0.146664, 0.145412, 0.144753]
[0.14506, 0.144841, 0.145766, 0.146932, 0.147314, 0.14663, 0.145346, 0.144675]
[0.144757, 0.144665, 0.145669, 0.146802, 0.147042, 0.146258, 0.145025, 0.144478]
[0.144694, 0.144638, 0.145667, 0.146799, 0.146999, 0.146182, 0.144954, 0.144438]
[0.14461, 0.144554, 0.145571, 0.146682, 0.146877, 0.146073, 0.144867, 0.14436]
[0.144523, 0.144451, 0.145439, 0.146536, 0.146742, 0.145972, 0.144785, 0.144266]
[0.144437, 0.144356, 0.145337, 0.14643, 0.146643, 0.145885, 0.144699, 0.144175]
[0.144354, 0.144279, 0.145254, 0.146339, 0.146548, 0.145795, 0.144617, 0.144094]
[0.14427, 0.144177, 0.14513, 0.146198, 0.146422, 0.145699, 0.144536, 0.144005]
[0.144205, 0.144128, 0.145109, 0.1462, 0.146413, 0.145656, 0.14447, 0.143947]
[0.14412, 0.144027, 0.144985, 0.146067, 0.146294, 0.145563, 0.144388, 0.143853]
[0.144026, 0.143918, 0.144856, 0.145926, 0.14617, 0.145467, 0.144302, 0.143752]
[0.143947, 0.143849, 0.144815, 0.145908, 0.146147, 0.145413, 0.144225, 0.143679]
[0.143854, 0.143741, 0.144691, 0.145779, 0.146036, 0.14532, 0.144138, 0.143583]
[0.14376, 0.143624, 0.144553, 0.145641, 0.145923, 0.145239, 0.144056, 0.143478]
[0.143677, 0.143556, 0.144509, 0.145613, 0.145885, 0.145172, 0.143974, 0.143409]
[0.143588, 0.143448, 0.144379, 0.145476, 0.145763, 0.145084, 0.143895, 0.143309]
[0.143511, 0.14337, 0.144302, 0.145402, 0.145697, 0.145013, 0.143821, 0.143236]
[0.143441, 0.143295, 0.144224, 0.145327, 0.145626, 0.144947, 0.143753, 0.143166]
[0.143383, 0.143252, 0.144196, 0.145308, 0.145596, 0.144897, 0.143701, 0.14312]
[0.143323, 0.143203, 0.144158, 0.145271, 0.145551, 0.14484, 0.14364, 0.143068]
[0.143294, 0.143201, 0.14421, 0.145357, 0.145611, 0.144839, 0.143608, 0.143056]
[0.143228, 0.143123, 0.144106, 0.145237, 0.145507, 0.144762, 0.143543, 0.142983]
[0.143186, 0.143088, 0.144081, 0.145224, 0.145489, 0.144732, 0.143504, 0.142942]
[0.143119, 0.14301, 0.143983, 0.145112, 0.145383, 0.144649, 0.143436, 0.142871]
[0.143045, 0.142934, 0.143906, 0.145032, 0.1453, 0.144572, 0.143361, 0.142796]
[0.142949, 0.14282, 0.143762, 0.144869, 0.145158, 0.144466, 0.143269, 0.142691]
[0.142871, 0.14274, 0.143682, 0.14479, 0.145081, 0.144394, 0.143196, 0.142616]
[0.142807, 0.142678, 0.143624, 0.144736, 0.145024, 0.144328, 0.14313, 0.142552]
[0.142736, 0.142603, 0.143547, 0.144659, 0.144956, 0.14426, 0.143061, 0.14248]
[0.14268, 0.142566, 0.143531, 0.144657, 0.144936, 0.144211, 0.143002, 0.142433]
[0.14262, 0.142508, 0.143468, 0.14458, 0.144855, 0.144141, 0.142941, 0.142376]
[0.142562, 0.142449, 0.143409, 0.144519, 0.144794, 0.144079, 0.142881, 0.142319]
[0.142505, 0.142388, 0.143339, 0.144447, 0.144726, 0.144019, 0.142827, 0.142258]
[0.142462, 0.142349, 0.143311, 0.144429, 0.144703, 0.143983, 0.142781, 0.142215]
[0.142407, 0.142192, 0.143074, 0.144191, 0.144579, 0.143963, 0.142745, 0.142088]
[0.142478, 0.14223, 0.143158, 0.144372, 0.144809, 0.144133, 0.142809, 0.142097]
[0.142289, 0.142081, 0.142987, 0.144129, 0.144511, 0.143855, 0.142612, 0.141959]
[0.142161, 0.141983, 0.142881, 0.143984, 0.144324, 0.143676, 0.142479, 0.141863]
[0.142078, 0.141911, 0.142801, 0.143883, 0.144209, 0.14357, 0.142394, 0.141792]
[0.142003, 0.141839, 0.142718, 0.143786, 0.144105, 0.143474, 0.142315, 0.14172]
[0.141913, 0.14177, 0.142656, 0.14371, 0.144005, 0.143368, 0.142222, 0.141646]
[0.14185, 0.141706, 0.142583, 0.143628, 0.143917, 0.143289, 0.142152, 0.141583]
[0.141786, 0.141646, 0.142522, 0.143556, 0.143841, 0.143213, 0.142084, 0.14152]
[0.14173, 0.141593, 0.142466, 0.1435, 0.143784, 0.143154, 0.142029, 0.141464]
[0.14168, 0.141542, 0.142416, 0.143444, 0.143724, 0.143098, 0.141976, 0.141414]
[0.141626, 0.141498, 0.142372, 0.143396, 0.143665, 0.143031, 0.141917, 0.141365]
[0.141585, 0.141443, 0.142305, 0.143325, 0.143612, 0.142994, 0.141877, 0.141312]
[0.141516, 0.141386, 0.142253, 0.14327, 0.14354, 0.142915, 0.141805, 0.141252]
[0.141465, 0.141334, 0.142196, 0.143208, 0.143477, 0.142855, 0.141749, 0.141198]
[0.141414, 0.141286, 0.142147, 0.143156, 0.143424, 0.142801, 0.141696, 0.141146]
[0.141357, 0.141233, 0.142098, 0.143101, 0.143358, 0.142732, 0.141638, 0.141095]
[0.141308, 0.141185, 0.142048, 0.143048, 0.143305, 0.142677, 0.141582, 0.141042]
[0.141264, 0.141142, 0.142004, 0.143002, 0.143257, 0.14263, 0.141536, 0.140999]
[0.14122, 0.141101, 0.141964, 0.142964, 0.143216, 0.142587, 0.141492, 0.140954]
[0.14118, 0.141059, 0.141921, 0.142919, 0.143173, 0.142545, 0.141449, 0.140911]
[0.141148, 0.14102, 0.14188, 0.142884, 0.143147, 0.142522, 0.141421, 0.140872]
[0.141101, 0.140976, 0.141835, 0.142838, 0.1431, 0.142473, 0.141372, 0.140829]
[0.141066, 0.140939, 0.141798, 0.142803, 0.143067, 0.142437, 0.141336, 0.14079]
[0.141025, 0.140899, 0.141764, 0.142774, 0.143034, 0.142399, 0.141295, 0.140749]
[0.140974, 0.140855, 0.141725, 0.142737, 0.142988, 0.142346, 0.141241, 0.140702]
[0.140942, 0.140823, 0.141692, 0.142701, 0.142954, 0.142312, 0.141206, 0.14067]
[0.140895, 0.140784, 0.141656, 0.142668, 0.142913, 0.142264, 0.141158, 0.140629]
[0.140871, 0.140754, 0.141631, 0.142644, 0.142895, 0.142243, 0.141134, 0.140597]
[0.140827, 0.140721, 0.141602, 0.14261, 0.142849, 0.142193, 0.141089, 0.140561]
[0.140812, 0.140698, 0.141573, 0.142585, 0.14283, 0.142179, 0.141072, 0.14054]
[0.140756, 0.140655, 0.141539, 0.142549, 0.142785, 0.142119, 0.141017, 0.140492]
[0.140725, 0.140621, 0.141504, 0.142516, 0.142754, 0.142096, 0.140987, 0.140461]
[0.140676, 0.140578, 0.141466, 0.142475, 0.142701, 0.142036, 0.140935, 0.140415]
[0.140645, 0.140543, 0.141424, 0.142431, 0.142666, 0.142007, 0.140906, 0.140382]
[0.140605, 0.140494, 0.141373, 0.142382, 0.142624, 0.141972, 0.140868, 0.140335]
[0.140587, 0.140462, 0.141333, 0.142352, 0.142613, 0.141969, 0.140854, 0.140308]
[0.140659, 0.140497, 0.1414, 0.142495, 0.142813, 0.142132, 0.140927, 0.140325]
[0.14055, 0.140403, 0.141293, 0.142356, 0.142654, 0.141988, 0.14082, 0.140242]
[0.140432, 0.140308, 0.141192, 0.142225, 0.14249, 0.141829, 0.140698, 0.140147]
[0.140354, 0.140237, 0.14112, 0.142142, 0.142397, 0.141739, 0.140623, 0.14008]
[0.140281, 0.140162, 0.141038, 0.142055, 0.142309, 0.141661, 0.140547, 0.140007]
[0.140198, 0.140072, 0.140944, 0.141958, 0.14222, 0.141578, 0.140466, 0.139922]
[0.140108, 0.139985, 0.140858, 0.141876, 0.142134, 0.14149, 0.14038, 0.139835]
[0.140028, 0.139904, 0.140768, 0.141778, 0.142041, 0.141405, 0.140299, 0.139752]
[0.139972, 0.139835, 0.140693, 0.141711, 0.141983, 0.141357, 0.140248, 0.139689]
[0.139885, 0.139748, 0.140606, 0.141621, 0.141895, 0.141268, 0.140158, 0.139602]
[0.139801, 0.139664, 0.14052, 0.141535, 0.14181, 0.141185, 0.140075, 0.139516]
[0.139723, 0.139586, 0.140443, 0.141456, 0.14173, 0.141102, 0.139993, 0.139437]
[0.139629, 0.1395, 0.140359, 0.141369, 0.141632, 0.140999, 0.139896, 0.139348]
[0.139548, 0.139421, 0.140279, 0.141282, 0.141543, 0.140913, 0.139814, 0.139268]
[0.139479, 0.13935, 0.140204, 0.141208, 0.14147, 0.140842, 0.13974, 0.139195]
[0.13941, 0.139282, 0.140138, 0.14114, 0.1414, 0.140773, 0.139674, 0.139126]
[0.139337, 0.139214, 0.140071, 0.141073, 0.141331, 0.140696, 0.139596, 0.139056]
[0.139271, 0.139154, 0.140017, 0.141016, 0.141262, 0.14062, 0.139527, 0.138994]
[0.139224, 0.139101, 0.13996, 0.140961, 0.141215, 0.140578, 0.139481, 0.138941]
[0.139193, 0.139059, 0.139911, 0.140916, 0.141183, 0.140556, 0.13945, 0.1389]
[0.139136, 0.139003, 0.139857, 0.140862, 0.14113, 0.140499, 0.139397, 0.138845]
[0.139081, 0.138948, 0.1398, 0.140808, 0.141076, 0.140445, 0.139341, 0.138789]
[0.139028, 0.138895, 0.139749, 0.140756, 0.141021, 0.140392, 0.13929, 0.138737]
[0.138978, 0.138845, 0.139697, 0.140704, 0.14097, 0.140341, 0.139239, 0.138688]
[0.138929, 0.138798, 0.139652, 0.140659, 0.14092, 0.14029, 0.139188, 0.138639]
[0.138888, 0.138756, 0.139608, 0.140611, 0.140876, 0.140248, 0.139145, 0.138597]
[0.138827, 0.138701, 0.139559, 0.14056, 0.140816, 0.140185, 0.139088, 0.138546]
[0.13878, 0.138653, 0.13951, 0.140515, 0.140772, 0.140141, 0.139042, 0.138499]
[0.138733, 0.138608, 0.139469, 0.140476, 0.140733, 0.140097, 0.138995, 0.138453]
[0.138686, 0.138565, 0.139431, 0.140439, 0.140693, 0.140051, 0.138952, 0.13841]
[0.138664, 0.138536, 0.139398, 0.140413, 0.14068, 0.14004, 0.138931, 0.138381]
[0.138636, 0.138505, 0.139372, 0.140391, 0.14066, 0.140018, 0.138906, 0.138356]
[0.138607, 0.138476, 0.139344, 0.140366, 0.140632, 0.139992, 0.138878, 0.138329]
[0.138585, 0.138451, 0.139321, 0.140343, 0.140615, 0.139975, 0.138857, 0.138305]
[0.138551, 0.138423, 0.139292, 0.140314, 0.140583, 0.139939, 0.138821, 0.138271]
[0.138523, 0.138394, 0.139266, 0.140296, 0.140566, 0.139917, 0.138793, 0.138241]
[0.138614, 0.138453, 0.139361, 0.140462, 0.14078, 0.14009, 0.138886, 0.138286]
[0.138576, 0.13842, 0.139328, 0.140428, 0.140737, 0.140047, 0.138845, 0.138251]
[0.138404, 0.138307, 0.139214, 0.140251, 0.140482, 0.139785, 0.138661, 0.13814]
[0.138355, 0.138261, 0.139154, 0.14017, 0.140397, 0.139718, 0.138613, 0.138097]
[0.138304, 0.138208, 0.139093, 0.140096, 0.140319, 0.139655, 0.138561, 0.138044]
[0.138261, 0.138167, 0.139047, 0.140047, 0.140266, 0.139605, 0.138517, 0.138007]
[0.138218, 0.138125, 0.139002, 0.139997, 0.140216, 0.139557, 0.138472, 0.137963]
[0.138175, 0.138075, 0.138948, 0.13994, 0.140161, 0.139508, 0.138428, 0.137915]
[0.138127, 0.13804, 0.13892, 0.139911, 0.14012, 0.139457, 0.138378, 0.137875]
[0.138073, 0.137978, 0.138851, 0.139834, 0.140052, 0.139401, 0.138323, 0.137815]
[0.138016, 0.137918, 0.138788, 0.139777, 0.139998, 0.139345, 0.138264, 0.137752]
[0.137965, 0.137866, 0.138737, 0.139728, 0.139952, 0.139299, 0.138212, 0.137699]
[0.137908, 0.137811, 0.138682, 0.139671, 0.139894, 0.139238, 0.138155, 0.137643]
[0.137854, 0.137764, 0.13864, 0.139629, 0.13984, 0.139179, 0.138097, 0.137592]
[0.137811, 0.137703, 0.138567, 0.139559, 0.139787, 0.139141, 0.138054, 0.137534]
[0.137747, 0.137637, 0.138501, 0.139489, 0.139722, 0.139076, 0.137988, 0.137467]
[0.137673, 0.137577, 0.138448, 0.139436, 0.139653, 0.138994, 0.13791, 0.1374]
[0.137606, 0.137504, 0.138367, 0.139352, 0.139573, 0.138921, 0.137841, 0.137328]
[0.137528, 0.137433, 0.1383, 0.139282, 0.139494, 0.138838, 0.13776, 0.137254]
[0.137463, 0.137363, 0.138224, 0.1392, 0.139417, 0.138768, 0.137695, 0.137187]
[0.137391, 0.137296, 0.138157, 0.13913, 0.139341, 0.13869, 0.137621, 0.13712]
[0.137322, 0.137228, 0.138084, 0.139049, 0.139258, 0.13861, 0.137548, 0.137049]
[0.137253, 0.137165, 0.138021, 0.138979, 0.139179, 0.138534, 0.137478, 0.136983]
[0.137185, 0.137101, 0.137957, 0.138905, 0.139097, 0.138454, 0.137407, 0.136924]
[0.137113, 0.137031, 0.137882, 0.138825, 0.139014, 0.138373, 0.137334, 0.136853]
[0.137043, 0.13698, 0.137842, 0.138782, 0.138951, 0.138294, 0.137258, 0.136796]
[0.136984, 0.136918, 0.137772, 0.138705, 0.138876, 0.13823, 0.137202, 0.136738]
[0.136925, 0.136855, 0.137701, 0.138626, 0.138801, 0.138164, 0.137141, 0.136676]
[0.136876, 0.136799, 0.137637, 0.13856, 0.138742, 0.138115, 0.137093, 0.136622]
[0.136824, 0.136753, 0.137593, 0.138513, 0.138691, 0.138059, 0.137041, 0.136575]
[0.136771, 0.136701, 0.137537, 0.138453, 0.138631, 0.138001, 0.13699, 0.136524]
[0.136724, 0.136656, 0.137489, 0.138401, 0.138576, 0.137949, 0.136938, 0.136477]
[0.136668, 0.13661, 0.137448, 0.138358, 0.138521, 0.137887, 0.136884, 0.136432]
[0.136613, 0.136564, 0.137411, 0.138322, 0.138474, 0.137831, 0.136827, 0.136383]
[0.13656, 0.136516, 0.137366, 0.138277, 0.138429, 0.13778, 0.136775, 0.136333]
[0.136585, 0.136494, 0.13734, 0.138296, 0.138508, 0.13787, 0.13681, 0.136317]
[0.136612, 0.136508, 0.137397, 0.138418, 0.138654, 0.137963, 0.136835, 0.136315]
[0.13648, 0.136406, 0.137279, 0.138248, 0.138445, 0.137772, 0.136702, 0.136221]
[0.136411, 0.13635, 0.137218, 0.138171, 0.138354, 0.137686, 0.136638, 0.136173]
[0.136356, 0.1363, 0.137165, 0.138113, 0.138288, 0.137622, 0.136583, 0.136122]
[0.136302, 0.136253, 0.137118, 0.138059, 0.138226, 0.137564, 0.13653, 0.136079]
[0.136253, 0.136214, 0.137086, 0.138024, 0.138182, 0.137511, 0.13648, 0.136037]
[0.136216, 0.136177, 0.137051, 0.137984, 0.138141, 0.137469, 0.136442, 0.136002]
[0.136184, 0.136149, 0.137027, 0.137961, 0.138115, 0.137439, 0.136414, 0.135975]
[0.136153, 0.136126, 0.13701, 0.137948, 0.138094, 0.137412, 0.136382, 0.13595]
[0.136126, 0.136095, 0.136984, 0.137927, 0.138077, 0.13739, 0.136357, 0.135921]
[0.136096, 0.136067, 0.136956, 0.137904, 0.138056, 0.137366, 0.136327, 0.135892]
[0.136059, 0.13603, 0.136918, 0.137866, 0.138017, 0.137331, 0.136289, 0.135852]
[0.136034, 0.136007, 0.136897, 0.137845, 0.137995, 0.137302, 0.136262, 0.135827]
[0.136009, 0.135984, 0.136876, 0.137826, 0.137969, 0.137276, 0.136235, 0.135803]
[0.135987, 0.135958, 0.13685, 0.137802, 0.137952, 0.137258, 0.136214, 0.13578]
[0.135967, 0.135938, 0.136829, 0.137784, 0.137935, 0.13724, 0.136196, 0.135755]
[0.135948, 0.135918, 0.136812, 0.137766, 0.137916, 0.137218, 0.136173, 0.135737]
[0.135925, 0.135892, 0.136776, 0.137725, 0.137881, 0.13719, 0.136148, 0.135705]
[0.135901, 0.135859, 0.136742, 0.137693, 0.137853, 0.13717, 0.136126, 0.135677]
[0.135868, 0.135829, 0.136714, 0.137664, 0.137822, 0.137131, 0.136091, 0.135643]
[0.135838, 0.135802, 0.136687, 0.137638, 0.137792, 0.137099, 0.136055, 0.135613]
[0.135804, 0.135766, 0.136648, 0.137596, 0.137755, 0.137068, 0.136023, 0.135578]
[0.135768, 0.135732, 0.136616, 0.137564, 0.137719, 0.137028, 0.135986, 0.135544]
[0.135734, 0.13571, 0.136602, 0.137547, 0.137691, 0.136989, 0.135947, 0.135517]
[0.135699, 0.135673, 0.136558, 0.137502, 0.137646, 0.136951, 0.135912, 0.135479]
[0.135666, 0.135639, 0.136526, 0.13747, 0.137614, 0.136916, 0.135876, 0.135443]
[0.135641, 0.135615, 0.136499, 0.137444, 0.137588, 0.136891, 0.135851, 0.135416]
[0.13561, 0.135592, 0.136484, 0.137425, 0.137556, 0.136853, 0.135818, 0.13539]
[0.135581, 0.135564, 0.136455, 0.137393, 0.137527, 0.136823, 0.135787, 0.135361]
[0.135556, 0.135536, 0.136425, 0.137366, 0.137501, 0.136797, 0.13576, 0.135333]
[0.135523, 0.13551, 0.136401, 0.137339, 0.137468, 0.136757, 0.135724, 0.135304]
[0.135491, 0.135478, 0.136371, 0.137307, 0.137434, 0.136723, 0.13569, 0.135271]
[0.135467, 0.135454, 0.136347, 0.137285, 0.137413, 0.136703, 0.135666, 0.135245]
[0.135442, 0.135431, 0.136327, 0.137268, 0.137394, 0.136682, 0.135644, 0.135222]
[0.135418, 0.135413, 0.136311, 0.137251, 0.137374, 0.136654, 0.135617, 0.135199]
[0.135402, 0.135389, 0.136286, 0.137231, 0.137365, 0.136647, 0.135602, 0.135176]
[0.135397, 0.135375, 0.136276, 0.137237, 0.137383, 0.13666, 0.135599, 0.135163]
[0.135511, 0.135464, 0.136415, 0.137463, 0.137644, 0.136863, 0.135706, 0.135228]
[0.135396, 0.135372, 0.136302, 0.137303, 0.137458, 0.136696, 0.135593, 0.135143]
[0.135294, 0.135292, 0.136211, 0.137177, 0.137298, 0.136548, 0.135485, 0.135069]
[0.13524, 0.135246, 0.13616, 0.137109, 0.137222, 0.13648, 0.135434, 0.135027]
[0.135198, 0.135207, 0.136118, 0.137059, 0.137168, 0.13643, 0.135397, 0.134995]
[0.135165, 0.135175, 0.136082, 0.137021, 0.137128, 0.136399, 0.135368, 0.134964]
[0.13514, 0.135148, 0.136055, 0.136992, 0.137101, 0.136373, 0.135343, 0.134939]
[0.135103, 0.135122, 0.136033, 0.136963, 0.137063, 0.136329, 0.135306, 0.134912]
[0.135076, 0.135097, 0.136006, 0.136935, 0.137033, 0.136302, 0.135281, 0.134888]
[0.135042, 0.135062, 0.13597, 0.1369, 0.136997, 0.13627, 0.135246, 0.134856]
[0.135008, 0.135029, 0.135935, 0.136867, 0.136965, 0.136237, 0.135213, 0.134822]
[0.134969, 0.135, 0.135917, 0.136845, 0.136931, 0.136191, 0.135172, 0.134792]
[0.134941, 0.134957, 0.135863, 0.136793, 0.136899, 0.136173, 0.135147, 0.134751]
[0.13492, 0.134931, 0.135842, 0.136783, 0.136895, 0.136165, 0.135131, 0.134726]
[0.1349, 0.134904, 0.135815, 0.136766, 0.136883, 0.136151, 0.135109, 0.134701]
[0.134873, 0.134878, 0.13579, 0.13674, 0.136857, 0.136125, 0.135084, 0.134675]
[0.134844, 0.134848, 0.135761, 0.136712, 0.136832, 0.136096, 0.135055, 0.134647]
[0.13482, 0.134815, 0.135722, 0.136678, 0.136805, 0.136081, 0.135032, 0.134614]
[0.134792, 0.134783, 0.13569, 0.136645, 0.136776, 0.136054, 0.135007, 0.134585]
[0.134752, 0.134745, 0.135646, 0.136596, 0.136724, 0.136006, 0.134966, 0.134548]
[0.134728, 0.134711, 0.135606, 0.136562, 0.136703, 0.135991, 0.134945, 0.134515]
[0.134701, 0.134675, 0.135567, 0.136524, 0.136678, 0.135971, 0.134921, 0.134484]
[0.134662, 0.134637, 0.135525, 0.136476, 0.136629, 0.135927, 0.134884, 0.134448]
[0.134631, 0.134601, 0.135484, 0.136436, 0.136593, 0.135899, 0.134854, 0.134414]
[0.134596, 0.134576, 0.135466, 0.136421, 0.136565, 0.135857, 0.134819, 0.134386]
[0.134568, 0.134533, 0.135412, 0.136364, 0.136525, 0.135834, 0.134794, 0.134348]
[0.134534, 0.134498, 0.135374, 0.136324, 0.136485, 0.135798, 0.13476, 0.134317]
[0.134501, 0.134462, 0.135336, 0.136287, 0.136448, 0.135766, 0.134727, 0.134283]
[0.134474, 0.134427, 0.135298, 0.13625, 0.136419, 0.135744, 0.134702, 0.134249]
[0.134426, 0.134375, 0.13524, 0.136192, 0.136365, 0.135693, 0.134654, 0.134197]
[0.134377, 0.134321, 0.135185, 0.136139, 0.136321, 0.13565, 0.134608, 0.134147]
[0.134334, 0.134277, 0.135134, 0.136087, 0.136269, 0.135605, 0.134565, 0.134104]
[0.134288, 0.134233, 0.13509, 0.136037, 0.136213, 0.135549, 0.134518, 0.13406]
[0.134246, 0.134189, 0.135041, 0.135981, 0.136158, 0.1355, 0.134476, 0.134018]
[0.134209, 0.134147, 0.13499, 0.135931, 0.136113, 0.135462, 0.134436, 0.133972]
[0.134175, 0.134103, 0.134938, 0.135876, 0.136072, 0.135431, 0.134406, 0.133932]
[0.134272, 0.134158, 0.135026, 0.136053, 0.13631, 0.135628, 0.134505, 0.133974]
[0.134269, 0.134149, 0.135027, 0.136069, 0.136327, 0.135634, 0.134497, 0.133962]
[0.134103, 0.134015, 0.134865, 0.13584, 0.136053, 0.135391, 0.134328, 0.133836]
[0.134037, 0.133948, 0.134789, 0.135752, 0.13596, 0.135309, 0.134263, 0.133775]
[0.133976, 0.133886, 0.13472, 0.135676, 0.135885, 0.135244, 0.134203, 0.133716]
[0.133916, 0.133826, 0.134655, 0.135606, 0.135816, 0.135182, 0.134145, 0.133658]
[0.133863, 0.133771, 0.134599, 0.135546, 0.13576, 0.135127, 0.134092, 0.133603]
[0.133808, 0.133715, 0.13454, 0.135489, 0.135701, 0.135071, 0.134039, 0.133548]
[0.133766, 0.133668, 0.134492, 0.135442, 0.135662, 0.135033, 0.133996, 0.133502]
[0.13373, 0.13363, 0.134453, 0.135408, 0.135629, 0.135001, 0.133962, 0.133463]
[0.133694, 0.133589, 0.134407, 0.135368, 0.135596, 0.134973, 0.133925, 0.133421]
[0.133639, 0.133534, 0.134356, 0.135312, 0.135542, 0.134915, 0.133871, 0.133368]
[0.133598, 0.13349, 0.134314, 0.135279, 0.135511, 0.13488, 0.133828, 0.133323]
[0.133557, 0.133447, 0.134273, 0.13524, 0.135475, 0.134844, 0.133788, 0.133278]
[0.133514, 0.133403, 0.134232, 0.135201, 0.13544, 0.134806, 0.133746, 0.133234]
[0.133482, 0.133367, 0.134198, 0.135173, 0.135416, 0.13478, 0.133712, 0.133196]
[0.133431, 0.133313, 0.134144, 0.135125, 0.13537, 0.134735, 0.133664, 0.133143]
[0.133382, 0.133258, 0.134088, 0.135073, 0.135324, 0.134689, 0.133618, 0.133093]
[0.133325, 0.1332, 0.134029, 0.135013, 0.135268, 0.134632, 0.133559, 0.133034]
[0.133268, 0.133142, 0.133968, 0.134952, 0.135203, 0.134573, 0.133502, 0.132977]
[0.133217, 0.13309, 0.133915, 0.134893, 0.135145, 0.134518, 0.133451, 0.132928]
[0.133175, 0.133048, 0.133872, 0.134851, 0.135106, 0.13448, 0.133412, 0.132885]
[0.133136, 0.133005, 0.133826, 0.134809, 0.135068, 0.134445, 0.133374, 0.132843]
[0.133096, 0.132965, 0.133786, 0.134768, 0.135027, 0.134403, 0.133334, 0.132803]
[0.133065, 0.132927, 0.13375, 0.134737, 0.135001, 0.134378, 0.133306, 0.132769]
[0.133024, 0.132884, 0.133705, 0.134695, 0.134964, 0.134343, 0.133263, 0.132727]
[0.132986, 0.132846, 0.133668, 0.13466, 0.134929, 0.134308, 0.133227, 0.132687]
[0.132945, 0.132807, 0.133632, 0.134625, 0.13489, 0.134264, 0.133185, 0.132647]
[0.1329, 0.132759, 0.133584, 0.13458, 0.134853, 0.134226, 0.133144, 0.132603]
[0.132854, 0.132716, 0.133544, 0.134538, 0.134808, 0.134182, 0.133099, 0.132559]
[0.132807, 0.132674, 0.133502, 0.134498, 0.13477, 0.134134, 0.133049, 0.132514]
[0.132739, 0.132606, 0.133438, 0.134434, 0.134701, 0.134068, 0.132984, 0.132449]
[0.132671, 0.132541, 0.133375, 0.134371, 0.134635, 0.133997, 0.132917, 0.132386]
[0.132616, 0.132483, 0.133316, 0.134313, 0.134581, 0.133947, 0.132864, 0.132327]
[0.132558, 0.132424, 0.133257, 0.134255, 0.134524, 0.133896, 0.132809, 0.132273]
[0.132508, 0.132374, 0.133206, 0.134206, 0.134478, 0.133846, 0.132758, 0.132222]
[0.132576, 0.132413, 0.133275, 0.134341, 0.134656, 0.13399, 0.132827, 0.13225]
[0.132601, 0.132432, 0.133317, 0.13442, 0.134749, 0.134053, 0.13285, 0.132257]
[0.13243, 0.132295, 0.133162, 0.134202, 0.134477, 0.133801, 0.132672, 0.132128]
[0.13235, 0.132219, 0.133066, 0.134085, 0.134354, 0.133701, 0.132598, 0.13206]
[0.13229, 0.132156, 0.132996, 0.134004, 0.134275, 0.133632, 0.132539, 0.132002]
[0.132229, 0.132101, 0.132933, 0.133934, 0.1342, 0.133563, 0.132478, 0.131947]
[0.132171, 0.132038, 0.132864, 0.133858, 0.134126, 0.1335, 0.132421, 0.131889]
[0.13211, 0.131979, 0.132801, 0.133787, 0.134052, 0.133428, 0.132358, 0.131831]
[0.132056, 0.13193, 0.13275, 0.133728, 0.133987, 0.133368, 0.132304, 0.131781]
[0.132, 0.131868, 0.132682, 0.133661, 0.133925, 0.133312, 0.132247, 0.131719]
[0.131952, 0.131813, 0.132625, 0.133607, 0.13388, 0.133271, 0.132203, 0.131669]
[0.131903, 0.131761, 0.132572, 0.133551, 0.133824, 0.133219, 0.132153, 0.131617]
[0.131859, 0.131712, 0.132518, 0.1335, 0.133782, 0.133177, 0.132109, 0.131567]
[0.131819, 0.131669, 0.132475, 0.13346, 0.133744, 0.133143, 0.132071, 0.131527]
[0.131781, 0.131628, 0.132432, 0.13342, 0.133709, 0.133107, 0.132032, 0.131482]
[0.131726, 0.131573, 0.132376, 0.133361, 0.133649, 0.133048, 0.131977, 0.131428]
[0.131674, 0.13152, 0.132324, 0.133311, 0.133602, 0.133001, 0.131924, 0.131375]
[0.131607, 0.13146, 0.132269, 0.133252, 0.133535, 0.13293, 0.131858, 0.131316]
[0.131543, 0.131398, 0.132208, 0.133191, 0.13347, 0.132863, 0.131789, 0.131252]
[0.131486, 0.131341, 0.132154, 0.13314, 0.133421, 0.13281, 0.131735, 0.131194]
[0.131441, 0.131292, 0.132109, 0.133099, 0.133382, 0.132772, 0.13169, 0.131145]
[0.13139, 0.131242, 0.132059, 0.133055, 0.133344, 0.132726, 0.131637, 0.131091]
[0.131338, 0.131193, 0.132014, 0.133012, 0.133297, 0.132677, 0.131585, 0.131037]
[0.131278, 0.131139, 0.131964, 0.132959, 0.133236, 0.13261, 0.131521, 0.130982]
[0.13122, 0.131088, 0.131916, 0.13291, 0.133184, 0.132551, 0.131464, 0.130926]
[0.131161, 0.131039, 0.131873, 0.132865, 0.133125, 0.132484, 0.1314, 0.130876]
[0.13111, 0.130985, 0.131821, 0.132817, 0.133077, 0.132436, 0.131349, 0.13082]
[0.131057, 0.130937, 0.131776, 0.132767, 0.133022, 0.132377, 0.131292, 0.130771]
[0.131015, 0.130895, 0.131735, 0.132729, 0.132986, 0.13234, 0.131251, 0.130727]
[0.130975, 0.130855, 0.131696, 0.132693, 0.132951, 0.132304, 0.131213, 0.130685]
[0.130934, 0.130813, 0.131655, 0.132657, 0.132915, 0.132265, 0.131168, 0.13064]
[0.130894, 0.130775, 0.131619, 0.132621, 0.132877, 0.132222, 0.131126, 0.1306]
[0.13085, 0.130736, 0.131582, 0.13258, 0.132828, 0.132171, 0.131078, 0.130559]
[0.130812, 0.130701, 0.131551, 0.132551, 0.1328, 0.132135, 0.131038, 0.130521]
[0.130758, 0.130643, 0.131494, 0.132495, 0.132742, 0.132081, 0.130984, 0.130463]
[0.130795, 0.130651, 0.131523, 0.132585, 0.132877, 0.132189, 0.131026, 0.130462]
[0.130807, 0.130651, 0.131546, 0.132648, 0.132957, 0.132238, 0.13103, 0.130448]
[0.130592, 0.13049, 0.131371, 0.132402, 0.132636, 0.131925, 0.130804, 0.13029]
[0.130503, 0.130403, 0.131275, 0.132292, 0.132521, 0.131824, 0.130715, 0.130206]
[0.130418, 0.130324, 0.131197, 0.132208, 0.132433, 0.131737, 0.130634, 0.130129]
[0.130325, 0.130223, 0.131085, 0.132091, 0.132321, 0.131639, 0.130544, 0.130036]
[0.130248, 0.130138, 0.130998, 0.132006, 0.132245, 0.131565, 0.130466, 0.129952]
[0.130173, 0.130054, 0.130907, 0.131921, 0.132175, 0.131503, 0.130397, 0.129871]
[0.130098, 0.12998, 0.130833, 0.131845, 0.132097, 0.131426, 0.130323, 0.1298]
[0.130038, 0.129912, 0.13076, 0.131776, 0.132037, 0.131373, 0.130266, 0.129732]
[0.129979, 0.129851, 0.130702, 0.131723, 0.131992, 0.131324, 0.130209, 0.129675]
[0.129899, 0.129774, 0.130622, 0.131631, 0.13189, 0.13123, 0.13013, 0.129602]
[0.12983, 0.129699, 0.130537, 0.131542, 0.131808, 0.131159, 0.130065, 0.129532]
[0.129763, 0.129637, 0.130482, 0.131491, 0.131754, 0.131097, 0.129999, 0.12947]
[0.129695, 0.129536, 0.130353, 0.131363, 0.131661, 0.131039, 0.12994, 0.129379]
[0.129628, 0.129478, 0.130298, 0.131309, 0.131602, 0.130975, 0.129875, 0.129322]
[0.129573, 0.129401, 0.130206, 0.131218, 0.131534, 0.130931, 0.129826, 0.129253]
[0.129515, 0.129349, 0.13016, 0.131169, 0.131475, 0.130867, 0.129766, 0.129203]
[0.129457, 0.12929, 0.130094, 0.131097, 0.131404, 0.130806, 0.129714, 0.129151]
[0.129429, 0.12929, 0.130122, 0.131132, 0.131413, 0.130777, 0.129683, 0.129141]
[0.129367, 0.129196, 0.129994, 0.130991, 0.131302, 0.130707, 0.129625, 0.129059]
[0.12933, 0.12916, 0.129969, 0.130977, 0.131288, 0.130686, 0.129589, 0.129022]
[0.129289, 0.129107, 0.129904, 0.130914, 0.131239, 0.130649, 0.129552, 0.128974]
[0.129246, 0.129057, 0.12985, 0.130859, 0.131189, 0.130607, 0.129511, 0.128926]
[0.129216, 0.129018, 0.129806, 0.130817, 0.131159, 0.130582, 0.12948, 0.128887]
[0.129179, 0.128988, 0.129777, 0.130786, 0.13112, 0.13054, 0.129444, 0.128857]
[0.129152, 0.12897, 0.129767, 0.130782, 0.131107, 0.130516, 0.129418, 0.128838]
[0.12911, 0.12891, 0.129694, 0.130708, 0.131053, 0.13048, 0.129377, 0.12878]
[0.129067, 0.128864, 0.129652, 0.130669, 0.131017, 0.130441, 0.129337, 0.128737]
[0.129026, 0.128823, 0.129615, 0.130637, 0.130988, 0.130404, 0.129295, 0.128696]
[0.128965, 0.128772, 0.129564, 0.130581, 0.130918, 0.130334, 0.129232, 0.128642]
[0.128902, 0.128702, 0.129488, 0.130502, 0.130847, 0.130271, 0.129172, 0.128575]
[0.128853, 0.128662, 0.129458, 0.130479, 0.130813, 0.130226, 0.129122, 0.128533]
[0.128793, 0.128596, 0.129389, 0.130408, 0.130749, 0.130165, 0.12906, 0.128469]
[0.128744, 0.128554, 0.129353, 0.130375, 0.130708, 0.130115, 0.129008, 0.128419]
[0.128682, 0.1285, 0.129306, 0.130324, 0.130647, 0.130047, 0.128944, 0.128364]
[0.128605, 0.128416, 0.129212, 0.130221, 0.130549, 0.129961, 0.128866, 0.128282]
[0.128641, 0.128384, 0.129189, 0.130288, 0.130708, 0.130109, 0.128914, 0.128248]
[0.128576, 0.128328, 0.129147, 0.130255, 0.130668, 0.13005, 0.128846, 0.128186]
[0.128463, 0.128342, 0.129254, 0.13035, 0.130627, 0.12989, 0.128713, 0.128167]
[0.128437, 0.128321, 0.129215, 0.130276, 0.130537, 0.129824, 0.128682, 0.128151]
[0.128373, 0.128244, 0.129115, 0.130156, 0.130421, 0.129739, 0.128616, 0.128081]
[0.128262, 0.12812, 0.128965, 0.12999, 0.130263, 0.129612, 0.128504, 0.127963]
[0.128192, 0.128057, 0.128911, 0.129938, 0.130205, 0.129543, 0.128434, 0.127897]
[0.128109, 0.127971, 0.128817, 0.129835, 0.130105, 0.129455, 0.128351, 0.127814]
[0.128018, 0.127872, 0.128709, 0.12972, 0.129997, 0.129359, 0.12826, 0.127717]
[0.127947, 0.127808, 0.128646, 0.129656, 0.129925, 0.129283, 0.128189, 0.127651]
[0.127896, 0.127766, 0.128615, 0.129635, 0.1299, 0.129244, 0.128136, 0.127606]
[0.127829, 0.127697, 0.128544, 0.129559, 0.129827, 0.129171, 0.128068, 0.127538]
[0.127767, 0.127634, 0.128484, 0.1295, 0.129767, 0.129111, 0.128008, 0.127475]
[0.127704, 0.127577, 0.128429, 0.129442, 0.129701, 0.129042, 0.127942, 0.127416]
[0.127648, 0.127528, 0.128391, 0.129411, 0.129666, 0.128993, 0.127885, 0.127363]
[0.127575, 0.127452, 0.128306, 0.129318, 0.129577, 0.128914, 0.127813, 0.127288]
[0.127493, 0.127368, 0.128221, 0.129235, 0.129491, 0.128831, 0.127732, 0.127204]
[0.127425, 0.1273, 0.128162, 0.129189, 0.12945, 0.12878, 0.127666, 0.127135]
[0.127399, 0.127303, 0.128212, 0.12927, 0.129514, 0.128787, 0.127639, 0.127125]
[0.127306, 0.127191, 0.128064, 0.129094, 0.129345, 0.128663, 0.127543, 0.127022]
[0.12723, 0.127113, 0.127989, 0.129018, 0.12927, 0.128591, 0.127472, 0.126947]
[0.127163, 0.127051, 0.127932, 0.128964, 0.129217, 0.128528, 0.127406, 0.126881]
[0.127104, 0.126998, 0.127895, 0.128945, 0.129193, 0.128485, 0.127346, 0.126825]
[0.12701, 0.126892, 0.127771, 0.128808, 0.129064, 0.12838, 0.127255, 0.126723]
[0.126938, 0.126818, 0.127708, 0.128762, 0.129024, 0.128326, 0.127182, 0.126646]
[0.126867, 0.126739, 0.127623, 0.128676, 0.128947, 0.128257, 0.12711, 0.126569]
[0.12677, 0.126617, 0.127471, 0.128511, 0.128805, 0.128152, 0.127016, 0.126454]
[0.126725, 0.126584, 0.127462, 0.128524, 0.128813, 0.128128, 0.126973, 0.126414]
[0.126683, 0.126554, 0.127454, 0.128529, 0.128805, 0.128097, 0.126929, 0.126379]
[0.126615, 0.126477, 0.12736, 0.128422, 0.128707, 0.128015, 0.126856, 0.126302]
[0.126535, 0.126373, 0.127241, 0.128307, 0.128615, 0.127943, 0.126781, 0.126205]
[0.126474, 0.126312, 0.127186, 0.128264, 0.128571, 0.127889, 0.126718, 0.126141]
[0.126425, 0.126276, 0.127164, 0.128245, 0.128543, 0.127843, 0.126666, 0.1261]
[0.126361, 0.126219, 0.127109, 0.128187, 0.128477, 0.127777, 0.126603, 0.12604]
[0.126288, 0.126151, 0.127042, 0.12812, 0.128406, 0.127702, 0.126527, 0.125969]
[0.126217, 0.126091, 0.126987, 0.128055, 0.128327, 0.127617, 0.126453, 0.12591]
[0.126397, 0.126126, 0.127024, 0.128245, 0.128701, 0.127992, 0.12665, 0.125939]
[0.126397, 0.126128, 0.127053, 0.128308, 0.128769, 0.12802, 0.126643, 0.125929]
[0.125978, 0.125814, 0.126709, 0.127817, 0.128134, 0.127415, 0.126206, 0.125626]
[0.125869, 0.125728, 0.126603, 0.127665, 0.127949, 0.127254, 0.126099, 0.125549]
[0.125771, 0.125626, 0.126478, 0.12751, 0.127792, 0.127129, 0.126002, 0.125454]
[0.125702, 0.125564, 0.126413, 0.127437, 0.127711, 0.127048, 0.125932, 0.125394]
[0.125644, 0.125518, 0.12637, 0.12739, 0.127654, 0.126983, 0.125873, 0.125344]
[0.125571, 0.125436, 0.12627, 0.127276, 0.127543, 0.126898, 0.125802, 0.12527]
[0.125502, 0.125363, 0.126191, 0.127189, 0.12746, 0.126822, 0.125731, 0.125198]
[0.125434, 0.125295, 0.126121, 0.127115, 0.127387, 0.126752, 0.125664, 0.125131]
[0.125372, 0.125239, 0.126071, 0.127066, 0.127333, 0.12669, 0.1256, 0.125075]
[0.125303, 0.125178, 0.126014, 0.127011, 0.127269, 0.126618, 0.125529, 0.12501]
[0.125214, 0.125083, 0.125915, 0.126911, 0.127175, 0.126529, 0.125441, 0.124918]
[0.125144, 0.125017, 0.125853, 0.126852, 0.127112, 0.12646, 0.12537, 0.124848]
[0.125069, 0.124949, 0.125799, 0.126807, 0.127059, 0.12639, 0.125294, 0.124776]
[0.124973, 0.124847, 0.125689, 0.126692, 0.126949, 0.126292, 0.125199, 0.124674]
[0.124885, 0.124768, 0.125624, 0.126632, 0.126881, 0.126208, 0.125109, 0.124593]
[0.124777, 0.124658, 0.125506, 0.126507, 0.126755, 0.12609, 0.124997, 0.124486]
[0.124658, 0.124534, 0.125372, 0.126364, 0.126615, 0.125966, 0.124881, 0.124365]
[0.124553, 0.124434, 0.125276, 0.126273, 0.126519, 0.125862, 0.124776, 0.124263]
[0.124433, 0.124312, 0.125151, 0.126145, 0.126393, 0.125738, 0.124655, 0.124141]
[0.124329, 0.124221, 0.125072, 0.12607, 0.126306, 0.125633, 0.124551, 0.124046]
[0.12422, 0.124111, 0.124953, 0.125937, 0.126172, 0.125512, 0.124439, 0.123938]
[0.124128, 0.124018, 0.124864, 0.125857, 0.126092, 0.125425, 0.124348, 0.123846]
[0.124039, 0.123936, 0.124789, 0.125779, 0.126006, 0.125333, 0.124257, 0.123759]
[0.123942, 0.123835, 0.124674, 0.125651, 0.125881, 0.125226, 0.124162, 0.123663]
[0.123861, 0.123754, 0.124598, 0.125582, 0.125814, 0.125151, 0.124079, 0.123579]
[0.12379, 0.123679, 0.124526, 0.125515, 0.12575, 0.125087, 0.124009, 0.123508]
[0.123722, 0.123601, 0.124441, 0.125434, 0.125681, 0.125022, 0.12394, 0.12343]
[0.123653, 0.12353, 0.124367, 0.125358, 0.125609, 0.124956, 0.123876, 0.123361]
[0.123593, 0.123468, 0.124301, 0.125294, 0.125549, 0.124897, 0.123816, 0.123299]
[0.123533, 0.123406, 0.124239, 0.125231, 0.125485, 0.124835, 0.123754, 0.123237]
[0.123481, 0.123351, 0.124182, 0.125176, 0.125431, 0.124783, 0.123703, 0.123186]
[0.123424, 0.123301, 0.124143, 0.125142, 0.125392, 0.124731, 0.123646, 0.123132]
[0.123376, 0.123245, 0.124081, 0.125077, 0.125336, 0.124682, 0.123599, 0.12308]
[0.123321, 0.123195, 0.124037, 0.125038, 0.125293, 0.124634, 0.123546, 0.123028]
[0.123259, 0.123115, 0.123937, 0.124935, 0.125208, 0.124573, 0.123488, 0.122958]
[0.123525, 0.123298, 0.124163, 0.125308, 0.125704, 0.125017, 0.123767, 0.123124]
[0.12334, 0.123133, 0.123976, 0.12507, 0.125436, 0.124775, 0.123585, 0.122971]
[0.123083, 0.123001, 0.123928, 0.125009, 0.125242, 0.12447, 0.123311, 0.122812]
[0.123008, 0.122924, 0.123815, 0.124847, 0.125069, 0.124342, 0.123234, 0.122746]
[0.122951, 0.122867, 0.123748, 0.124764, 0.124981, 0.124269, 0.123176, 0.122692]
[0.122886, 0.1228, 0.12367, 0.12467, 0.124882, 0.124188, 0.12311, 0.122629]
[0.122834, 0.122752, 0.123624, 0.124624, 0.124836, 0.124136, 0.123058, 0.122578]
[0.12278, 0.122695, 0.123559, 0.124553, 0.124766, 0.124077, 0.123002, 0.122523]
[0.12276, 0.122694, 0.123592, 0.124606, 0.124808, 0.12408, 0.122983, 0.122513]
[0.122702, 0.122625, 0.123501, 0.124496, 0.124701, 0.124002, 0.122924, 0.122453]
[0.122635, 0.122535, 0.123376, 0.124351, 0.124575, 0.123917, 0.12286, 0.122373]
[0.122603, 0.122512, 0.12338, 0.124383, 0.124612, 0.123921, 0.122832, 0.122341]
[0.122539, 0.122448, 0.123309, 0.124299, 0.124518, 0.123835, 0.122762, 0.122277]
[0.122459, 0.122356, 0.123198, 0.124182, 0.124409, 0.123749, 0.122683, 0.122189]
[0.122384, 0.122271, 0.123103, 0.124077, 0.124311, 0.123667, 0.122606, 0.122111]
[0.122336, 0.122237, 0.123086, 0.12407, 0.124297, 0.123628, 0.122558, 0.122067]
[0.122274, 0.122166, 0.123003, 0.12398, 0.124212, 0.12356, 0.122497, 0.122002]
[0.122205, 0.122091, 0.122916, 0.123886, 0.124127, 0.123486, 0.122427, 0.121928]
[0.122154, 0.122057, 0.122907, 0.123889, 0.124113, 0.123446, 0.122377, 0.121887]
[0.122099, 0.121999, 0.122846, 0.123829, 0.124055, 0.123388, 0.12232, 0.121832]
[0.122041, 0.121947, 0.122799, 0.123784, 0.124005, 0.123333, 0.122261, 0.121774]
[0.121973, 0.121875, 0.122717, 0.12369, 0.123913, 0.123252, 0.122191, 0.121707]
[0.121919, 0.121825, 0.122678, 0.123662, 0.123885, 0.123211, 0.122139, 0.121652]
[0.121887, 0.121813, 0.122698, 0.123703, 0.123909, 0.123194, 0.122101, 0.121627]
[0.121836, 0.121775, 0.122673, 0.123682, 0.123872, 0.12314, 0.122047, 0.121584]
[0.121757, 0.121686, 0.122563, 0.123556, 0.123756, 0.123047, 0.121964, 0.121498]
[0.121693, 0.121628, 0.122516, 0.123512, 0.123702, 0.122985, 0.121898, 0.121434]
[0.121636, 0.121587, 0.122491, 0.123493, 0.12367, 0.122929, 0.121837, 0.121386]
[0.121554, 0.121496, 0.12238, 0.123363, 0.123542, 0.122826, 0.121751, 0.121298]
[0.121454, 0.121391, 0.122261, 0.123234, 0.123417, 0.122711, 0.121648, 0.121195]
[0.121447, 0.121432, 0.122401, 0.123447, 0.123596, 0.122776, 0.121637, 0.121204]
[0.121301, 0.121242, 0.122119, 0.12309, 0.123262, 0.122549, 0.121485, 0.121039]
[0.121215, 0.121155, 0.122021, 0.122979, 0.123155, 0.122453, 0.1214, 0.120954]
[0.121123, 0.121066, 0.121932, 0.122885, 0.123051, 0.122353, 0.121306, 0.120865]
[0.121018, 0.120966, 0.121833, 0.122786, 0.122952, 0.12225, 0.121206, 0.120768]
[0.120929, 0.120883, 0.121764, 0.122728, 0.122887, 0.122171, 0.121116, 0.120682]
[0.120813, 0.120748, 0.121591, 0.122526, 0.122698, 0.122026, 0.121, 0.120557]
[0.120735, 0.120681, 0.121548, 0.122502, 0.122671, 0.121972, 0.120925, 0.120485]
[0.120921, 0.120721, 0.121583, 0.122683, 0.12304, 0.122347, 0.121128, 0.120524]
[0.120721, 0.120553, 0.121395, 0.122441, 0.122753, 0.122082, 0.120929, 0.120368]
[0.12046, 0.120344, 0.121164, 0.122126, 0.122365, 0.121721, 0.120664, 0.120168]
[0.120387, 0.120269, 0.121074, 0.122025, 0.122263, 0.121635, 0.120591, 0.120099]
[0.120304, 0.120191, 0.120991, 0.121931, 0.122164, 0.12154, 0.120507, 0.120023]
[0.120227, 0.120118, 0.120916, 0.121848, 0.122076, 0.121456, 0.120432, 0.119952]
[0.120178, 0.120061, 0.120854, 0.121789, 0.122024, 0.121411, 0.120384, 0.119898]
[0.120123, 0.120005, 0.1208, 0.121734, 0.12197, 0.121357, 0.120331, 0.119844]
[0.120073, 0.119957, 0.120749, 0.121684, 0.12192, 0.121306, 0.120283, 0.119795]
[0.120003, 0.119896, 0.120687, 0.121612, 0.121837, 0.121222, 0.120209, 0.119732]
[0.119938, 0.119837, 0.120628, 0.121545, 0.121762, 0.121145, 0.120141, 0.119674]
[0.119908, 0.119795, 0.12058, 0.121504, 0.121734, 0.121125, 0.120115, 0.119634]
[0.119869, 0.119753, 0.120538, 0.121463, 0.121695, 0.12109, 0.120077, 0.119593]
[0.119832, 0.119714, 0.120494, 0.121418, 0.121656, 0.121053, 0.120041, 0.119555]
[0.119778, 0.119664, 0.120447, 0.121365, 0.121597, 0.120992, 0.119985, 0.119504]
[0.119732, 0.119618, 0.120398, 0.121315, 0.121545, 0.120941, 0.119936, 0.119459]
[0.119696, 0.11958, 0.120358, 0.121274, 0.121504, 0.120903, 0.119901, 0.119425]
[0.11966, 0.119545, 0.120321, 0.121239, 0.12147, 0.120869, 0.119866, 0.119386]
[0.119611, 0.1195, 0.120278, 0.121191, 0.121413, 0.12081, 0.119816, 0.119341]
[0.119575, 0.119459, 0.120235, 0.121145, 0.121374, 0.120777, 0.119779, 0.119303]
[0.119535, 0.119419, 0.120191, 0.1211, 0.121331, 0.120736, 0.119739, 0.119262]
[0.119491, 0.119377, 0.120147, 0.121053, 0.121279, 0.120687, 0.119696, 0.11922]
[0.119443, 0.119331, 0.120096, 0.120996, 0.12122, 0.120631, 0.119649, 0.119176]
[0.119418, 0.1193, 0.120061, 0.120961, 0.121191, 0.12061, 0.119625, 0.119144]
[0.119393, 0.119268, 0.120025, 0.120927, 0.121166, 0.120589, 0.1196, 0.119114]
[0.119366, 0.119236, 0.119993, 0.120897, 0.121139, 0.120564, 0.119574, 0.119084]
[0.119348, 0.119214, 0.119967, 0.120876, 0.121125, 0.12055, 0.119558, 0.119061]
[0.119312, 0.119178, 0.119932, 0.12084, 0.121088, 0.120512, 0.119521, 0.119028]
[0.119264, 0.119133, 0.119887, 0.120789, 0.121035, 0.120461, 0.119472, 0.118982]
[0.119235, 0.1191, 0.119852, 0.120755, 0.121005, 0.120434, 0.119444, 0.118951]
[0.119205, 0.119067, 0.119815, 0.120723, 0.120976, 0.120408, 0.119416, 0.118918]
[0.119167, 0.11903, 0.119779, 0.120684, 0.120934, 0.120364, 0.119377, 0.118881]
[0.119145, 0.119004, 0.11975, 0.120658, 0.120914, 0.12035, 0.119357, 0.118855]
[0.119112, 0.118973, 0.119718, 0.120624, 0.120879, 0.120315, 0.119321, 0.118824]
[0.119058, 0.118927, 0.119675, 0.120576, 0.120818, 0.12025, 0.119265, 0.118776]
[0.11913, 0.118975, 0.119734, 0.120674, 0.120954, 0.120373, 0.119343, 0.118821]
[0.119191, 0.119023, 0.11982, 0.120817, 0.121118, 0.12049, 0.119396, 0.118852]
[0.119028, 0.11889, 0.119662, 0.120603, 0.120863, 0.120258, 0.119228, 0.118723]
[0.118928, 0.11881, 0.119578, 0.120486, 0.120716, 0.120118, 0.119123, 0.118646]
[0.118877, 0.118761, 0.119524, 0.120427, 0.120652, 0.120058, 0.11907, 0.118594]
[0.118839, 0.11872, 0.119483, 0.12039, 0.120621, 0.120028, 0.119034, 0.118554]
[0.118801, 0.11868, 0.119446, 0.120356, 0.120594, 0.119997, 0.118998, 0.118513]
[0.118751, 0.118633, 0.119399, 0.120306, 0.120541, 0.119942, 0.118944, 0.118465]
[0.118709, 0.118594, 0.11936, 0.12027, 0.1205, 0.119901, 0.118903, 0.118424]
[0.118666, 0.118553, 0.11932, 0.120226, 0.120455, 0.119855, 0.118859, 0.118383]
[0.118619, 0.118505, 0.119271, 0.120176, 0.120405, 0.119806, 0.118812, 0.118335]
[0.118572, 0.118456, 0.119225, 0.120134, 0.120362, 0.119761, 0.118765, 0.118288]
[0.118528, 0.118416, 0.119188, 0.120104, 0.120331, 0.119721, 0.118719, 0.118245]
[0.118494, 0.118376, 0.119151, 0.120071, 0.120304, 0.119694, 0.118686, 0.118205]
[0.118464, 0.118345, 0.119122, 0.12005, 0.120288, 0.119675, 0.118656, 0.118171]
[0.118424, 0.118304, 0.119086, 0.120015, 0.120254, 0.119638, 0.118618, 0.118129]
[0.118384, 0.118266, 0.119049, 0.119985, 0.120223, 0.119603, 0.118577, 0.118089]
[0.118319, 0.118205, 0.118985, 0.119911, 0.120144, 0.119525, 0.118508, 0.118027]
[0.11828, 0.118162, 0.118941, 0.11987, 0.120107, 0.11949, 0.11847, 0.117987]
[0.118229, 0.118113, 0.118892, 0.119817, 0.120051, 0.119434, 0.118419, 0.117939]
[0.118192, 0.118074, 0.118851, 0.119778, 0.120014, 0.119399, 0.118382, 0.117899]
[0.118146, 0.118028, 0.118801, 0.119724, 0.11996, 0.11935, 0.118337, 0.117855]
[0.118099, 0.117976, 0.118742, 0.119661, 0.1199, 0.119298, 0.118291, 0.117805]
[0.118049, 0.117922, 0.118681, 0.119596, 0.119838, 0.119245, 0.118244, 0.117755]
[0.117998, 0.117865, 0.118616, 0.119528, 0.119777, 0.119194, 0.118197, 0.117704]
[0.117944, 0.117807, 0.118552, 0.119456, 0.11971, 0.119137, 0.118145, 0.117649]
[0.117875, 0.11774, 0.118479, 0.119377, 0.119627, 0.119058, 0.118077, 0.117585]
[0.117829, 0.117687, 0.118419, 0.119315, 0.119571, 0.119014, 0.118034, 0.117535]
[0.117777, 0.117627, 0.118352, 0.119248, 0.119513, 0.118963, 0.117983, 0.11748]
[0.11773, 0.117575, 0.118299, 0.119194, 0.119463, 0.118918, 0.117939, 0.117434]
[0.117679, 0.117519, 0.118237, 0.119133, 0.11941, 0.118871, 0.117889, 0.117379]
[0.117613, 0.117452, 0.118171, 0.119066, 0.119341, 0.118802, 0.117823, 0.117312]
[0.117545, 0.117386, 0.118102, 0.118994, 0.119268, 0.11873, 0.117755, 0.117246]
[0.117486, 0.117323, 0.118036, 0.118928, 0.119206, 0.118674, 0.117697, 0.117186]
[0.117418, 0.11726, 0.117972, 0.118859, 0.11913, 0.118597, 0.117627, 0.117122]
[0.117365, 0.117206, 0.117918, 0.118807, 0.119076, 0.118543, 0.117573, 0.117067]
[0.117389, 0.11721, 0.117931, 0.118855, 0.119157, 0.118611, 0.117603, 0.11707]
[0.117502, 0.117301, 0.118068, 0.11907, 0.119407, 0.118803, 0.117712, 0.117139]
[0.117365, 0.117182, 0.117927, 0.118887, 0.119197, 0.11862, 0.117575, 0.117029]
[0.117232, 0.117065, 0.117795, 0.118714, 0.118999, 0.118443, 0.117441, 0.116921]
[0.117166, 0.117007, 0.11773, 0.118633, 0.118908, 0.11836, 0.117374, 0.116863]
[0.117109, 0.11695, 0.11767, 0.118563, 0.118834, 0.118294, 0.117318, 0.116813]
[0.117064, 0.116908, 0.117624, 0.118512, 0.118777, 0.118242, 0.117271, 0.116769]
[0.117022, 0.116867, 0.117579, 0.118465, 0.118734, 0.118198, 0.11723, 0.116728]
[0.11699, 0.116831, 0.117546, 0.118435, 0.118704, 0.11817, 0.1172, 0.116693]
[0.116949, 0.116791, 0.117502, 0.118385, 0.118657, 0.118125, 0.117157, 0.116654]
[0.116893, 0.116738, 0.117442, 0.118321, 0.11859, 0.118063, 0.117102, 0.116603]
[0.116846, 0.116689, 0.117394, 0.118269, 0.118537, 0.118014, 0.117056, 0.116556]
[0.116791, 0.116638, 0.117341, 0.11821, 0.118471, 0.117948, 0.116998, 0.116506]
[0.116738, 0.116589, 0.117289, 0.118149, 0.118408, 0.117888, 0.116945, 0.116457]
[0.116681, 0.116531, 0.117227, 0.118084, 0.11834, 0.117825, 0.116889, 0.1164]
[0.116635, 0.116483, 0.117175, 0.118031, 0.118288, 0.117779, 0.116844, 0.116354]
[0.11659, 0.116437, 0.117127, 0.117981, 0.11824, 0.117734, 0.116802, 0.11631]
[0.116539, 0.116387, 0.117074, 0.11792, 0.118178, 0.117675, 0.11675, 0.116263]
[0.116498, 0.116347, 0.117028, 0.117871, 0.118129, 0.11763, 0.116712, 0.116223]
[0.116452, 0.116298, 0.116974, 0.117811, 0.118069, 0.117579, 0.116666, 0.116181]
[0.11641, 0.116255, 0.116924, 0.117759, 0.118018, 0.117535, 0.116628, 0.11614]
[0.116362, 0.116208, 0.116875, 0.117702, 0.11796, 0.11748, 0.116579, 0.116093]
[0.116324, 0.116169, 0.116832, 0.117659, 0.117921, 0.117445, 0.116543, 0.116057]
[0.116283, 0.116127, 0.116789, 0.117614, 0.117875, 0.117402, 0.116506, 0.116018]
[0.116243, 0.11609, 0.116751, 0.117572, 0.11783, 0.117357, 0.116459, 0.115978]
[0.116201, 0.116051, 0.116712, 0.117529, 0.117782, 0.117309, 0.116416, 0.115939]
[0.116148, 0.116006, 0.116666, 0.117475, 0.117715, 0.117242, 0.116359, 0.115892]
[0.116123, 0.115981, 0.116639, 0.117446, 0.117689, 0.117217, 0.116336, 0.115865]
[0.116095, 0.115954, 0.116614, 0.117422, 0.117665, 0.11719, 0.116306, 0.115836]
[0.116054, 0.115918, 0.116578, 0.117381, 0.117619, 0.117141, 0.116263, 0.115801]
[0.116015, 0.115884, 0.116544, 0.117343, 0.117572, 0.117094, 0.116221, 0.115766]
[0.115972, 0.115848, 0.11651, 0.117302, 0.117524, 0.117041, 0.116172, 0.115725]
[0.11594, 0.115817, 0.116477, 0.117269, 0.117489, 0.117008, 0.11614, 0.115694]
[0.115897, 0.115778, 0.11644, 0.11723, 0.117444, 0.11696, 0.116096, 0.115653]
[0.115849, 0.115738, 0.116403, 0.117188, 0.117393, 0.116908, 0.116045, 0.11561]
[0.115806, 0.1157, 0.116365, 0.117147, 0.117349, 0.116858, 0.116, 0.115566]
[0.115871, 0.115744, 0.116449, 0.117304, 0.117536, 0.116993, 0.116057, 0.11559]
[0.115798, 0.115682, 0.116387, 0.117227, 0.117448, 0.116903, 0.11598, 0.115529]
[0.115663, 0.115569, 0.116259, 0.117059, 0.117246, 0.116719, 0.115841, 0.115418]
[0.115596, 0.11551, 0.1162, 0.116986, 0.117164, 0.11664, 0.115774, 0.115363]
[0.11554, 0.11546, 0.116147, 0.116925, 0.117097, 0.116573, 0.115713, 0.11531]
[0.115491, 0.115416, 0.116103, 0.116876, 0.117041, 0.116518, 0.115664, 0.115264]
[0.11544, 0.11537, 0.116057, 0.116825, 0.116983, 0.116458, 0.115611, 0.115217]
[0.115392, 0.11533, 0.116017, 0.116781, 0.11693, 0.116404, 0.115559, 0.115175]
[0.115356, 0.115295, 0.115984, 0.116744, 0.116894, 0.116365, 0.115523, 0.115141]
[0.115314, 0.115257, 0.115946, 0.116702, 0.116842, 0.116315, 0.115478, 0.1151]
[0.115275, 0.115221, 0.115911, 0.116664, 0.116802, 0.116273, 0.115439, 0.115063]
[0.115232, 0.115182, 0.115872, 0.116623, 0.116756, 0.116226, 0.115394, 0.115021]
[0.115196, 0.115147, 0.11584, 0.116591, 0.116722, 0.116187, 0.115357, 0.11499]
[0.115174, 0.115124, 0.115819, 0.116573, 0.116705, 0.116169, 0.115336, 0.114965]
[0.115153, 0.1151, 0.115795, 0.11655, 0.116684, 0.11615, 0.115314, 0.114941]
[0.115131, 0.115078, 0.115774, 0.116531, 0.116664, 0.116131, 0.115293, 0.114919]
[0.115096, 0.115047, 0.115741, 0.116491, 0.116622, 0.116088, 0.115257, 0.114888]
[0.115077, 0.115026, 0.115718, 0.116474, 0.116608, 0.116073, 0.115238, 0.114869]
[0.11505, 0.115001, 0.115693, 0.116444, 0.116577, 0.116044, 0.115213, 0.114843]
[0.115035, 0.114985, 0.115679, 0.116431, 0.116566, 0.116033, 0.115198, 0.114827]
[0.115021, 0.114969, 0.115664, 0.116419, 0.116555, 0.116023, 0.115185, 0.114812]
[0.114995, 0.114946, 0.115641, 0.116395, 0.116528, 0.115991, 0.115157, 0.114787]
[0.114975, 0.114926, 0.115621, 0.116376, 0.116506, 0.11597, 0.115137, 0.114769]
[0.114958, 0.11491, 0.115605, 0.11636, 0.116494, 0.115956, 0.11512, 0.114751]
[0.114939, 0.114892, 0.115587, 0.116341, 0.116474, 0.115936, 0.115102, 0.114732]
[0.114919, 0.114872, 0.115569, 0.116321, 0.116451, 0.115913, 0.115079, 0.114712]
[0.114916, 0.114864, 0.115561, 0.116318, 0.116455, 0.115917, 0.115077, 0.114705]
[0.114898, 0.114848, 0.115544, 0.116301, 0.116437, 0.115901, 0.11506, 0.114689]
[0.114874, 0.114824, 0.115521, 0.116278, 0.116411, 0.115874, 0.115036, 0.114666]
[0.114866, 0.114815, 0.11551, 0.116269, 0.116407, 0.115869, 0.115028, 0.114655]
[0.114839, 0.114789, 0.115485, 0.116241, 0.116374, 0.115834, 0.114997, 0.114629]
[0.114809, 0.114759, 0.115454, 0.116208, 0.116341, 0.115806, 0.114971, 0.114601]
[0.114794, 0.11474, 0.115432, 0.116187, 0.116325, 0.115792, 0.114955, 0.114582]
[0.114768, 0.114713, 0.115402, 0.116158, 0.116297, 0.115767, 0.114931, 0.114558]
[0.114743, 0.114687, 0.115376, 0.116129, 0.116268, 0.115739, 0.114905, 0.11453]
[0.114729, 0.11467, 0.115358, 0.116114, 0.116257, 0.115729, 0.114889, 0.114514]
[0.114708, 0.114649, 0.115335, 0.116091, 0.116236, 0.115706, 0.114869, 0.11449]
[0.114805, 0.114725, 0.11545, 0.116278, 0.116454, 0.115875, 0.11496, 0.114545]
[0.114729, 0.114652, 0.115364, 0.116166, 0.116332, 0.115772, 0.114884, 0.11448]
[0.114623, 0.114559, 0.115256, 0.116028, 0.116173, 0.115631, 0.114776, 0.114393]
[0.114569, 0.114506, 0.115196, 0.115959, 0.116106, 0.115571, 0.114729, 0.114345]
[0.114534, 0.114468, 0.115157, 0.11592, 0.11607, 0.115537, 0.114693, 0.114308]
[0.114497, 0.114432, 0.115118, 0.115878, 0.116028, 0.115498, 0.114656, 0.114273]
[0.114463, 0.114399, 0.115085, 0.115845, 0.115994, 0.115467, 0.114625, 0.114241]
[0.114436, 0.114368, 0.115055, 0.115817, 0.115967, 0.115442, 0.114598, 0.114213]
[0.11441, 0.114343, 0.11503, 0.11579, 0.115943, 0.115417, 0.114572, 0.114186]
[0.11438, 0.114315, 0.115002, 0.115762, 0.115912, 0.115382, 0.114541, 0.114158]
[0.11436, 0.114295, 0.114982, 0.115743, 0.115898, 0.115367, 0.114521, 0.114136]
[0.114331, 0.114268, 0.114956, 0.115718, 0.115866, 0.115335, 0.11449, 0.11411]
[0.114316, 0.11425, 0.114938, 0.115704, 0.11586, 0.115328, 0.114478, 0.11409]
[0.114293, 0.114227, 0.114916, 0.115685, 0.115839, 0.115306, 0.114454, 0.114066]
[0.114282, 0.114211, 0.114903, 0.115677, 0.115837, 0.115301, 0.114444, 0.114052]
[0.114265, 0.114195, 0.114886, 0.115662, 0.115824, 0.115286, 0.114427, 0.114034]
[0.114235, 0.114164, 0.114858, 0.115634, 0.115793, 0.115254, 0.114395, 0.114004]
[0.114212, 0.114142, 0.114835, 0.115614, 0.115776, 0.115235, 0.114373, 0.113979]
[0.114184, 0.114115, 0.11481, 0.115589, 0.115751, 0.115208, 0.114344, 0.113952]
[0.114164, 0.114094, 0.114791, 0.115575, 0.115736, 0.115191, 0.114324, 0.113931]
[0.114136, 0.114068, 0.114763, 0.115548, 0.115708, 0.11516, 0.114295, 0.1139]
[0.114121, 0.11405, 0.114748, 0.115532, 0.115696, 0.115149, 0.114279, 0.113885]
[0.114098, 0.114027, 0.114723, 0.115506, 0.115668, 0.115123, 0.114258, 0.113862]
[0.114068, 0.113999, 0.114692, 0.115473, 0.115632, 0.115089, 0.114227, 0.113836]
[0.114038, 0.113972, 0.114664, 0.115437, 0.115595, 0.115054, 0.114197, 0.113808]
[0.114006, 0.113941, 0.114631, 0.115399, 0.115555, 0.115016, 0.114165, 0.11378]
[0.113975, 0.11391, 0.114598, 0.115362, 0.115515, 0.114982, 0.114132, 0.113748]
[0.113946, 0.113879, 0.114563, 0.115326, 0.115482, 0.114952, 0.114106, 0.11372]
[0.113901, 0.113838, 0.114517, 0.115275, 0.115427, 0.1149, 0.114061, 0.113679]
[0.113869, 0.113803, 0.114481, 0.115235, 0.115388, 0.114866, 0.114028, 0.113647]
[0.113836, 0.113772, 0.114446, 0.115196, 0.115349, 0.11483, 0.113996, 0.113617]
[0.113802, 0.113737, 0.11441, 0.115158, 0.115314, 0.114795, 0.113963, 0.113582]
[0.113762, 0.113699, 0.114368, 0.115113, 0.115265, 0.114749, 0.113922, 0.113544]
[0.113736, 0.113671, 0.114338, 0.115081, 0.115233, 0.11472, 0.113897, 0.113518]
[0.113713, 0.113647, 0.114312, 0.115054, 0.115208, 0.114698, 0.113872, 0.113491]
[0.11377, 0.113688, 0.114378, 0.115168, 0.115347, 0.114804, 0.113926, 0.113522]
[0.113766, 0.113682, 0.114377, 0.115173, 0.115354, 0.114805, 0.11392, 0.113512]
[0.113613, 0.113566, 0.11424, 0.114972, 0.115095, 0.114569, 0.113757, 0.113401]
[0.113567, 0.113522, 0.114186, 0.1149, 0.11502, 0.114509, 0.113712, 0.11336]
[0.113532, 0.113488, 0.114146, 0.114854, 0.114973, 0.114466, 0.113678, 0.11333]
[0.113502, 0.113459, 0.114112, 0.114814, 0.114933, 0.114432, 0.113649, 0.1133]
[0.113475, 0.113429, 0.11408, 0.114778, 0.114896, 0.1144, 0.11362, 0.113274]
[0.113445, 0.113403, 0.114052, 0.114749, 0.114862, 0.114366, 0.113588, 0.113245]
[0.113417, 0.113374, 0.114022, 0.114716, 0.11483, 0.114336, 0.113559, 0.113215]
[0.113391, 0.113348, 0.113996, 0.114686, 0.114796, 0.114304, 0.11353, 0.113187]
[0.113361, 0.113321, 0.113968, 0.114651, 0.114759, 0.114267, 0.113498, 0.113161]
[0.113342, 0.113301, 0.113946, 0.114631, 0.11474, 0.114248, 0.11348, 0.11314]
[0.113326, 0.113281, 0.113922, 0.114605, 0.114721, 0.114232, 0.113464, 0.113119]
[0.113301, 0.113257, 0.113898, 0.114577, 0.114688, 0.114201, 0.113436, 0.113096]
[0.113279, 0.113235, 0.113875, 0.114554, 0.114664, 0.114178, 0.113414, 0.113074]
[0.113256, 0.113215, 0.113851, 0.114527, 0.114639, 0.114153, 0.113389, 0.113051]
[0.113232, 0.113192, 0.113827, 0.1145, 0.114604, 0.11412, 0.113362, 0.113029]
[0.113226, 0.113182, 0.113815, 0.114488, 0.114596, 0.114116, 0.113357, 0.113019]
[0.113206, 0.113165, 0.113799, 0.11447, 0.114576, 0.114093, 0.113335, 0.113]
[0.113181, 0.113141, 0.113775, 0.114439, 0.114542, 0.114058, 0.113308, 0.112976]
[0.11317, 0.113126, 0.113755, 0.114422, 0.114531, 0.114054, 0.113299, 0.112965]
[0.113136, 0.113097, 0.113724, 0.114384, 0.114487, 0.11401, 0.113263, 0.112934]
[0.113106, 0.113071, 0.113693, 0.114346, 0.114443, 0.113972, 0.113233, 0.112906]
[0.11309, 0.113054, 0.113675, 0.114325, 0.114422, 0.11395, 0.113214, 0.11289]
[0.113053, 0.113024, 0.113644, 0.114284, 0.114371, 0.113901, 0.113176, 0.11286]
[0.11302, 0.112986, 0.113601, 0.11424, 0.114332, 0.11387, 0.113144, 0.112826]
[0.112976, 0.11294, 0.113552, 0.114189, 0.114282, 0.113822, 0.113102, 0.112783]
[0.11293, 0.112891, 0.113499, 0.114133, 0.114228, 0.113778, 0.113058, 0.112735]
[0.112892, 0.112849, 0.113449, 0.114083, 0.114186, 0.113741, 0.113024, 0.112697]
[0.112852, 0.112808, 0.113406, 0.114033, 0.114137, 0.113695, 0.112984, 0.11266]
[0.112813, 0.112771, 0.113366, 0.113988, 0.114086, 0.113651, 0.112944, 0.112623]
[0.112778, 0.112734, 0.113327, 0.113947, 0.114045, 0.11361, 0.112908, 0.112588]
[0.112746, 0.112704, 0.113297, 0.113914, 0.114012, 0.113579, 0.112879, 0.112556]
[0.112715, 0.112672, 0.113263, 0.11388, 0.113978, 0.113546, 0.112848, 0.112528]
[0.112686, 0.112641, 0.113228, 0.113843, 0.113944, 0.113517, 0.11282, 0.112498]
[0.112649, 0.112607, 0.113196, 0.113811, 0.113908, 0.11348, 0.112782, 0.112463]
[0.112608, 0.112576, 0.113169, 0.113777, 0.113864, 0.113429, 0.112738, 0.112428]
[0.112665, 0.112601, 0.113222, 0.113903, 0.114041, 0.113571, 0.112801, 0.112445]
[0.112636, 0.112579, 0.113207, 0.113891, 0.114019, 0.113539, 0.112765, 0.112418]
[0.112522, 0.112494, 0.113109, 0.113748, 0.113836, 0.113369, 0.112647, 0.112332]
[0.11247, 0.112445, 0.113058, 0.113689, 0.113775, 0.113312, 0.112597, 0.112288]
[0.112417, 0.112397, 0.113009, 0.113639, 0.113722, 0.113258, 0.112545, 0.112239]
[0.112371, 0.112349, 0.112965, 0.113598, 0.113684, 0.113218, 0.112502, 0.112196]
[0.112322, 0.112301, 0.11292, 0.113554, 0.11364, 0.113173, 0.112453, 0.112149]
[0.11228, 0.112256, 0.112876, 0.113513, 0.113601, 0.113134, 0.112411, 0.112103]
[0.112239, 0.112216, 0.112838, 0.113484, 0.113575, 0.113102, 0.112373, 0.112062]
[0.1122, 0.112174, 0.112799, 0.113447, 0.113542, 0.113068, 0.112335, 0.112023]
[0.112161, 0.112136, 0.112765, 0.113418, 0.113514, 0.113033, 0.112299, 0.111983]
[0.112122, 0.112096, 0.112724, 0.11338, 0.113479, 0.112999, 0.11226, 0.111944]
[0.112089, 0.112059, 0.11269, 0.11335, 0.113455, 0.112975, 0.112229, 0.111908]
[0.112055, 0.112024, 0.112654, 0.113316, 0.113423, 0.112944, 0.112198, 0.111874]
[0.112021, 0.111989, 0.112616, 0.113278, 0.113384, 0.112907, 0.112162, 0.11184]
[0.111983, 0.111948, 0.112576, 0.11324, 0.113347, 0.11287, 0.112125, 0.111801]
[0.111939, 0.111903, 0.112531, 0.113195, 0.113305, 0.112828, 0.112083, 0.111756]
[0.111899, 0.111864, 0.112489, 0.113152, 0.113262, 0.112786, 0.112042, 0.111716]
[0.111858, 0.111823, 0.112448, 0.113109, 0.11322, 0.112746, 0.112001, 0.111677]
[0.111803, 0.11177, 0.112396, 0.113056, 0.113165, 0.11269, 0.111947, 0.111625]
[0.111759, 0.111725, 0.112348, 0.113009, 0.11312, 0.112648, 0.111906, 0.111582]
[0.111713, 0.11168, 0.112306, 0.112965, 0.113076, 0.112602, 0.11186, 0.111537]
[0.111668, 0.111635, 0.112261, 0.11292, 0.113026, 0.112553, 0.111815, 0.111493]
[0.111622, 0.111591, 0.112218, 0.112877, 0.112983, 0.112509, 0.11177, 0.111449]
[0.111575, 0.111544, 0.112173, 0.112835, 0.112942, 0.112465, 0.111723, 0.111402]
[0.111532, 0.111498, 0.112126, 0.11279, 0.112901, 0.112426, 0.111683, 0.111361]
[0.111481, 0.111447, 0.112077, 0.112744, 0.112857, 0.112381, 0.111635, 0.111311]
[0.111417, 0.111384, 0.112012, 0.112679, 0.11279, 0.112317, 0.111573, 0.11125]
[0.111366, 0.111331, 0.111959, 0.112627, 0.112744, 0.112271, 0.111525, 0.111199]
[0.111308, 0.111271, 0.111896, 0.112566, 0.112685, 0.112215, 0.11147, 0.111142]
[0.111245, 0.111204, 0.111828, 0.112496, 0.112623, 0.112159, 0.111411, 0.111079]
[0.111186, 0.111141, 0.111767, 0.112439, 0.112569, 0.112104, 0.111357, 0.111022]
[0.111128, 0.111077, 0.111703, 0.112381, 0.112516, 0.112056, 0.111302, 0.110963]
[0.111076, 0.111022, 0.111647, 0.112333, 0.112475, 0.112013, 0.111254, 0.110908]
[0.111019, 0.110965, 0.11159, 0.112276, 0.11242, 0.111958, 0.111197, 0.110851]
[0.111041, 0.110968, 0.111617, 0.112353, 0.112525, 0.112033, 0.111221, 0.110846]
[0.111051, 0.110972, 0.111636, 0.112399, 0.112582, 0.11207, 0.111229, 0.110843]
[0.110907, 0.110852, 0.111495, 0.112201, 0.112346, 0.111858, 0.111078, 0.11073]
[0.110845, 0.110792, 0.111427, 0.112123, 0.112264, 0.11179, 0.111022, 0.110677]
[0.110798, 0.110744, 0.111373, 0.112063, 0.11221, 0.111741, 0.110976, 0.11063]
[0.11076, 0.110704, 0.111332, 0.112021, 0.112166, 0.111703, 0.11094, 0.110594]
[0.110718, 0.110667, 0.111293, 0.111977, 0.112119, 0.111655, 0.110898, 0.110555]
[0.11068, 0.110632, 0.111258, 0.111939, 0.112074, 0.111612, 0.110858, 0.11052]
[0.110649, 0.110599, 0.111225, 0.111906, 0.112043, 0.111581, 0.110825, 0.110486]
[0.11061, 0.110566, 0.111192, 0.111869, 0.112, 0.111537, 0.110786, 0.11045]
[0.110562, 0.110526, 0.111158, 0.111827, 0.111947, 0.111476, 0.110731, 0.110407]
[0.110504, 0.110477, 0.111111, 0.111775, 0.111884, 0.11141, 0.110669, 0.110353]
[0.110447, 0.11043, 0.111066, 0.111725, 0.111824, 0.111343, 0.110606, 0.1103]
[0.110391, 0.110382, 0.111023, 0.111673, 0.111761, 0.111275, 0.110548, 0.110251]
[0.110341, 0.110339, 0.110984, 0.111634, 0.111713, 0.111222, 0.110492, 0.110203]
[0.1103, 0.110298, 0.110945, 0.111596, 0.111676, 0.111181, 0.11045, 0.110159]
[0.11024, 0.110246, 0.110894, 0.11154, 0.11161, 0.111111, 0.110386, 0.110103]
[0.110196, 0.110203, 0.110851, 0.111497, 0.111566, 0.111065, 0.110337, 0.110058]
[0.110154, 0.110163, 0.110811, 0.111452, 0.111516, 0.111013, 0.110289, 0.110014]
[0.110113, 0.110127, 0.110775, 0.111412, 0.111471, 0.110967, 0.110246, 0.109971]
[0.110074, 0.11009, 0.110737, 0.111373, 0.111429, 0.110923, 0.110203, 0.109932]
[0.11004, 0.110058, 0.110706, 0.111341, 0.111395, 0.110887, 0.110166, 0.109896]
[0.110009, 0.110027, 0.110672, 0.111304, 0.111359, 0.110851, 0.110131, 0.109863]
[0.109968, 0.109991, 0.110633, 0.111257, 0.111304, 0.110798, 0.110088, 0.109825]
[0.109935, 0.109958, 0.110598, 0.111219, 0.111261, 0.110757, 0.110051, 0.109792]
[0.109911, 0.10993, 0.110567, 0.111189, 0.111237, 0.110734, 0.110027, 0.109764]
[0.109872, 0.109897, 0.110532, 0.111141, 0.111182, 0.110685, 0.109987, 0.109728]
[0.10985, 0.109872, 0.110504, 0.111114, 0.111158, 0.110664, 0.109966, 0.109707]
[0.109823, 0.109846, 0.110474, 0.111077, 0.111119, 0.110631, 0.109937, 0.10968]
[0.1098, 0.109824, 0.110448, 0.111047, 0.111088, 0.110602, 0.109914, 0.109658]
[0.109775, 0.1098, 0.110425, 0.111019, 0.111057, 0.110572, 0.109889, 0.109635]
[0.109735, 0.109769, 0.110394, 0.11098, 0.111004, 0.110518, 0.109844, 0.109601]
[0.109715, 0.109741, 0.11036, 0.110948, 0.110984, 0.110504, 0.109828, 0.109578]
[0.109697, 0.10972, 0.110336, 0.110926, 0.110964, 0.110488, 0.109811, 0.109555]
[0.109669, 0.109695, 0.110312, 0.110895, 0.110929, 0.110453, 0.10978, 0.109531]
[0.10965, 0.109673, 0.110286, 0.110871, 0.11091, 0.110437, 0.109763, 0.109509]
[0.109664, 0.109663, 0.110293, 0.110925, 0.110998, 0.110506, 0.109783, 0.109497]
[0.10967, 0.10966, 0.110306, 0.110968, 0.111056, 0.11054, 0.109783, 0.109485]
[0.109575, 0.109578, 0.110204, 0.110829, 0.110896, 0.110408, 0.109694, 0.109414]
[0.109531, 0.109534, 0.110151, 0.110764, 0.110827, 0.11035, 0.109653, 0.109377]
[0.10949, 0.109493, 0.110106, 0.11071, 0.110773, 0.110304, 0.109615, 0.109341]
[0.10946, 0.109463, 0.110074, 0.110679, 0.110746, 0.110281, 0.109589, 0.109311]
[0.109433, 0.109432, 0.110041, 0.11065, 0.110723, 0.110258, 0.109563, 0.109282]
[0.109401, 0.109397, 0.110006, 0.110618, 0.110692, 0.110228, 0.109533, 0.10925]
[0.10937, 0.109363, 0.109972, 0.110587, 0.110666, 0.110202, 0.109504, 0.109217]
[0.109319, 0.10931, 0.109916, 0.110531, 0.110611, 0.110152, 0.109454, 0.109168]
[0.109271, 0.10926, 0.109865, 0.110477, 0.110561, 0.110105, 0.109406, 0.109117]
[0.109225, 0.109214, 0.109816, 0.110428, 0.110511, 0.110057, 0.109364, 0.109073]
[0.10919, 0.109176, 0.109778, 0.11039, 0.110474, 0.110023, 0.109329, 0.109036]
[0.109158, 0.109141, 0.109741, 0.110357, 0.110446, 0.109996, 0.109298, 0.109003]
[0.109124, 0.109107, 0.109707, 0.110321, 0.110412, 0.109961, 0.109263, 0.108969]
[0.109087, 0.109069, 0.10967, 0.110284, 0.110372, 0.109921, 0.109227, 0.108932]
[0.109048, 0.109033, 0.109632, 0.110244, 0.110328, 0.10988, 0.109186, 0.108894]
[0.109018, 0.109001, 0.109599, 0.110213, 0.110302, 0.109855, 0.10916, 0.108865]
[0.108992, 0.108973, 0.109572, 0.110187, 0.110277, 0.10983, 0.109133, 0.108837]
[0.108961, 0.108944, 0.109542, 0.110156, 0.110244, 0.109798, 0.109103, 0.108808]
[0.108935, 0.108915, 0.109514, 0.110131, 0.110221, 0.109774, 0.109077, 0.108779]
[0.10891, 0.108889, 0.109487, 0.110107, 0.110203, 0.109757, 0.109056, 0.108756]
[0.108886, 0.108866, 0.109467, 0.110087, 0.110182, 0.109733, 0.10903, 0.108729]
[0.108862, 0.108841, 0.10944, 0.110063, 0.110159, 0.10971, 0.109007, 0.108707]
[0.108836, 0.108816, 0.109417, 0.110035, 0.110127, 0.109678, 0.108977, 0.10868]
[0.108811, 0.10879, 0.109391, 0.110012, 0.110109, 0.109659, 0.108956, 0.108655]
[0.108778, 0.10876, 0.109362, 0.109981, 0.110073, 0.109623, 0.108922, 0.108624]
[0.108741, 0.108726, 0.109328, 0.109944, 0.110031, 0.109578, 0.108882, 0.108589]
[0.108716, 0.108699, 0.109302, 0.109919, 0.110009, 0.109557, 0.10886, 0.108563]
[0.10869, 0.108674, 0.109278, 0.109896, 0.109985, 0.109532, 0.108832, 0.108538]
[0.108668, 0.10865, 0.109255, 0.109875, 0.109965, 0.109511, 0.108812, 0.108516]
[0.108652, 0.108632, 0.109237, 0.10986, 0.109955, 0.1095, 0.108795, 0.108496]
[0.108632, 0.108613, 0.109217, 0.109842, 0.109936, 0.109481, 0.108776, 0.108475]
[0.108613, 0.108595, 0.109201, 0.109825, 0.109918, 0.109462, 0.108756, 0.108456]
[0.108601, 0.108582, 0.109187, 0.109813, 0.109907, 0.109451, 0.108743, 0.108443]
[0.108577, 0.108559, 0.109165, 0.10979, 0.109883, 0.109425, 0.108721, 0.108422]
[0.108619, 0.108586, 0.109212, 0.10988, 0.109995, 0.109509, 0.108755, 0.108436]
[0.108642, 0.108606, 0.109246, 0.109938, 0.110057, 0.109552, 0.108777, 0.108448]
[0.108552, 0.108527, 0.109152, 0.10981, 0.109912, 0.109426, 0.108688, 0.108376]
[0.108505, 0.108484, 0.109102, 0.109744, 0.109839, 0.109365, 0.10864, 0.108338]
[0.108479, 0.108457, 0.109072, 0.109711, 0.109808, 0.109338, 0.108618, 0.108314]
[0.108451, 0.10843, 0.109042, 0.109678, 0.109776, 0.10931, 0.108592, 0.108288]
[0.108427, 0.108404, 0.109014, 0.109647, 0.109747, 0.109283, 0.108568, 0.108266]
[0.108401, 0.108379, 0.108988, 0.10962, 0.109717, 0.109254, 0.108542, 0.10824]
[0.108364, 0.108344, 0.10895, 0.109579, 0.109676, 0.109214, 0.108504, 0.108204]
[0.108324, 0.108304, 0.108912, 0.10954, 0.109633, 0.109172, 0.108464, 0.108166]
[0.108285, 0.108269, 0.108877, 0.109501, 0.109591, 0.10913, 0.108422, 0.108126]
[0.108248, 0.108233, 0.10884, 0.109464, 0.109552, 0.109087, 0.108383, 0.108088]
[0.108206, 0.108192, 0.108798, 0.10942, 0.109508, 0.109043, 0.108339, 0.108046]
[0.108173, 0.108157, 0.108762, 0.109383, 0.109472, 0.109009, 0.108304, 0.10801]
[0.108132, 0.10812, 0.108724, 0.109343, 0.109427, 0.108963, 0.108262, 0.107972]
[0.108093, 0.10808, 0.108684, 0.109299, 0.109383, 0.108921, 0.108221, 0.107929]
[0.108058, 0.108045, 0.108647, 0.109261, 0.109344, 0.108882, 0.108185, 0.107895]
[0.108016, 0.108002, 0.108603, 0.109218, 0.109301, 0.108842, 0.108143, 0.107852]
[0.107958, 0.107943, 0.108543, 0.10916, 0.109246, 0.108788, 0.108089, 0.107795]
[0.107907, 0.107888, 0.108488, 0.109106, 0.109197, 0.108742, 0.10804, 0.107743]
[0.107857, 0.107836, 0.108435, 0.109054, 0.109149, 0.108695, 0.107992, 0.107692]
[0.107809, 0.107785, 0.108381, 0.109001, 0.1091, 0.108649, 0.107945, 0.107644]
[0.107753, 0.107724, 0.108317, 0.108938, 0.109042, 0.108597, 0.107893, 0.107589]
[0.107701, 0.107669, 0.108259, 0.108883, 0.108994, 0.108552, 0.107846, 0.107535]
[0.107647, 0.107614, 0.108205, 0.10883, 0.10894, 0.108499, 0.107793, 0.107483]
[0.1076, 0.107565, 0.108156, 0.108784, 0.108899, 0.108457, 0.107747, 0.107435]
[0.107547, 0.107511, 0.108102, 0.108732, 0.108849, 0.108408, 0.107697, 0.107383]
[0.107502, 0.10746, 0.108052, 0.108687, 0.10881, 0.108369, 0.107653, 0.107333]
[0.107457, 0.107414, 0.108004, 0.10864, 0.108766, 0.108331, 0.10761, 0.107285]
[0.107418, 0.107371, 0.107963, 0.108604, 0.108737, 0.108297, 0.107572, 0.107245]
[0.107374, 0.107327, 0.10792, 0.108561, 0.108694, 0.108253, 0.107529, 0.107202]
[0.107335, 0.107286, 0.107878, 0.108523, 0.108659, 0.108218, 0.107491, 0.107163]
[0.107282, 0.107233, 0.107825, 0.10847, 0.108607, 0.108167, 0.10744, 0.107111]
[0.107228, 0.107176, 0.107769, 0.108418, 0.108556, 0.108117, 0.107386, 0.107053]
[0.107186, 0.107133, 0.107725, 0.108372, 0.108511, 0.108073, 0.107345, 0.107013]
[0.107148, 0.107096, 0.107686, 0.108332, 0.108472, 0.108033, 0.107306, 0.106972]
[0.107131, 0.107071, 0.107668, 0.10833, 0.108481, 0.108037, 0.10729, 0.106946]
[0.107147, 0.107078, 0.107702, 0.108408, 0.108572, 0.108092, 0.107298, 0.106938]
[0.107042, 0.106991, 0.107597, 0.108259, 0.108395, 0.107935, 0.107188, 0.106856]
[0.106967, 0.106935, 0.107531, 0.108161, 0.108269, 0.107819, 0.107106, 0.106796]
[0.106923, 0.106891, 0.107483, 0.108105, 0.108213, 0.107771, 0.107065, 0.106757]
[0.106876, 0.106848, 0.107437, 0.108051, 0.108151, 0.107711, 0.107013, 0.106712]
[0.106837, 0.106811, 0.107399, 0.108008, 0.108107, 0.10767, 0.106975, 0.106674]
[0.106798, 0.106776, 0.107364, 0.107969, 0.108061, 0.107624, 0.106935, 0.106637]
[0.106764, 0.106742, 0.107328, 0.107932, 0.108027, 0.107588, 0.106898, 0.106605]
[0.106732, 0.10671, 0.107296, 0.107901, 0.107994, 0.107558, 0.106868, 0.10657]
[0.106701, 0.106678, 0.107264, 0.107868, 0.107964, 0.107526, 0.106836, 0.10654]
[0.106659, 0.106639, 0.107228, 0.10783, 0.10792, 0.107483, 0.106791, 0.106499]
[0.106621, 0.106604, 0.107192, 0.107791, 0.107882, 0.107442, 0.106755, 0.106463]
[0.106586, 0.106572, 0.107163, 0.107763, 0.107847, 0.107405, 0.106719, 0.106429]
[0.106554, 0.106541, 0.107132, 0.10773, 0.107814, 0.10737, 0.106684, 0.106396]
[0.106525, 0.106514, 0.107104, 0.107703, 0.107787, 0.107342, 0.106656, 0.106369]
[0.106499, 0.106495, 0.10709, 0.107682, 0.107755, 0.107308, 0.106627, 0.10635]
[0.106473, 0.106472, 0.107065, 0.107653, 0.107723, 0.107276, 0.106599, 0.106324]
[0.10645, 0.10645, 0.107045, 0.107632, 0.107701, 0.10725, 0.106574, 0.106301]
[0.106427, 0.10643, 0.107024, 0.107608, 0.107671, 0.107221, 0.106549, 0.10628]
[0.106406, 0.106405, 0.106996, 0.107586, 0.107653, 0.107207, 0.106528, 0.106254]
[0.106372, 0.106376, 0.10697, 0.107557, 0.107621, 0.107172, 0.106495, 0.106223]
[0.106341, 0.106344, 0.106939, 0.107525, 0.107588, 0.107137, 0.106461, 0.106191]
[0.106314, 0.106317, 0.106913, 0.107502, 0.107567, 0.107114, 0.106436, 0.106165]
[0.106281, 0.106287, 0.106885, 0.107471, 0.107532, 0.107077, 0.106401, 0.106134]
[0.106238, 0.106248, 0.106843, 0.107422, 0.107477, 0.107023, 0.106355, 0.106095]
[0.106195, 0.106209, 0.106805, 0.107379, 0.107429, 0.106977, 0.106311, 0.106054]
[0.106155, 0.106177, 0.106777, 0.107344, 0.107384, 0.106926, 0.106268, 0.106021]
[0.106118, 0.106145, 0.106744, 0.107308, 0.107341, 0.106882, 0.106227, 0.105983]
[0.10608, 0.106111, 0.106709, 0.107271, 0.1073, 0.106839, 0.106188, 0.105951]
[0.106042, 0.106072, 0.10667, 0.107233, 0.107263, 0.106803, 0.106151, 0.105911]
[0.105999, 0.10603, 0.10663, 0.10719, 0.10722, 0.10676, 0.106108, 0.10587]
[0.105955, 0.105992, 0.106594, 0.107152, 0.107175, 0.106708, 0.106061, 0.105829]
[0.105917, 0.105952, 0.10655, 0.107106, 0.107131, 0.10667, 0.106023, 0.105792]
[0.105865, 0.105906, 0.106504, 0.107055, 0.107073, 0.106612, 0.105969, 0.105745]
[0.105812, 0.105845, 0.10644, 0.106995, 0.107023, 0.106567, 0.105922, 0.105688]
