[0.995408, 0.995584, 0.994997, 0.996134, 0.996312, 0.996637, 0.997217, 0.996608]
[0.99595, 0.995007, 0.996176, 0.995383, 0.996778, 0.997241, 0.997147, 0.996402]
[0.996234, 0.995715, 0.995228, 0.995999, 0.997096, 0.996675, 0.997743, 0.996777]
[0.997366, 0.995196, 0.994591, 0.996534, 0.99612, 0.998366, 0.998196, 0.995208]
[0.996749, 0.996191, 0.995616, 0.996008, 0.996998, 0.997944, 0.998573, 0.996729]
[0.997043, 0.996362, 0.995846, 0.996586, 0.997423, 0.997547, 0.998691, 0.997714]
[0.996845, 0.99625, 0.996089, 0.996455, 0.99697, 0.998065, 0.998429, 0.997593]
[0.996659, 0.996257, 0.996156, 0.99716, 0.996884, 0.997851, 0.998211, 0.997292]
[0.996351, 0.996166, 0.997049, 0.997082, 0.997489, 0.997747, 0.998589, 0.997637]
[0.996591, 0.996318, 0.996742, 0.997365, 0.996455, 0.998001, 0.998265, 0.997365]
[0.996843, 0.996054, 0.995812, 0.996985, 0.99665, 0.997683, 0.998592, 0.99724]
[0.996514, 0.996173, 0.996286, 0.997209, 0.996736, 0.997982, 0.9985, 0.997842]
[0.997159, 0.995551, 0.996237, 0.997054, 0.997279, 0.997947, 0.997825, 0.997877]
[0.996255, 0.996153, 0.996994, 0.997452, 0.996565, 0.998558, 0.998708, 0.997709]
[0.996808, 0.996146, 0.996024, 0.997281, 0.997078, 0.998189, 0.998301, 0.997341]
[0.996552, 0.996326, 0.996664, 0.997156, 0.997075, 0.997997, 0.998598, 0.997853]
[0.996925, 0.997041, 0.996657, 0.997419, 0.997185, 0.997609, 0.998982, 0.9972]
[0.996825, 0.996695, 0.9966, 0.997538, 0.997049, 0.997518, 0.99889, 0.997194]
[0.996605, 0.996305, 0.996176, 0.997323, 0.997134, 0.997599, 0.99865, 0.997784]
[0.996512, 0.996229, 0.996596, 0.99764, 0.996508, 0.997948, 0.998267, 0.997233]
[0.996195, 0.995972, 0.996657, 0.997098, 0.996957, 0.997895, 0.99828, 0.997062]
[0.996382, 0.996072, 0.996306, 0.996936, 0.996948, 0.997814, 0.998403, 0.997648]
[0.997251, 0.996272, 0.996059, 0.996856, 0.997283, 0.998125, 0.998311, 0.997675]
[0.99624, 0.996365, 0.99653, 0.997339, 0.997062, 0.998063, 0.998427, 0.997357]
[0.996599, 0.99654, 0.996034, 0.996911, 0.997206, 0.997907, 0.998241, 0.997888]
[0.996788, 0.995933, 0.995898, 0.997076, 0.996826, 0.997955, 0.99833, 0.996518]
[0.996556, 0.996075, 0.996335, 0.997244, 0.996859, 0.998184, 0.998398, 0.997797]
[0.996592, 0.996356, 0.997114, 0.997204, 0.996941, 0.997762, 0.9988, 0.998147]
[0.996505, 0.996175, 0.996461, 0.997513, 0.997299, 0.998023, 0.998579, 0.997685]
[0.995828, 0.996056, 0.99614, 0.997571, 0.997161, 0.9977, 0.997945, 0.9976]
[0.996399, 0.996035, 0.996039, 0.996871, 0.997075, 0.998027, 0.998763, 0.997125]
[0.996965, 0.996697, 0.996757, 0.997444, 0.99672, 0.997645, 0.998691, 0.997882]
[0.997117, 0.996222, 0.997033, 0.997415, 0.996702, 0.998169, 0.998642, 0.997179]
[0.996958, 0.996117, 0.99653, 0.99724, 0.996619, 0.997842, 0.998564, 0.997053]
[0.996792, 0.996135, 0.996359, 0.997217, 0.996425, 0.99799, 0.998848, 0.997509]
[0.996308, 0.996243, 0.996237, 0.997381, 0.996634, 0.997956, 0.998378, 0.997417]
[0.996715, 0.995744, 0.99579, 0.996686, 0.996896, 0.997518, 0.998359, 0.995967]
[0.997179, 0.995655, 0.995883, 0.996593, 0.996534, 0.997805, 0.998174, 0.996494]
[0.997326, 0.996336, 0.996087, 0.99649, 0.99705, 0.997821, 0.998405, 0.997012]
[0.997378, 0.99652, 0.996096, 0.996747, 0.996974, 0.997734, 0.998261, 0.996962]
[0.997151, 0.996397, 0.996183, 0.99671, 0.997407, 0.997508, 0.998408, 0.997347]
[0.996545, 0.995756, 0.996427, 0.997399, 0.997135, 0.998011, 0.998073, 0.997625]
[0.996356, 0.996506, 0.996759, 0.997046, 0.996352, 0.997877, 0.998295, 0.997413]
[0.996489, 0.996436, 0.997009, 0.996893, 0.997297, 0.997515, 0.998574, 0.996882]
[0.997345, 0.995746, 0.996451, 0.997438, 0.996895, 0.997738, 0.998719, 0.997285]
[0.997123, 0.996193, 0.996984, 0.99742, 0.99647, 0.998173, 0.998577, 0.997106]
[0.996815, 0.996238, 0.99656, 0.997511, 0.997045, 0.998262, 0.998718, 0.997336]
[0.997043, 0.996196, 0.996795, 0.997537, 0.99645, 0.997849, 0.998442, 0.997522]
[0.996329, 0.995871, 0.99633, 0.997413, 0.996436, 0.997443, 0.998699, 0.99753]
[0.996448, 0.996225, 0.996302, 0.997315, 0.99666, 0.998056, 0.998189, 0.997415]
[0.997045, 0.99573, 0.996113, 0.997431, 0.996758, 0.99807, 0.998597, 0.99737]
[0.997006, 0.99627, 0.996636, 0.997271, 0.996975, 0.998069, 0.998309, 0.99715]
[0.996656, 0.996555, 0.996453, 0.9975, 0.997037, 0.998121, 0.998359, 0.997567]
[0.996505, 0.995981, 0.996057, 0.997631, 0.997279, 0.997999, 0.998545, 0.997532]
[0.996881, 0.996094, 0.99631, 0.997369, 0.996895, 0.998016, 0.998616, 0.997518]
[0.997333, 0.995677, 0.995726, 0.99752, 0.9971, 0.998015, 0.998316, 0.997845]
[0.996398, 0.99627, 0.995757, 0.997057, 0.996686, 0.997458, 0.997714, 0.997091]
[0.996198, 0.995778, 0.996368, 0.997548, 0.996934, 0.997788, 0.99857, 0.997672]
[0.99686, 0.996152, 0.996352, 0.997674, 0.997397, 0.998024, 0.998617, 0.997013]
[0.996746, 0.995494, 0.996879, 0.996685, 0.99673, 0.997741, 0.998117, 0.996943]
[0.996382, 0.996453, 0.996348, 0.997325, 0.997302, 0.998025, 0.998186, 0.99739]
[0.997395, 0.996341, 0.995556, 0.997213, 0.997063, 0.998126, 0.997835, 0.996749]
[0.996852, 0.995843, 0.996329, 0.997128, 0.99721, 0.998109, 0.998172, 0.99794]
[0.99638, 0.996062, 0.996666, 0.997144, 0.997064, 0.998123, 0.99811, 0.997234]
[0.99615, 0.996194, 0.996061, 0.997461, 0.996913, 0.998002, 0.998247, 0.997457]
[0.996863, 0.995914, 0.996608, 0.997324, 0.996538, 0.998108, 0.998611, 0.997165]
[0.996856, 0.996396, 0.996601, 0.997305, 0.997115, 0.998037, 0.998444, 0.997746]
[0.997355, 0.997065, 0.995924, 0.996668, 0.997325, 0.997929, 0.997967, 0.99737]
[0.996775, 0.997337, 0.996288, 0.996247, 0.997407, 0.997753, 0.998251, 0.997999]
[0.99725, 0.99785, 0.996226, 0.997099, 0.997277, 0.997212, 0.998333, 0.997449]
[0.997206, 0.998122, 0.996137, 0.997206, 0.997458, 0.996617, 0.998105, 0.996568]
[0.996676, 0.997738, 0.996365, 0.99761, 0.997475, 0.996675, 0.997441, 0.995206]
[0.996978, 0.996503, 0.996789, 0.997472, 0.997105, 0.995455, 0.997491, 0.994951]
[0.996266, 0.996655, 0.996298, 0.997666, 0.996386, 0.994921, 0.997034, 0.994999]
[0.995312, 0.995674, 0.996905, 0.99855, 0.995316, 0.994384, 0.997346, 0.994846]
[0.995046, 0.994785, 0.995346, 0.997993, 0.995547, 0.993646, 0.996369, 0.994217]
[0.99337, 0.994706, 0.99473, 0.996624, 0.994892, 0.994675, 0.995437, 0.993399]
[0.992392, 0.993879, 0.994905, 0.996229, 0.994424, 0.993799, 0.994093, 0.993451]
[0.992268, 0.99424, 0.99454, 0.996309, 0.994868, 0.994453, 0.993674, 0.992127]
[0.992026, 0.993777, 0.994953, 0.995174, 0.995235, 0.991893, 0.993181, 0.992445]
[0.990839, 0.993858, 0.994526, 0.995392, 0.995334, 0.993037, 0.992955, 0.992761]
[0.990763, 0.994518, 0.994058, 0.995328, 0.995022, 0.993237, 0.99268, 0.992551]
[0.989708, 0.992711, 0.993972, 0.994391, 0.994332, 0.99297, 0.993521, 0.992401]
[0.989869, 0.992844, 0.994273, 0.993677, 0.99532, 0.992055, 0.991679, 0.990957]
[0.990094, 0.992448, 0.994137, 0.992476, 0.994529, 0.992862, 0.991379, 0.991134]
[0.990919, 0.991709, 0.993424, 0.992478, 0.994135, 0.991962, 0.992755, 0.990556]
[0.990721, 0.99092, 0.99213, 0.992521, 0.994244, 0.991869, 0.991782, 0.990707]
[0.990487, 0.98953, 0.991517, 0.992059, 0.992959, 0.991221, 0.9924, 0.990036]
[0.989507, 0.989503, 0.99242, 0.991499, 0.991848, 0.991542, 0.990568, 0.989538]
[0.989332, 0.987828, 0.989877, 0.991652, 0.990865, 0.989339, 0.990713, 0.988848]
[0.988573, 0.986411, 0.990096, 0.991018, 0.990053, 0.988137, 0.990325, 0.98797]
[0.987506, 0.984989, 0.990199, 0.991185, 0.990282, 0.987491, 0.988804, 0.986342]
[0.985742, 0.984645, 0.989922, 0.990855, 0.988772, 0.989932, 0.986868, 0.985792]
[0.984776, 0.984007, 0.98811, 0.990153, 0.98893, 0.989348, 0.985646, 0.985058]
[0.984443, 0.982739, 0.988464, 0.989836, 0.988366, 0.988531, 0.985744, 0.985123]
[0.982439, 0.982901, 0.98809, 0.98928, 0.98868, 0.98706, 0.984279, 0.9842]
[0.981284, 0.982704, 0.988164, 0.988664, 0.988054, 0.985709, 0.982344, 0.982676]
[0.982093, 0.982274, 0.986797, 0.988485, 0.98779, 0.985574, 0.984145, 0.98113]
[0.982444, 0.982053, 0.984575, 0.987283, 0.987545, 0.985738, 0.983852, 0.980161]
[0.98096, 0.98193, 0.982111, 0.986658, 0.98628, 0.984452, 0.983957, 0.980796]
[0.980789, 0.980579, 0.982822, 0.98571, 0.985767, 0.983497, 0.983001, 0.980548]
[0.980514, 0.979681, 0.980427, 0.983961, 0.985343, 0.983234, 0.981735, 0.980941]
[0.980957, 0.979498, 0.98155, 0.983427, 0.98503, 0.983771, 0.980492, 0.980588]
[0.978061, 0.980432, 0.980068, 0.981921, 0.985309, 0.982225, 0.979811, 0.97909]
[0.979211, 0.979517, 0.978883, 0.983512, 0.985159, 0.981369, 0.979922, 0.979031]
[0.977876, 0.980073, 0.977874, 0.982439, 0.984557, 0.979895, 0.97974, 0.97924]
[0.978135, 0.980888, 0.978271, 0.982403, 0.984028, 0.979581, 0.980351, 0.980114]
[0.978341, 0.980789, 0.978402, 0.982108, 0.983844, 0.977963, 0.979359, 0.981202]
[0.977743, 0.98031, 0.979204, 0.980852, 0.984631, 0.976871, 0.980763, 0.981358]
[0.97787, 0.980942, 0.979352, 0.981019, 0.983748, 0.976271, 0.980626, 0.981637]
[0.977739, 0.980622, 0.979673, 0.981226, 0.983552, 0.976186, 0.979826, 0.980208]
[0.977953, 0.97993, 0.98058, 0.98178, 0.981253, 0.977992, 0.979381, 0.979933]
[0.977662, 0.980636, 0.979329, 0.980352, 0.982554, 0.977917, 0.979713, 0.979719]
[0.977259, 0.978967, 0.980219, 0.981057, 0.981716, 0.977401, 0.978625, 0.981007]
[0.978467, 0.979297, 0.980118, 0.981206, 0.982207, 0.97766, 0.976729, 0.981183]
[0.9789, 0.979783, 0.979885, 0.981186, 0.98116, 0.977275, 0.978471, 0.980912]
[0.979031, 0.980466, 0.980778, 0.981708, 0.982222, 0.976821, 0.97845, 0.980221]
[0.979274, 0.980203, 0.980565, 0.981891, 0.9818, 0.977331, 0.978358, 0.979385]
[0.979348, 0.980462, 0.980546, 0.982387, 0.981052, 0.976243, 0.978902, 0.979818]
[0.977287, 0.979726, 0.981289, 0.982499, 0.981559, 0.976861, 0.978876, 0.979891]
[0.97707, 0.980317, 0.980133, 0.982028, 0.980612, 0.97658, 0.978975, 0.980081]
[0.977298, 0.980108, 0.980296, 0.981489, 0.979935, 0.976634, 0.979211, 0.980187]
[0.977884, 0.980097, 0.980537, 0.981439, 0.980317, 0.976731, 0.978908, 0.980044]
[0.978693, 0.979398, 0.979397, 0.982524, 0.979791, 0.976511, 0.978834, 0.97971]
[0.978894, 0.978225, 0.97956, 0.9825, 0.979625, 0.975989, 0.979027, 0.979584]
[0.978993, 0.977296, 0.97945, 0.982706, 0.97928, 0.976352, 0.978336, 0.97883]
[0.978667, 0.977374, 0.978549, 0.981785, 0.979421, 0.975773, 0.978506, 0.978798]
[0.978735, 0.977771, 0.979082, 0.980567, 0.979363, 0.976545, 0.978033, 0.979204]
[0.979142, 0.977165, 0.979246, 0.979801, 0.97907, 0.976267, 0.977715, 0.97961]
[0.978251, 0.977177, 0.977659, 0.977739, 0.978177, 0.976186, 0.978209, 0.978918]
[0.978489, 0.977873, 0.977348, 0.97638, 0.978105, 0.976675, 0.976733, 0.977754]
[0.978046, 0.977741, 0.97659, 0.977318, 0.977663, 0.975895, 0.977203, 0.978667]
[0.977552, 0.977131, 0.975161, 0.975901, 0.977642, 0.974611, 0.97709, 0.979154]
[0.976998, 0.977269, 0.974979, 0.975402, 0.978055, 0.975898, 0.977038, 0.978438]
[0.9763, 0.977181, 0.974915, 0.978281, 0.977384, 0.975721, 0.977126, 0.978218]
[0.976905, 0.977279, 0.974947, 0.976496, 0.978213, 0.974895, 0.976246, 0.978136]
[0.977196, 0.97643, 0.974479, 0.976856, 0.978059, 0.975526, 0.976302, 0.979134]
[0.977265, 0.976243, 0.975162, 0.976763, 0.976762, 0.974876, 0.975933, 0.977675]
[0.977152, 0.976254, 0.973312, 0.976479, 0.977353, 0.975186, 0.976614, 0.978045]
[0.976873, 0.976118, 0.973839, 0.977483, 0.977974, 0.974385, 0.976793, 0.976414]
[0.976532, 0.975497, 0.97344, 0.978065, 0.977889, 0.974318, 0.975988, 0.976203]
[0.977022, 0.975804, 0.972202, 0.977161, 0.976305, 0.975337, 0.976335, 0.975607]
[0.975272, 0.974573, 0.972238, 0.976516, 0.977514, 0.974606, 0.976211, 0.975987]
[0.975227, 0.973933, 0.971526, 0.976719, 0.976681, 0.974249, 0.975052, 0.976166]
[0.97402, 0.973615, 0.971683, 0.978088, 0.97579, 0.975387, 0.973943, 0.976346]
[0.973299, 0.972914, 0.971757, 0.977072, 0.975042, 0.975211, 0.973362, 0.974315]
[0.972687, 0.971482, 0.97126, 0.975648, 0.974786, 0.974137, 0.972555, 0.973298]
[0.971718, 0.9717, 0.971152, 0.975054, 0.975022, 0.974912, 0.971907, 0.972764]
[0.971167, 0.971124, 0.97224, 0.974429, 0.974084, 0.974152, 0.972199, 0.972077]
[0.970752, 0.970868, 0.971619, 0.973231, 0.973608, 0.973479, 0.97268, 0.971155]
[0.97119, 0.970482, 0.971757, 0.973847, 0.973711, 0.973125, 0.972116, 0.970867]
[0.970607, 0.970279, 0.971695, 0.973516, 0.972348, 0.973233, 0.972091, 0.971148]
[0.971172, 0.970341, 0.97154, 0.972234, 0.972824, 0.973, 0.971599, 0.970198]
[0.970479, 0.97047, 0.971188, 0.972617, 0.973616, 0.97287, 0.971355, 0.970743]
[0.970541, 0.970352, 0.970249, 0.971147, 0.971921, 0.972843, 0.970503, 0.971719]
[0.97034, 0.972027, 0.9678, 0.970993, 0.973039, 0.972736, 0.971527, 0.970861]
[0.970417, 0.97182, 0.968683, 0.971394, 0.972989, 0.973213, 0.970214, 0.970998]
[0.970751, 0.971414, 0.96813, 0.971021, 0.97256, 0.972299, 0.969893, 0.970567]
[0.970659, 0.970649, 0.968651, 0.970565, 0.971664, 0.971405, 0.969748, 0.970143]
[0.97068, 0.970748, 0.968537, 0.96942, 0.971273, 0.972095, 0.969797, 0.971105]
[0.970402, 0.971566, 0.967462, 0.968203, 0.970976, 0.972723, 0.970099, 0.971565]
[0.969733, 0.971111, 0.967866, 0.968241, 0.969966, 0.972396, 0.968793, 0.97265]
[0.969779, 0.970522, 0.966965, 0.968443, 0.96826, 0.971063, 0.969444, 0.97249]
[0.968421, 0.969528, 0.965977, 0.967904, 0.968752, 0.971223, 0.969677, 0.971546]
[0.968681, 0.969616, 0.965542, 0.967796, 0.968502, 0.971187, 0.969297, 0.970615]
[0.967544, 0.969219, 0.965341, 0.967633, 0.968605, 0.969402, 0.969104, 0.970929]
[0.967766, 0.96921, 0.965813, 0.967706, 0.966831, 0.969295, 0.97007, 0.970774]
[0.966921, 0.967782, 0.965143, 0.966378, 0.966675, 0.968486, 0.968709, 0.970727]
[0.966324, 0.967097, 0.963851, 0.964634, 0.966256, 0.967026, 0.967597, 0.97058]
[0.966694, 0.967121, 0.964724, 0.963696, 0.966925, 0.966409, 0.967384, 0.970633]
[0.967598, 0.967284, 0.963875, 0.96353, 0.966382, 0.966883, 0.967239, 0.970217]
[0.96642, 0.967879, 0.964098, 0.963476, 0.965984, 0.967647, 0.96772, 0.969546]
[0.966151, 0.967912, 0.964297, 0.963714, 0.966236, 0.966458, 0.966893, 0.968726]
[0.965307, 0.967025, 0.963673, 0.962421, 0.96563, 0.966648, 0.966023, 0.968788]
[0.965211, 0.963976, 0.963452, 0.961591, 0.965021, 0.966545, 0.965443, 0.969269]
[0.965496, 0.964352, 0.963583, 0.961741, 0.964881, 0.965043, 0.965993, 0.966686]
[0.965864, 0.963943, 0.964928, 0.962205, 0.964731, 0.964556, 0.964871, 0.966693]
[0.964698, 0.962709, 0.964488, 0.96262, 0.964128, 0.963422, 0.965139, 0.967435]
[0.965482, 0.963706, 0.964785, 0.96224, 0.962759, 0.962545, 0.964367, 0.966459]
[0.965016, 0.963048, 0.963352, 0.960438, 0.963918, 0.96318, 0.964924, 0.966033]
[0.963893, 0.96263, 0.963836, 0.963448, 0.963349, 0.963084, 0.964737, 0.965154]
[0.963888, 0.962455, 0.964131, 0.96341, 0.962905, 0.96357, 0.962178, 0.964114]
[0.963615, 0.961729, 0.963711, 0.96153, 0.962104, 0.963494, 0.963327, 0.965642]
[0.962747, 0.962883, 0.962766, 0.96173, 0.96176, 0.962903, 0.963447, 0.96527]
[0.962153, 0.96165, 0.962686, 0.961753, 0.960665, 0.963272, 0.963481, 0.963439]
[0.961355, 0.962565, 0.962284, 0.961238, 0.96051, 0.962839, 0.962712, 0.964333]
[0.961141, 0.9616, 0.960464, 0.960507, 0.95934, 0.96149, 0.962058, 0.963779]
[0.959509, 0.961214, 0.960999, 0.961598, 0.96044, 0.962484, 0.962098, 0.96248]
[0.959757, 0.960715, 0.959283, 0.957083, 0.95825, 0.961434, 0.961977, 0.961968]
[0.960229, 0.959788, 0.959749, 0.957666, 0.958815, 0.961717, 0.960337, 0.96098]
[0.958647, 0.958138, 0.959334, 0.956356, 0.957839, 0.961413, 0.959624, 0.960543]
[0.958781, 0.95794, 0.95953, 0.956405, 0.958619, 0.960848, 0.95875, 0.960099]
[0.956917, 0.956323, 0.959743, 0.956523, 0.958488, 0.960594, 0.959666, 0.96005]
[0.957168, 0.955968, 0.959426, 0.955906, 0.9563, 0.960471, 0.958501, 0.959709]
[0.95702, 0.956666, 0.958651, 0.95495, 0.955763, 0.96113, 0.958364, 0.958909]
[0.957461, 0.956796, 0.959001, 0.955359, 0.954988, 0.961352, 0.958181, 0.95939]
[0.957418, 0.956895, 0.958231, 0.95553, 0.956809, 0.960538, 0.957113, 0.959706]
[0.955944, 0.957896, 0.957287, 0.955043, 0.956102, 0.960306, 0.957661, 0.958957]
[0.956644, 0.956911, 0.956977, 0.955326, 0.956327, 0.959403, 0.957012, 0.957322]
[0.955214, 0.956517, 0.956291, 0.954028, 0.956209, 0.95853, 0.956466, 0.956449]
[0.955452, 0.955656, 0.955483, 0.954919, 0.956205, 0.958059, 0.955046, 0.954143]
[0.955753, 0.953881, 0.955407, 0.955038, 0.956352, 0.958131, 0.954608, 0.954122]
[0.954714, 0.954337, 0.954873, 0.954264, 0.955145, 0.958182, 0.955563, 0.954366]
[0.953066, 0.953332, 0.954315, 0.954757, 0.951096, 0.956958, 0.955408, 0.953222]
[0.951793, 0.953819, 0.95447, 0.952697, 0.953429, 0.9568, 0.95216, 0.952537]
[0.952957, 0.952552, 0.952881, 0.951985, 0.952217, 0.955808, 0.953293, 0.952515]
[0.951404, 0.952546, 0.952116, 0.951719, 0.953536, 0.953026, 0.951566, 0.95095]
[0.951788, 0.951924, 0.951447, 0.949527, 0.952108, 0.955175, 0.952095, 0.951117]
[0.952751, 0.951937, 0.949883, 0.949522, 0.95212, 0.953752, 0.952439, 0.951244]
[0.952309, 0.951937, 0.950671, 0.950016, 0.951192, 0.954965, 0.951085, 0.950908]
[0.952351, 0.951483, 0.951279, 0.951089, 0.950948, 0.954921, 0.951058, 0.950445]
[0.951503, 0.951567, 0.950344, 0.94917, 0.950781, 0.954038, 0.949349, 0.949767]
[0.9506, 0.950837, 0.950665, 0.948493, 0.950746, 0.953441, 0.950572, 0.95058]
[0.95002, 0.950681, 0.951186, 0.950655, 0.949559, 0.951097, 0.949399, 0.9506]
[0.947866, 0.949833, 0.95068, 0.94944, 0.949128, 0.951125, 0.948571, 0.950201]
[0.948632, 0.946793, 0.948334, 0.947976, 0.947799, 0.948869, 0.948459, 0.948075]
[0.948577, 0.946967, 0.948543, 0.946907, 0.948104, 0.950028, 0.950207, 0.948172]
[0.946992, 0.947251, 0.949503, 0.94782, 0.947178, 0.950519, 0.950266, 0.947196]
[0.946103, 0.946577, 0.949285, 0.946535, 0.947112, 0.948085, 0.948902, 0.947996]
[0.947367, 0.945578, 0.948389, 0.945669, 0.945053, 0.947729, 0.949627, 0.947431]
[0.947455, 0.945298, 0.947869, 0.945266, 0.944296, 0.947395, 0.948539, 0.946143]
[0.94768, 0.944295, 0.946701, 0.945663, 0.944331, 0.946383, 0.947966, 0.946217]
[0.947715, 0.943818, 0.94662, 0.944885, 0.945404, 0.946436, 0.947915, 0.945788]
[0.947397, 0.943868, 0.946198, 0.944471, 0.945439, 0.946188, 0.947686, 0.945453]
[0.945439, 0.943202, 0.945134, 0.943328, 0.945456, 0.943685, 0.94611, 0.945131]
[0.94508, 0.943979, 0.943981, 0.943573, 0.944011, 0.942906, 0.945797, 0.944306]
[0.944517, 0.944588, 0.943743, 0.942325, 0.94418, 0.943779, 0.944877, 0.944698]
[0.944738, 0.944949, 0.944723, 0.941511, 0.942735, 0.942128, 0.944602, 0.945126]
[0.943341, 0.943496, 0.944956, 0.94336, 0.944441, 0.943997, 0.944613, 0.945396]
[0.942796, 0.943293, 0.944356, 0.94329, 0.944959, 0.942494, 0.944794, 0.943364]
[0.943099, 0.942501, 0.941722, 0.942455, 0.941337, 0.941257, 0.944611, 0.943975]
[0.944588, 0.942091, 0.940903, 0.943328, 0.940307, 0.943294, 0.945058, 0.943176]
[0.944953, 0.942135, 0.941594, 0.943391, 0.941505, 0.942328, 0.946335, 0.943342]
[0.943867, 0.943334, 0.939911, 0.941634, 0.939267, 0.943639, 0.944304, 0.942989]
[0.943722, 0.942922, 0.942116, 0.941347, 0.938879, 0.943773, 0.943879, 0.943749]
[0.942699, 0.942347, 0.94059, 0.941889, 0.93885, 0.942632, 0.943573, 0.942892]
[0.942721, 0.942143, 0.940143, 0.941219, 0.938594, 0.94284, 0.943247, 0.941934]
[0.943589, 0.94245, 0.940934, 0.940824, 0.938423, 0.942849, 0.942122, 0.941742]
[0.943534, 0.943283, 0.941074, 0.941707, 0.937193, 0.94282, 0.942802, 0.943252]
[0.944388, 0.943451, 0.939695, 0.941601, 0.937194, 0.942112, 0.942415, 0.943113]
[0.941953, 0.942908, 0.941359, 0.941787, 0.936234, 0.940499, 0.943094, 0.942829]
[0.942108, 0.942235, 0.941635, 0.940126, 0.935991, 0.939034, 0.942009, 0.94363]
[0.942105, 0.941513, 0.941855, 0.940144, 0.933575, 0.937513, 0.941254, 0.943211]
[0.943548, 0.940507, 0.939147, 0.938544, 0.93389, 0.937773, 0.94109, 0.943242]
[0.942927, 0.940155, 0.93799, 0.937414, 0.933971, 0.938109, 0.941543, 0.942334]
[0.941709, 0.940216, 0.938425, 0.937088, 0.934342, 0.93782, 0.939501, 0.941496]
[0.94167, 0.939737, 0.938317, 0.936276, 0.933702, 0.938387, 0.939461, 0.940558]
[0.940355, 0.938412, 0.938229, 0.936372, 0.934436, 0.938929, 0.939876, 0.940444]
[0.940426, 0.937715, 0.938004, 0.935563, 0.933985, 0.938153, 0.939694, 0.93912]
[0.93948, 0.936771, 0.937868, 0.935652, 0.933052, 0.938942, 0.938333, 0.937522]
[0.938464, 0.935893, 0.936843, 0.934201, 0.933541, 0.937455, 0.937594, 0.937739]
[0.937208, 0.936163, 0.934831, 0.93551, 0.934169, 0.93706, 0.937, 0.938285]
[0.936567, 0.936302, 0.935104, 0.934745, 0.933541, 0.935706, 0.937232, 0.93877]
[0.937455, 0.937045, 0.936269, 0.935202, 0.933094, 0.934791, 0.937286, 0.937852]
[0.938126, 0.936647, 0.935455, 0.935262, 0.932314, 0.933695, 0.938086, 0.937224]
[0.936407, 0.935496, 0.936743, 0.936493, 0.932649, 0.934076, 0.938442, 0.93644]
[0.936016, 0.935689, 0.935462, 0.935896, 0.933063, 0.93369, 0.938574, 0.937221]
[0.935289, 0.935072, 0.934718, 0.935732, 0.932147, 0.934205, 0.938053, 0.937538]
[0.935701, 0.936674, 0.934662, 0.934674, 0.931572, 0.934935, 0.936451, 0.937008]
[0.935254, 0.936966, 0.93482, 0.934027, 0.929983, 0.933932, 0.936522, 0.936444]
[0.936257, 0.936006, 0.933746, 0.933232, 0.930428, 0.93385, 0.937294, 0.936954]
[0.936351, 0.935083, 0.933304, 0.933374, 0.929527, 0.933324, 0.93657, 0.936611]
[0.936771, 0.935508, 0.933413, 0.932685, 0.931008, 0.932431, 0.936883, 0.936742]
[0.935907, 0.935314, 0.933014, 0.93179, 0.930279, 0.933179, 0.936281, 0.93666]
[0.935727, 0.936011, 0.932628, 0.931999, 0.928934, 0.933237, 0.935523, 0.935915]
[0.934989, 0.935866, 0.931916, 0.932189, 0.930802, 0.933551, 0.935571, 0.936346]
[0.933777, 0.933707, 0.932667, 0.931112, 0.929379, 0.934685, 0.934872, 0.935989]
[0.933293, 0.934609, 0.932271, 0.931633, 0.929374, 0.934057, 0.934267, 0.935561]
[0.933222, 0.934221, 0.930492, 0.931246, 0.929862, 0.933405, 0.932522, 0.934161]
[0.931965, 0.932682, 0.929853, 0.931478, 0.930125, 0.931368, 0.931305, 0.932669]
[0.931342, 0.933087, 0.929714, 0.930358, 0.928695, 0.930715, 0.93066, 0.931692]
[0.929388, 0.932129, 0.928492, 0.930385, 0.929222, 0.931012, 0.929489, 0.93019]
[0.929553, 0.932054, 0.928613, 0.930098, 0.929262, 0.929896, 0.929649, 0.929979]
[0.928815, 0.930751, 0.928092, 0.929896, 0.92943, 0.930011, 0.929383, 0.929625]
[0.928903, 0.930713, 0.92637, 0.929808, 0.927539, 0.929258, 0.929338, 0.928518]
[0.928568, 0.929687, 0.925246, 0.927257, 0.928702, 0.929516, 0.929895, 0.92722]
[0.928366, 0.927954, 0.925133, 0.926721, 0.927164, 0.928495, 0.929135, 0.927885]
[0.928551, 0.928483, 0.925021, 0.925231, 0.926513, 0.927308, 0.928909, 0.927947]
[0.928431, 0.927714, 0.924555, 0.924035, 0.925121, 0.92782, 0.928672, 0.927819]
[0.929578, 0.926979, 0.924744, 0.923528, 0.924819, 0.928156, 0.928555, 0.927166]
[0.927864, 0.926801, 0.924529, 0.922581, 0.923497, 0.927168, 0.928173, 0.92538]
[0.928331, 0.926969, 0.924021, 0.921804, 0.923395, 0.926493, 0.927862, 0.925998]
[0.928176, 0.92647, 0.925001, 0.920637, 0.922539, 0.926038, 0.928383, 0.925512]
[0.927323, 0.925489, 0.924183, 0.919641, 0.920935, 0.924984, 0.927169, 0.924567]
[0.924981, 0.925255, 0.924204, 0.920315, 0.919411, 0.923831, 0.926135, 0.925674]
[0.925214, 0.925427, 0.923383, 0.920402, 0.919598, 0.921839, 0.925568, 0.925555]
[0.924322, 0.923904, 0.922997, 0.919791, 0.920059, 0.921991, 0.924478, 0.926965]
[0.924389, 0.924757, 0.923341, 0.918313, 0.919541, 0.920749, 0.92493, 0.924057]
[0.924767, 0.92356, 0.921423, 0.918208, 0.919726, 0.921581, 0.925392, 0.922674]
[0.924588, 0.923253, 0.92189, 0.918459, 0.920166, 0.922055, 0.924869, 0.923018]
[0.924474, 0.923214, 0.922249, 0.917659, 0.919621, 0.921852, 0.925292, 0.923074]
[0.924568, 0.922948, 0.921645, 0.918151, 0.919494, 0.921035, 0.924441, 0.923692]
[0.923404, 0.92245, 0.921703, 0.917955, 0.919251, 0.920396, 0.924543, 0.92366]
[0.923595, 0.922553, 0.921608, 0.917825, 0.918292, 0.919838, 0.924132, 0.923839]
[0.923514, 0.922708, 0.921412, 0.917609, 0.917701, 0.919029, 0.923579, 0.923744]
[0.923587, 0.922486, 0.920783, 0.917447, 0.91823, 0.919205, 0.922277, 0.923396]
[0.923389, 0.922943, 0.920626, 0.91713, 0.917514, 0.918711, 0.922886, 0.923439]
[0.922763, 0.923605, 0.921283, 0.91713, 0.91775, 0.919036, 0.921881, 0.924094]
[0.92295, 0.923969, 0.920588, 0.91787, 0.918172, 0.919242, 0.922265, 0.922824]
[0.922239, 0.923801, 0.920215, 0.917849, 0.918336, 0.917479, 0.923544, 0.922917]
[0.921507, 0.923528, 0.920583, 0.917583, 0.917014, 0.917787, 0.923157, 0.922917]
[0.922249, 0.922794, 0.921367, 0.918204, 0.915738, 0.916338, 0.922599, 0.922904]
[0.922793, 0.922798, 0.920899, 0.918457, 0.915791, 0.916471, 0.920868, 0.922599]
[0.921126, 0.921914, 0.920633, 0.918615, 0.915549, 0.915909, 0.919199, 0.922517]
[0.919671, 0.921848, 0.920654, 0.918226, 0.913817, 0.916216, 0.918855, 0.921241]
[0.919671, 0.921591, 0.919984, 0.917562, 0.915395, 0.916961, 0.919442, 0.920863]
[0.919562, 0.920944, 0.920444, 0.916976, 0.915973, 0.917493, 0.919006, 0.920033]
[0.918933, 0.920182, 0.919333, 0.917034, 0.914726, 0.916191, 0.918298, 0.92024]
[0.91948, 0.920167, 0.920682, 0.917001, 0.914253, 0.916003, 0.918621, 0.919677]
[0.91856, 0.919943, 0.919316, 0.915501, 0.913955, 0.915417, 0.917546, 0.919348]
[0.91768, 0.919398, 0.920254, 0.914765, 0.914307, 0.914963, 0.916789, 0.919004]
[0.916708, 0.918875, 0.918647, 0.914707, 0.914433, 0.915659, 0.916117, 0.91834]
[0.916967, 0.919077, 0.91856, 0.913194, 0.914012, 0.914839, 0.916779, 0.917327]
[0.916297, 0.91885, 0.917636, 0.912957, 0.914707, 0.915902, 0.91665, 0.917442]
[0.917177, 0.918746, 0.915345, 0.912955, 0.914697, 0.915056, 0.917086, 0.91686]
[0.917253, 0.917119, 0.915171, 0.913063, 0.914037, 0.913264, 0.916314, 0.916702]
[0.917223, 0.917416, 0.914775, 0.913206, 0.914222, 0.913172, 0.916822, 0.916647]
[0.916758, 0.916459, 0.913769, 0.912403, 0.912186, 0.913346, 0.916478, 0.915996]
[0.915896, 0.915411, 0.914318, 0.912124, 0.912186, 0.912879, 0.915851, 0.915435]
[0.915852, 0.913967, 0.913899, 0.910465, 0.910701, 0.913674, 0.914694, 0.915133]
[0.916301, 0.912949, 0.912895, 0.909766, 0.90992, 0.911945, 0.91383, 0.913963]
[0.915346, 0.912516, 0.912638, 0.90824, 0.909483, 0.9132, 0.913891, 0.912503]
[0.914848, 0.912153, 0.911, 0.908124, 0.909053, 0.912174, 0.913891, 0.912227]
[0.914232, 0.912032, 0.911451, 0.907468, 0.909724, 0.911602, 0.913952, 0.912697]
[0.913805, 0.911931, 0.910892, 0.905697, 0.909405, 0.912007, 0.913709, 0.911931]
[0.912886, 0.910671, 0.910689, 0.906259, 0.907254, 0.910867, 0.912871, 0.911775]
[0.913173, 0.910569, 0.910359, 0.906425, 0.907377, 0.911339, 0.91217, 0.910341]
[0.913917, 0.910631, 0.91033, 0.905732, 0.908124, 0.911703, 0.912183, 0.910478]
[0.912815, 0.909626, 0.909461, 0.905385, 0.907947, 0.9103, 0.911918, 0.909561]
[0.912326, 0.909706, 0.908937, 0.905015, 0.907165, 0.910325, 0.911619, 0.909544]
[0.91243, 0.909696, 0.908406, 0.905415, 0.906674, 0.909472, 0.911255, 0.908752]
[0.912666, 0.91055, 0.908287, 0.903842, 0.906927, 0.910238, 0.911393, 0.909245]
[0.911588, 0.910344, 0.907197, 0.90473, 0.906924, 0.90975, 0.910549, 0.909034]
[0.9114, 0.909256, 0.906913, 0.903703, 0.904015, 0.907112, 0.910701, 0.909572]
[0.911554, 0.908682, 0.90781, 0.903438, 0.904723, 0.908257, 0.91066, 0.908959]
[0.910543, 0.908406, 0.907542, 0.90215, 0.904252, 0.906776, 0.909918, 0.907986]
[0.909724, 0.908126, 0.906205, 0.902852, 0.904383, 0.906123, 0.909877, 0.907014]
[0.909488, 0.907066, 0.906551, 0.902121, 0.904186, 0.903774, 0.908833, 0.906026]
[0.909429, 0.906224, 0.906444, 0.902679, 0.9034, 0.905337, 0.908386, 0.905642]
[0.908932, 0.905514, 0.904716, 0.904529, 0.901934, 0.903367, 0.906567, 0.906013]
[0.905567, 0.905995, 0.903729, 0.902753, 0.900451, 0.902394, 0.906696, 0.905947]
[0.90475, 0.904021, 0.904545, 0.902522, 0.900522, 0.902266, 0.904878, 0.906772]
[0.905175, 0.904921, 0.903877, 0.901622, 0.901187, 0.901485, 0.905645, 0.904338]
[0.904556, 0.904375, 0.902721, 0.900763, 0.897747, 0.901485, 0.903145, 0.90411]
[0.903172, 0.902841, 0.902333, 0.900774, 0.898158, 0.901919, 0.90343, 0.902891]
[0.903083, 0.90296, 0.903189, 0.900024, 0.898145, 0.900696, 0.902535, 0.903028]
[0.902323, 0.902584, 0.903115, 0.899253, 0.897437, 0.899637, 0.902473, 0.902462]
[0.901854, 0.902856, 0.903037, 0.898398, 0.897755, 0.898956, 0.901129, 0.902318]
[0.90144, 0.902863, 0.903712, 0.897481, 0.8977, 0.898628, 0.900308, 0.902009]
[0.90102, 0.901341, 0.900885, 0.89848, 0.897991, 0.898683, 0.900538, 0.902366]
[0.900963, 0.901108, 0.900738, 0.898616, 0.897398, 0.899093, 0.899405, 0.901036]
[0.900312, 0.899525, 0.89981, 0.897474, 0.897452, 0.898578, 0.898845, 0.900296]
[0.900119, 0.899525, 0.899195, 0.896455, 0.895731, 0.899941, 0.899114, 0.900047]
[0.898958, 0.89953, 0.898833, 0.895736, 0.896211, 0.900585, 0.898918, 0.899981]
[0.89875, 0.899368, 0.898833, 0.89431, 0.895575, 0.900123, 0.897589, 0.898839]
[0.898543, 0.899194, 0.899658, 0.894409, 0.896786, 0.89961, 0.897498, 0.899669]
[0.89716, 0.899124, 0.899465, 0.895011, 0.895145, 0.89831, 0.897915, 0.897862]
[0.896388, 0.89857, 0.898628, 0.894776, 0.895621, 0.897528, 0.897726, 0.898776]
[0.895927, 0.899497, 0.898082, 0.89306, 0.895549, 0.896016, 0.896005, 0.899031]
[0.893474, 0.899547, 0.897784, 0.894287, 0.89539, 0.896107, 0.895209, 0.896867]
[0.896275, 0.89867, 0.896995, 0.89414, 0.895107, 0.895007, 0.895645, 0.896097]
[0.89492, 0.898055, 0.896514, 0.894084, 0.893724, 0.894966, 0.894799, 0.896798]
[0.895436, 0.8967, 0.895272, 0.894076, 0.891417, 0.895439, 0.894744, 0.894648]
[0.894636, 0.896162, 0.894919, 0.892637, 0.891989, 0.893828, 0.894805, 0.893652]
[0.895141, 0.895387, 0.893654, 0.892493, 0.890671, 0.893408, 0.895023, 0.893693]
[0.894232, 0.894164, 0.893278, 0.890773, 0.890427, 0.893257, 0.895023, 0.893872]
[0.894232, 0.892628, 0.893278, 0.891529, 0.889908, 0.894021, 0.894452, 0.894065]
[0.894341, 0.892423, 0.890636, 0.889743, 0.887951, 0.894308, 0.894452, 0.892896]
[0.894452, 0.89068, 0.891146, 0.89028, 0.886612, 0.893238, 0.894064, 0.892481]
[0.893298, 0.891396, 0.891077, 0.888354, 0.887598, 0.892463, 0.894064, 0.892836]
[0.892568, 0.891708, 0.890817, 0.887637, 0.887837, 0.892015, 0.893576, 0.892171]
[0.891206, 0.890287, 0.890335, 0.888548, 0.88679, 0.891136, 0.891525, 0.891072]
[0.891093, 0.89021, 0.890243, 0.887703, 0.887171, 0.889683, 0.891493, 0.890779]
[0.890439, 0.890071, 0.890476, 0.886423, 0.886615, 0.88776, 0.89015, 0.888635]
[0.889655, 0.889972, 0.889153, 0.885445, 0.886615, 0.887618, 0.89111, 0.887938]
[0.88621, 0.88871, 0.887958, 0.886341, 0.886117, 0.887246, 0.889167, 0.887788]
[0.887033, 0.889212, 0.885779, 0.885392, 0.886225, 0.88761, 0.888053, 0.887671]
[0.886832, 0.88869, 0.886727, 0.885501, 0.886446, 0.886189, 0.886235, 0.888891]
[0.886481, 0.887635, 0.886074, 0.885562, 0.885777, 0.885192, 0.885663, 0.887954]
[0.884553, 0.887451, 0.886007, 0.885182, 0.885301, 0.884265, 0.884397, 0.886646]
[0.884553, 0.887306, 0.886116, 0.883713, 0.885514, 0.884535, 0.883075, 0.886646]
[0.883716, 0.884191, 0.885496, 0.884216, 0.885087, 0.884213, 0.883075, 0.885941]
[0.883544, 0.884561, 0.88357, 0.88214, 0.884048, 0.883374, 0.883345, 0.884081]
[0.883544, 0.883868, 0.88343, 0.883074, 0.884048, 0.882993, 0.882873, 0.884442]
[0.88347, 0.883645, 0.882295, 0.881731, 0.883832, 0.882578, 0.882981, 0.883232]
[0.882929, 0.882723, 0.881658, 0.881704, 0.883033, 0.882857, 0.883499, 0.882791]
[0.88242, 0.881823, 0.881304, 0.881704, 0.882428, 0.882128, 0.883005, 0.882655]
[0.883519, 0.881823, 0.880328, 0.880906, 0.882771, 0.883969, 0.883627, 0.881736]
[0.883042, 0.881566, 0.879975, 0.879592, 0.882165, 0.883491, 0.881444, 0.881452]
[0.883262, 0.882266, 0.879975, 0.878976, 0.881521, 0.883154, 0.881444, 0.88073]
[0.883421, 0.88174, 0.880603, 0.88016, 0.881521, 0.883723, 0.881595, 0.881028]
[0.882168, 0.879392, 0.879686, 0.881393, 0.880592, 0.882533, 0.882193, 0.880206]
[0.882339, 0.879392, 0.880597, 0.881856, 0.880571, 0.882182, 0.882077, 0.879729]
[0.88194, 0.87892, 0.880204, 0.880741, 0.879738, 0.882182, 0.882265, 0.880733]
[0.882068, 0.877552, 0.879964, 0.88102, 0.880593, 0.881668, 0.881648, 0.879838]
[0.881742, 0.877917, 0.879809, 0.880852, 0.880831, 0.882258, 0.88265, 0.880798]
[0.881, 0.877597, 0.878968, 0.880021, 0.881544, 0.882646, 0.883028, 0.880588]
[0.881111, 0.876779, 0.87906, 0.880275, 0.880174, 0.88283, 0.882547, 0.879992]
[0.881111, 0.87755, 0.878537, 0.880398, 0.880232, 0.883329, 0.881672, 0.879732]
[0.879499, 0.878648, 0.879636, 0.88137, 0.87936, 0.882047, 0.879958, 0.879423]
[0.880084, 0.878163, 0.878019, 0.880729, 0.880308, 0.882037, 0.880236, 0.879626]
[0.879846, 0.87754, 0.878019, 0.8801, 0.879995, 0.881169, 0.879595, 0.879578]
[0.879846, 0.878409, 0.877912, 0.878927, 0.880286, 0.880905, 0.879912, 0.879167]
[0.880636, 0.878306, 0.877582, 0.879067, 0.880286, 0.881601, 0.880994, 0.879558]
[0.88037, 0.878589, 0.878067, 0.878222, 0.880601, 0.881229, 0.880955, 0.878479]
[0.880288, 0.878482, 0.878067, 0.878945, 0.88055, 0.881345, 0.881312, 0.880278]
[0.879621, 0.878379, 0.877877, 0.878335, 0.88055, 0.881167, 0.880936, 0.879382]
[0.880095, 0.878276, 0.877877, 0.878681, 0.879846, 0.881283, 0.880068, 0.878977]
[0.880503, 0.878906, 0.877973, 0.878681, 0.88041, 0.880496, 0.880015, 0.87923]
[0.878485, 0.878217, 0.877458, 0.879636, 0.87985, 0.88029, 0.87951, 0.877671]
[0.876448, 0.877621, 0.877146, 0.879027, 0.880039, 0.880002, 0.878422, 0.877198]
[0.876721, 0.876876, 0.87763, 0.878654, 0.878828, 0.88098, 0.878422, 0.877198]
[0.876721, 0.876778, 0.877673, 0.876792, 0.87745, 0.879696, 0.878317, 0.877616]
[0.876038, 0.876147, 0.875466, 0.876504, 0.877439, 0.878502, 0.878176, 0.877139]
[0.876127, 0.875417, 0.875215, 0.877202, 0.876169, 0.878935, 0.876494, 0.87641]
[0.876289, 0.875417, 0.875575, 0.877202, 0.877688, 0.879274, 0.877058, 0.874789]
[0.875098, 0.873703, 0.874384, 0.876299, 0.87745, 0.877652, 0.876811, 0.874496]
[0.875038, 0.87431, 0.875106, 0.876024, 0.877199, 0.87703, 0.876629, 0.873948]
[0.873397, 0.872765, 0.875791, 0.875971, 0.876101, 0.87709, 0.875763, 0.87352]
[0.873413, 0.874123, 0.874607, 0.874758, 0.875837, 0.878003, 0.87566, 0.873277]
[0.874153, 0.872623, 0.874509, 0.874758, 0.876251, 0.877377, 0.875164, 0.872047]
[0.872376, 0.873226, 0.873557, 0.872949, 0.875711, 0.877906, 0.875795, 0.872001]
[0.873707, 0.872939, 0.873975, 0.873023, 0.876778, 0.875871, 0.876547, 0.872129]
[0.873144, 0.871932, 0.873748, 0.872649, 0.876319, 0.876624, 0.875865, 0.872399]
[0.873508, 0.872079, 0.873773, 0.873645, 0.874624, 0.87553, 0.875239, 0.872399]
[0.872105, 0.87134, 0.872984, 0.873262, 0.872317, 0.872145, 0.873861, 0.87236]
[0.872332, 0.872089, 0.873416, 0.871911, 0.871708, 0.873318, 0.874913, 0.872302]
[0.872332, 0.872316, 0.872965, 0.871543, 0.871847, 0.872457, 0.873472, 0.872837]
[0.872259, 0.871871, 0.872396, 0.870616, 0.87203, 0.871986, 0.873048, 0.871943]
[0.8716, 0.872099, 0.872311, 0.870476, 0.871992, 0.872599, 0.873375, 0.872171]
[0.872383, 0.871931, 0.871905, 0.869941, 0.872137, 0.871667, 0.873821, 0.873255]
[0.872458, 0.870648, 0.870141, 0.869549, 0.871372, 0.871666, 0.871491, 0.871356]
[0.872121, 0.869028, 0.869914, 0.870002, 0.870531, 0.871114, 0.872051, 0.871124]
[0.872229, 0.869623, 0.870509, 0.869599, 0.870054, 0.870747, 0.87224, 0.871306]
[0.872345, 0.870212, 0.869972, 0.869536, 0.870262, 0.871319, 0.87224, 0.871458]
[0.872229, 0.869202, 0.870063, 0.870126, 0.870163, 0.871881, 0.87224, 0.870719]
[0.871491, 0.870296, 0.871166, 0.870299, 0.870427, 0.871785, 0.87234, 0.870812]
[0.871491, 0.87112, 0.870342, 0.870637, 0.870448, 0.871881, 0.87234, 0.870812]
[0.870422, 0.870356, 0.870435, 0.869631, 0.870341, 0.8709, 0.872034, 0.870812]
[0.870422, 0.869531, 0.870435, 0.86996, 0.870936, 0.87217, 0.872034, 0.871506]
[0.87072, 0.87026, 0.870435, 0.869917, 0.870427, 0.87217, 0.87169, 0.870814]
[0.870432, 0.869953, 0.871258, 0.869917, 0.870427, 0.871841, 0.871308, 0.869533]
[0.869173, 0.869953, 0.871531, 0.870232, 0.870526, 0.871179, 0.870052, 0.86993]
[0.869173, 0.869627, 0.871531, 0.869917, 0.87111, 0.870736, 0.870164, 0.87074]
[0.870105, 0.870299, 0.870276, 0.870335, 0.87111, 0.871841, 0.870164, 0.869955]
[0.8702, 0.870636, 0.870276, 0.87065, 0.87111, 0.871605, 0.869969, 0.869413]
[0.8702, 0.871026, 0.871398, 0.870335, 0.871431, 0.871683, 0.869043, 0.871067]
[0.870871, 0.870803, 0.871398, 0.870922, 0.870737, 0.871841, 0.869969, 0.870661]
[0.87054, 0.869297, 0.87128, 0.870328, 0.870737, 0.871841, 0.869969, 0.870258]
[0.87054, 0.869297, 0.870882, 0.870819, 0.870737, 0.872167, 0.869969, 0.869434]
[0.869698, 0.869434, 0.869608, 0.870802, 0.871933, 0.87026, 0.868908, 0.869306]
[0.869619, 0.869098, 0.869283, 0.870229, 0.871587, 0.869509, 0.868004, 0.868965]
[0.868803, 0.868965, 0.867863, 0.870229, 0.870751, 0.869755, 0.866645, 0.868639]
[0.867739, 0.868067, 0.867708, 0.870733, 0.87002, 0.86965, 0.866146, 0.868639]
[0.867739, 0.868639, 0.86757, 0.870733, 0.86986, 0.869047, 0.866739, 0.868155]
[0.867739, 0.868324, 0.867967, 0.870371, 0.87036, 0.869047, 0.866739, 0.868155]
[0.867739, 0.868324, 0.867967, 0.871041, 0.869433, 0.869047, 0.867585, 0.868155]
[0.867739, 0.86784, 0.867833, 0.870029, 0.869433, 0.868582, 0.868361, 0.867403]
[0.868087, 0.86784, 0.867488, 0.870029, 0.869216, 0.868582, 0.867815, 0.867751]
[0.867569, 0.867088, 0.867488, 0.870029, 0.868474, 0.868034, 0.867815, 0.867403]
[0.866828, 0.867088, 0.868327, 0.870142, 0.868135, 0.868633, 0.867815, 0.866862]
[0.867143, 0.866547, 0.868672, 0.870029, 0.868135, 0.868284, 0.867815, 0.866862]
[0.867143, 0.866547, 0.867362, 0.870142, 0.867588, 0.868171, 0.867384, 0.866862]
[0.866828, 0.866421, 0.865385, 0.869473, 0.86676, 0.868123, 0.868444, 0.866862]
[0.866, 0.866421, 0.866136, 0.868884, 0.866402, 0.867775, 0.866206, 0.866749]
[0.866, 0.866242, 0.865048, 0.86684, 0.866524, 0.866945, 0.866886, 0.86703]
[0.866202, 0.864421, 0.865048, 0.867342, 0.865685, 0.866776, 0.866555, 0.865331]
[0.866202, 0.864702, 0.864541, 0.866326, 0.865283, 0.867605, 0.866273, 0.864802]
[0.866281, 0.864779, 0.863713, 0.866049, 0.866337, 0.867694, 0.865449, 0.864689]
[0.866387, 0.86286, 0.863819, 0.866049, 0.866865, 0.867676, 0.86577, 0.864689]
[0.865897, 0.86286, 0.863819, 0.865312, 0.867358, 0.867377, 0.86577, 0.863457]
[0.865897, 0.86286, 0.863819, 0.865231, 0.866865, 0.867377, 0.865265, 0.863457]
[0.865897, 0.862195, 0.863419, 0.865312, 0.867358, 0.867168, 0.865082, 0.862446]
[0.866207, 0.863043, 0.863419, 0.865231, 0.867358, 0.866387, 0.865203, 0.862772]
[0.865223, 0.86268, 0.863419, 0.864999, 0.867464, 0.866925, 0.865922, 0.863382]
[0.864865, 0.862617, 0.863419, 0.864515, 0.867888, 0.866367, 0.865554, 0.863024]
[0.862284, 0.862367, 0.862862, 0.864174, 0.86756, 0.865599, 0.863849, 0.863024]
[0.862691, 0.861869, 0.863464, 0.86492, 0.867469, 0.865546, 0.863563, 0.862911]
[0.862492, 0.86212, 0.863464, 0.864836, 0.866972, 0.863626, 0.862109, 0.862911]
[0.861645, 0.86212, 0.862434, 0.865121, 0.865205, 0.864069, 0.861173, 0.862987]
[0.861371, 0.861209, 0.862434, 0.864093, 0.865692, 0.864069, 0.861643, 0.86185]
[0.861371, 0.861455, 0.862434, 0.864254, 0.864055, 0.864574, 0.861447, 0.860888]
[0.861156, 0.861067, 0.862838, 0.86415, 0.863114, 0.862957, 0.860628, 0.859779]
[0.859546, 0.85938, 0.861587, 0.862396, 0.86274, 0.862692, 0.860824, 0.859809]
[0.85914, 0.859174, 0.861435, 0.862308, 0.861962, 0.862509, 0.860604, 0.859409]
[0.859878, 0.858582, 0.860702, 0.860811, 0.861269, 0.862471, 0.86076, 0.859759]
[0.860424, 0.858582, 0.859718, 0.860811, 0.861064, 0.862471, 0.860213, 0.859352]
[0.860991, 0.858771, 0.859718, 0.860594, 0.861064, 0.861426, 0.860808, 0.860897]
[0.860552, 0.859634, 0.860048, 0.86094, 0.860391, 0.862161, 0.861188, 0.860021]
[0.861177, 0.859079, 0.860048, 0.86094, 0.859921, 0.862269, 0.860992, 0.859183]
[0.860807, 0.858443, 0.860048, 0.860874, 0.860294, 0.863515, 0.861372, 0.858824]
[0.861035, 0.858882, 0.860048, 0.86112, 0.860294, 0.862529, 0.861708, 0.859201]
[0.860373, 0.858882, 0.860425, 0.860958, 0.859415, 0.86255, 0.861089, 0.859286]
[0.860227, 0.858882, 0.860858, 0.860482, 0.85949, 0.862639, 0.860932, 0.859996]
[0.860227, 0.858824, 0.860796, 0.858601, 0.859538, 0.861673, 0.861266, 0.859996]
[0.859885, 0.858896, 0.85985, 0.859048, 0.859704, 0.86041, 0.858453, 0.859301]
[0.86006, 0.858896, 0.860372, 0.858253, 0.859704, 0.860886, 0.858939, 0.858852]
[0.859527, 0.859354, 0.860339, 0.858692, 0.860528, 0.861227, 0.858939, 0.858829]
[0.856904, 0.858429, 0.859515, 0.859283, 0.861472, 0.859932, 0.858226, 0.859667]
[0.855824, 0.859103, 0.859515, 0.860233, 0.861325, 0.859421, 0.857047, 0.857886]
[0.855927, 0.85877, 0.857087, 0.859138, 0.861325, 0.859534, 0.856608, 0.857496]
[0.855702, 0.856987, 0.856926, 0.858461, 0.85955, 0.860105, 0.855927, 0.856198]
[0.855702, 0.856019, 0.856926, 0.858023, 0.85937, 0.858783, 0.856328, 0.856378]
[0.855031, 0.855866, 0.856098, 0.858536, 0.858599, 0.859483, 0.85618, 0.856019]
[0.855184, 0.854725, 0.854571, 0.85735, 0.858712, 0.859398, 0.855702, 0.855376]
[0.854395, 0.85361, 0.854269, 0.856728, 0.858118, 0.858404, 0.854563, 0.854495]
[0.854008, 0.85361, 0.854269, 0.856284, 0.85698, 0.857263, 0.854058, 0.85361]
[0.853883, 0.852972, 0.854269, 0.855608, 0.856843, 0.857255, 0.854409, 0.853203]
[0.853406, 0.852972, 0.854157, 0.855575, 0.856194, 0.857317, 0.853904, 0.852852]
[0.853055, 0.852818, 0.854657, 0.855575, 0.857379, 0.857317, 0.853578, 0.852292]
[0.851684, 0.852467, 0.855104, 0.854599, 0.857673, 0.857816, 0.852731, 0.852292]
[0.851699, 0.852982, 0.854461, 0.854012, 0.857032, 0.858456, 0.852849, 0.852808]
[0.85256, 0.852982, 0.853881, 0.854134, 0.857443, 0.858456, 0.852292, 0.852023]
[0.851775, 0.851376, 0.853754, 0.854134, 0.8565, 0.857817, 0.851507, 0.85195]
[0.850511, 0.852162, 0.852209, 0.853961, 0.856164, 0.85719, 0.851507, 0.852354]
[0.851977, 0.852109, 0.850965, 0.853189, 0.856164, 0.856397, 0.851147, 0.853426]
[0.852036, 0.851446, 0.849451, 0.852942, 0.854506, 0.856099, 0.852762, 0.852764]
[0.852036, 0.851613, 0.849451, 0.852121, 0.854199, 0.854745, 0.852865, 0.851765]
[0.852036, 0.851613, 0.849451, 0.851483, 0.853369, 0.853846, 0.852863, 0.851293]
[0.852544, 0.851877, 0.850415, 0.851483, 0.853119, 0.853, 0.85229, 0.851787]
[0.852291, 0.851877, 0.850515, 0.851164, 0.851592, 0.853647, 0.852343, 0.851369]
[0.852044, 0.850984, 0.849952, 0.85076, 0.851592, 0.852496, 0.852343, 0.852218]
[0.852044, 0.851112, 0.849995, 0.850198, 0.851592, 0.853183, 0.852343, 0.851425]
[0.852044, 0.850318, 0.850083, 0.850198, 0.851973, 0.852819, 0.852044, 0.850531]
[0.851151, 0.849754, 0.850083, 0.850575, 0.852272, 0.851472, 0.852044, 0.850954]
[0.851092, 0.849396, 0.849069, 0.850969, 0.852272, 0.850667, 0.851985, 0.850317]
[0.850025, 0.849337, 0.849069, 0.851932, 0.850979, 0.850667, 0.851047, 0.850405]
[0.84907, 0.848946, 0.849361, 0.852012, 0.850271, 0.850667, 0.850687, 0.850308]
[0.847475, 0.847554, 0.847618, 0.850452, 0.850428, 0.850812, 0.849788, 0.84823]
[0.847212, 0.846222, 0.846587, 0.849424, 0.850428, 0.848512, 0.848126, 0.847562]
[0.847003, 0.84584, 0.845909, 0.848103, 0.849504, 0.848512, 0.847524, 0.847562]
[0.847003, 0.845584, 0.845295, 0.848103, 0.848435, 0.847545, 0.847628, 0.847853]
[0.846747, 0.845584, 0.844111, 0.847815, 0.847759, 0.847262, 0.848139, 0.846085]
[0.845696, 0.84421, 0.844047, 0.847104, 0.848045, 0.846722, 0.846819, 0.845643]
[0.844484, 0.844624, 0.843782, 0.847104, 0.846875, 0.845887, 0.847031, 0.845643]
[0.845111, 0.843892, 0.843138, 0.845735, 0.845943, 0.845473, 0.845782, 0.844005]
[0.844122, 0.843892, 0.843566, 0.84517, 0.846149, 0.845393, 0.845782, 0.843822]
[0.844122, 0.843822, 0.843495, 0.844766, 0.846053, 0.846224, 0.845697, 0.84331]
[0.844708, 0.843822, 0.843316, 0.844979, 0.846053, 0.845708, 0.845697, 0.84331]
[0.844708, 0.843028, 0.843142, 0.844824, 0.844935, 0.845623, 0.844708, 0.842036]
[0.843853, 0.841541, 0.842336, 0.843126, 0.844248, 0.843896, 0.844427, 0.842036]
[0.841934, 0.840842, 0.841892, 0.843126, 0.8442, 0.843309, 0.841024, 0.841337]
[0.84092, 0.840729, 0.841602, 0.842987, 0.843191, 0.841009, 0.84143, 0.84002]
[0.841209, 0.840556, 0.840815, 0.842882, 0.842861, 0.840404, 0.841209, 0.839499]
[0.841209, 0.839566, 0.841556, 0.842809, 0.842341, 0.839035, 0.840671, 0.839025]
[0.840735, 0.839157, 0.840763, 0.842516, 0.839455, 0.838437, 0.839399, 0.839025]
[0.840197, 0.839157, 0.839552, 0.840774, 0.839143, 0.838333, 0.838577, 0.839429]
[0.838577, 0.839566, 0.839552, 0.840372, 0.839143, 0.838333, 0.838577, 0.83849]
[0.838061, 0.839439, 0.839601, 0.839167, 0.839399, 0.838333, 0.838461, 0.836864]
[0.837257, 0.838056, 0.838346, 0.839256, 0.839488, 0.838422, 0.838024, 0.837254]
[0.837347, 0.838056, 0.837928, 0.837794, 0.838725, 0.837598, 0.838024, 0.837254]
[0.837347, 0.836427, 0.837215, 0.837376, 0.838091, 0.837007, 0.837304, 0.836532]
[0.836341, 0.835274, 0.837215, 0.837048, 0.838091, 0.837007, 0.837304, 0.836532]
[0.836341, 0.83583, 0.836937, 0.837048, 0.838091, 0.836525, 0.836479, 0.835704]
[0.835936, 0.835749, 0.836529, 0.837911, 0.837785, 0.836525, 0.836479, 0.835298]
[0.836466, 0.836827, 0.836529, 0.838306, 0.83696, 0.836525, 0.835085, 0.835298]
[0.835085, 0.836827, 0.836117, 0.837072, 0.837266, 0.836155, 0.834715, 0.83671]
[0.835085, 0.83662, 0.836921, 0.837072, 0.836859, 0.835751, 0.834715, 0.83671]
[0.835085, 0.83662, 0.836332, 0.837072, 0.836349, 0.835751, 0.834715, 0.836503]
[0.835085, 0.835085, 0.836131, 0.836233, 0.836581, 0.835751, 0.83507, 0.834883]
[0.835085, 0.835085, 0.835239, 0.835841, 0.836581, 0.835521, 0.83507, 0.834585]
[0.835085, 0.834596, 0.834385, 0.835617, 0.836581, 0.835521, 0.83507, 0.834385]
[0.834417, 0.835003, 0.834056, 0.83633, 0.836581, 0.834999, 0.83466, 0.835201]
[0.834417, 0.834445, 0.832917, 0.835861, 0.835249, 0.834999, 0.833893, 0.835143]
[0.833893, 0.834209, 0.833642, 0.834944, 0.835249, 0.835959, 0.833893, 0.835143]
[0.833835, 0.833627, 0.834024, 0.83399, 0.836088, 0.835632, 0.832451, 0.833805]
[0.832959, 0.832581, 0.832543, 0.83341, 0.834974, 0.835147, 0.833807, 0.833805]
[0.833789, 0.832581, 0.832543, 0.833846, 0.834664, 0.834841, 0.833756, 0.834371]
[0.833895, 0.832253, 0.832543, 0.834236, 0.834293, 0.834841, 0.833756, 0.833737]
[0.834421, 0.832253, 0.832939, 0.834755, 0.833875, 0.834315, 0.83303, 0.833426]
[0.833709, 0.83374, 0.832963, 0.834342, 0.833736, 0.833271, 0.832675, 0.833426]
[0.833709, 0.834381, 0.833209, 0.834342, 0.834418, 0.832863, 0.832675, 0.833661]
[0.834289, 0.834381, 0.83406, 0.834342, 0.834418, 0.832863, 0.832407, 0.834381]
[0.833855, 0.834381, 0.833265, 0.835887, 0.834405, 0.832446, 0.832808, 0.834381]
[0.833369, 0.834381, 0.832315, 0.835887, 0.834405, 0.833254, 0.83308, 0.834381]
[0.833204, 0.83385, 0.832315, 0.836289, 0.834377, 0.833214, 0.834606, 0.834381]
[0.833204, 0.834259, 0.83337, 0.835712, 0.833963, 0.833624, 0.834606, 0.83479]
[0.832667, 0.834259, 0.83337, 0.835712, 0.833963, 0.832753, 0.834277, 0.83479]
[0.833052, 0.834242, 0.833656, 0.835263, 0.834771, 0.832837, 0.832651, 0.833679]
[0.832651, 0.833338, 0.833656, 0.835547, 0.834771, 0.832837, 0.832735, 0.834166]
[0.832651, 0.833764, 0.833183, 0.835991, 0.835349, 0.833418, 0.832735, 0.83376]
[0.832541, 0.83429, 0.833954, 0.835684, 0.835393, 0.835032, 0.832735, 0.83429]
[0.833059, 0.833769, 0.833954, 0.835774, 0.835393, 0.835032, 0.832847, 0.834374]
[0.832775, 0.833852, 0.833954, 0.835853, 0.834986, 0.83515, 0.832648, 0.833968]
[0.832775, 0.833852, 0.834494, 0.834786, 0.834704, 0.834524, 0.832521, 0.834314]
[0.832156, 0.834535, 0.832582, 0.834602, 0.834704, 0.835047, 0.832521, 0.83426]
[0.832208, 0.832304, 0.831652, 0.834319, 0.834704, 0.834522, 0.832358, 0.833735]
[0.832562, 0.831565, 0.831652, 0.832982, 0.832103, 0.833793, 0.832759, 0.832899]
[0.832031, 0.831415, 0.831417, 0.831673, 0.832103, 0.833102, 0.832118, 0.83183]
[0.829996, 0.830961, 0.830822, 0.831673, 0.831739, 0.831816, 0.831564, 0.831415]
[0.829534, 0.830365, 0.830822, 0.831673, 0.82992, 0.830552, 0.829547, 0.83183]
[0.827116, 0.829399, 0.829873, 0.830962, 0.829736, 0.828997, 0.827709, 0.830271]
[0.827116, 0.82845, 0.829265, 0.830119, 0.829327, 0.827875, 0.827116, 0.828882]
[0.825353, 0.82845, 0.829265, 0.830119, 0.829719, 0.827875, 0.826228, 0.829323]
[0.825406, 0.827167, 0.828126, 0.828109, 0.828513, 0.825937, 0.825291, 0.827167]
[0.825865, 0.826102, 0.828126, 0.828109, 0.828513, 0.825668, 0.825829, 0.826102]
[0.82612, 0.826102, 0.827239, 0.828015, 0.82792, 0.825917, 0.82612, 0.826162]
[0.82612, 0.826162, 0.826034, 0.827776, 0.82898, 0.826631, 0.82612, 0.826082]
[0.826543, 0.826585, 0.825697, 0.828206, 0.828863, 0.826631, 0.826543, 0.826505]
[0.826543, 0.826266, 0.826384, 0.828629, 0.827296, 0.827635, 0.826746, 0.826505]
[0.826245, 0.82623, 0.826438, 0.828129, 0.827783, 0.827609, 0.826245, 0.826676]
[0.826245, 0.82623, 0.826918, 0.828335, 0.826849, 0.827609, 0.826245, 0.826676]
[0.826006, 0.82623, 0.826918, 0.828423, 0.827706, 0.827609, 0.826245, 0.826658]
[0.826006, 0.826891, 0.827522, 0.828423, 0.827706, 0.827372, 0.82691, 0.827516]
[0.826006, 0.826891, 0.827651, 0.828423, 0.827706, 0.827133, 0.826659, 0.827516]
[0.828025, 0.82732, 0.827651, 0.828852, 0.827706, 0.828508, 0.826659, 0.828237]
[0.828025, 0.827963, 0.827651, 0.828852, 0.827706, 0.828008, 0.827304, 0.82888]
[0.828025, 0.828863, 0.827907, 0.829107, 0.82835, 0.828008, 0.828025, 0.82888]
[0.827981, 0.828351, 0.828443, 0.829512, 0.82835, 0.828008, 0.828008, 0.829284]
[0.827964, 0.828194, 0.828443, 0.829646, 0.828349, 0.828008, 0.828351, 0.828211]
[0.828351, 0.827203, 0.828443, 0.829779, 0.828203, 0.828254, 0.828351, 0.828137]
[0.825812, 0.826897, 0.828443, 0.828268, 0.827685, 0.82734, 0.827823, 0.828137]
[0.825507, 0.826369, 0.827944, 0.828268, 0.827185, 0.826359, 0.827361, 0.827303]
[0.825507, 0.827303, 0.827944, 0.827937, 0.82588, 0.825228, 0.826442, 0.826369]
[0.826257, 0.827118, 0.826394, 0.826063, 0.824721, 0.824918, 0.82565, 0.826352]
[0.82565, 0.825797, 0.825389, 0.824192, 0.822826, 0.824918, 0.82565, 0.825231]
[0.824714, 0.824827, 0.824401, 0.824192, 0.822515, 0.823007, 0.824714, 0.825231]
[0.824714, 0.824194, 0.824002, 0.824192, 0.821375, 0.822973, 0.824714, 0.824624]
[0.824714, 0.823823, 0.823048, 0.8225, 0.82058, 0.822797, 0.823244, 0.823991]
[0.822491, 0.823292, 0.822184, 0.822152, 0.820299, 0.819466, 0.820602, 0.821811]
[0.819436, 0.821902, 0.820757, 0.821797, 0.819956, 0.819466, 0.81959, 0.820751]
[0.818282, 0.820927, 0.818228, 0.821686, 0.819903, 0.818837, 0.818229, 0.820751]
[0.817144, 0.81861, 0.818052, 0.819652, 0.818557, 0.818837, 0.817144, 0.820751]
[0.817144, 0.818204, 0.818052, 0.818781, 0.818571, 0.817713, 0.817144, 0.817649]
[0.816082, 0.817649, 0.818071, 0.818383, 0.817839, 0.817733, 0.816734, 0.81724]
[0.816082, 0.817062, 0.817129, 0.818383, 0.817184, 0.817733, 0.815692, 0.817253]
[0.815747, 0.816659, 0.816961, 0.817423, 0.817184, 0.816915, 0.815935, 0.817065]
[0.816265, 0.817034, 0.816961, 0.81615, 0.817184, 0.815935, 0.815747, 0.817583]
[0.816502, 0.817272, 0.814914, 0.815583, 0.817184, 0.816342, 0.816265, 0.817034]
[0.81636, 0.817272, 0.8138, 0.815583, 0.814448, 0.816154, 0.816122, 0.817034]
[0.81636, 0.817272, 0.814363, 0.815754, 0.813467, 0.816672, 0.816122, 0.817378]
[0.816714, 0.81621, 0.814445, 0.815073, 0.81363, 0.813341, 0.817025, 0.816316]
[0.81592, 0.815393, 0.814961, 0.81564, 0.813503, 0.813498, 0.816078, 0.816316]
[0.815236, 0.814752, 0.814961, 0.81564, 0.811933, 0.813211, 0.813971, 0.815564]
[0.814725, 0.815302, 0.81435, 0.814593, 0.811933, 0.811593, 0.813588, 0.815332]
[0.812882, 0.815417, 0.813707, 0.814593, 0.811293, 0.81059, 0.813588, 0.814332]
[0.812243, 0.81437, 0.813639, 0.814185, 0.811293, 0.810409, 0.811497, 0.813861]
[0.812243, 0.81437, 0.814078, 0.812831, 0.811361, 0.80992, 0.811725, 0.813412]
[0.811788, 0.814896, 0.813763, 0.812231, 0.811093, 0.810149, 0.811085, 0.811651]
[0.810872, 0.813028, 0.813763, 0.811379, 0.811609, 0.810149, 0.810695, 0.811738]
[0.811592, 0.810805, 0.813072, 0.810768, 0.810769, 0.811118, 0.811216, 0.812241]
[0.811531, 0.810805, 0.811955, 0.810696, 0.810769, 0.811118, 0.810783, 0.812241]
[0.810702, 0.810805, 0.811955, 0.810696, 0.809765, 0.810609, 0.811237, 0.810388]
[0.810625, 0.810805, 0.811104, 0.810155, 0.810003, 0.810847, 0.810702, 0.810528]
[0.810625, 0.810528, 0.811851, 0.810499, 0.810003, 0.810847, 0.810805, 0.810528]
[0.810377, 0.810528, 0.811851, 0.810499, 0.80942, 0.810367, 0.811063, 0.810528]
[0.810635, 0.810528, 0.810847, 0.809494, 0.80977, 0.810367, 0.810521, 0.810528]
[0.810027, 0.810528, 0.810847, 0.809732, 0.80977, 0.810367, 0.810444, 0.810528]
[0.810847, 0.810528, 0.810847, 0.810544, 0.80977, 0.810367, 0.810703, 0.810889]
[0.810847, 0.81001, 0.810309, 0.809967, 0.809162, 0.809944, 0.810703, 0.810889]
[0.808957, 0.81001, 0.810309, 0.80919, 0.809162, 0.810367, 0.810095, 0.810113]
[0.808957, 0.810113, 0.809767, 0.809057, 0.809162, 0.810016, 0.808616, 0.809541]
[0.809704, 0.810113, 0.809057, 0.809471, 0.808384, 0.808288, 0.808616, 0.809225]
[0.809704, 0.808658, 0.809057, 0.809129, 0.808851, 0.809047, 0.808616, 0.808658]
[0.809704, 0.807528, 0.809191, 0.809471, 0.808986, 0.809047, 0.808658, 0.808658]
[0.808576, 0.807528, 0.807976, 0.809129, 0.8094, 0.809057, 0.809704, 0.807528]
[0.808576, 0.807528, 0.807976, 0.809263, 0.809447, 0.808923, 0.808576, 0.807528]
[0.809429, 0.807497, 0.807528, 0.808257, 0.809271, 0.808631, 0.809205, 0.807497]
[0.809398, 0.807497, 0.807497, 0.807735, 0.80711, 0.807585, 0.809362, 0.807497]
[0.809203, 0.807497, 0.807497, 0.807735, 0.807741, 0.807247, 0.809326, 0.807497]
[0.809326, 0.80684, 0.80684, 0.807503, 0.807741, 0.807206, 0.807134, 0.807471]
[0.808672, 0.807296, 0.808284, 0.807432, 0.808156, 0.807662, 0.808659, 0.807204]
[0.808659, 0.808059, 0.808089, 0.808062, 0.808156, 0.807662, 0.808731, 0.808059]
[0.807944, 0.807641, 0.808197, 0.80864, 0.808156, 0.807733, 0.808062, 0.808059]
[0.807337, 0.807501, 0.807065, 0.808707, 0.808226, 0.807017, 0.807346, 0.806924]
[0.807518, 0.806868, 0.807065, 0.807932, 0.807901, 0.806562, 0.80704, 0.806868]
[0.807063, 0.807311, 0.806432, 0.808003, 0.807901, 0.806648, 0.80704, 0.806947]
[0.807063, 0.807016, 0.807359, 0.808003, 0.807451, 0.806648, 0.80662, 0.806573]
[0.806283, 0.807016, 0.807359, 0.808003, 0.807451, 0.806648, 0.80584, 0.806573]
[0.805643, 0.807016, 0.806914, 0.807138, 0.808007, 0.805868, 0.80584, 0.806573]
[0.805883, 0.807016, 0.806914, 0.807993, 0.808007, 0.805868, 0.8052, 0.805792]
[0.806356, 0.805918, 0.806445, 0.807138, 0.807465, 0.804912, 0.804664, 0.805792]
[0.806496, 0.806401, 0.806576, 0.807362, 0.807134, 0.805333, 0.804342, 0.806047]
[0.806517, 0.806469, 0.806623, 0.806817, 0.807134, 0.805802, 0.806048, 0.805506]
[0.80658, 0.805464, 0.806707, 0.806949, 0.807134, 0.805333, 0.806048, 0.805506]
[0.805662, 0.804593, 0.805396, 0.806949, 0.806649, 0.805012, 0.804165, 0.804634]
[0.806131, 0.804593, 0.804995, 0.804525, 0.805467, 0.805066, 0.804634, 0.804593]
[0.805662, 0.804593, 0.804995, 0.804285, 0.805289, 0.804824, 0.805662, 0.804593]
[0.805345, 0.804995, 0.804754, 0.805083, 0.804977, 0.804256, 0.805417, 0.804353]
[0.804869, 0.804754, 0.804754, 0.804977, 0.805441, 0.804657, 0.804721, 0.804353]
[0.804257, 0.804648, 0.804648, 0.804648, 0.805112, 0.804657, 0.804257, 0.80428]
[0.804662, 0.804648, 0.804648, 0.804977, 0.80559, 0.804028, 0.804257, 0.804172]
[0.804662, 0.804321, 0.804106, 0.80443, 0.80559, 0.804646, 0.804257, 0.803866]
[0.804353, 0.804321, 0.804106, 0.80443, 0.80559, 0.804183, 0.804353, 0.803255]
[0.803529, 0.803328, 0.8038, 0.804853, 0.804577, 0.804512, 0.803945, 0.803255]
[0.803408, 0.802503, 0.804103, 0.804853, 0.804577, 0.804512, 0.804279, 0.802221]
[0.803408, 0.802067, 0.80323, 0.804853, 0.804577, 0.803966, 0.804279, 0.801347]
[0.802865, 0.802404, 0.803651, 0.80428, 0.804577, 0.803653, 0.802865, 0.801347]
[0.802865, 0.80238, 0.802857, 0.803407, 0.804025, 0.803653, 0.802865, 0.801766]
[0.802865, 0.80213, 0.803085, 0.803407, 0.803882, 0.80069, 0.802865, 0.801766]
[0.802865, 0.801187, 0.803085, 0.803326, 0.803152, 0.800135, 0.802865, 0.800971]
[0.802317, 0.801187, 0.802248, 0.803326, 0.802265, 0.800135, 0.802317, 0.800971]
[0.802317, 0.801187, 0.802248, 0.803326, 0.80158, 0.800135, 0.802317, 0.800971]
[0.802317, 0.802288, 0.801802, 0.80264, 0.800752, 0.800135, 0.801431, 0.802072]
[0.802317, 0.802288, 0.801662, 0.801286, 0.800237, 0.800135, 0.801431, 0.802072]
[0.801431, 0.802288, 0.801662, 0.801286, 0.800237, 0.800135, 0.801431, 0.802072]
[0.801431, 0.802288, 0.801662, 0.801286, 0.800237, 0.799949, 0.801431, 0.802072]
[0.801185, 0.802288, 0.801662, 0.800259, 0.800347, 0.801161, 0.801431, 0.802288]
[0.801402, 0.802288, 0.801662, 0.800443, 0.800564, 0.800831, 0.801431, 0.802288]
[0.801156, 0.801946, 0.801249, 0.800443, 0.799946, 0.800646, 0.801531, 0.802288]
[0.801156, 0.802056, 0.80235, 0.800443, 0.799946, 0.800646, 0.80118, 0.801156]
[0.80064, 0.801541, 0.80235, 0.800443, 0.799946, 0.801385, 0.800964, 0.801156]
[0.80118, 0.800488, 0.802003, 0.800443, 0.801128, 0.801385, 0.80118, 0.80064]
[0.80118, 0.800488, 0.801103, 0.801544, 0.801917, 0.801251, 0.80118, 0.800488]
[0.80118, 0.800488, 0.800082, 0.800443, 0.801917, 0.801251, 0.80118, 0.801023]
[0.80118, 0.801023, 0.800082, 0.800443, 0.801917, 0.801251, 0.80118, 0.801023]
[0.80118, 0.801275, 0.800082, 0.8006, 0.801917, 0.801251, 0.80118, 0.801275]
[0.801432, 0.800174, 0.801438, 0.801055, 0.801917, 0.801601, 0.80118, 0.801513]
[0.801432, 0.799836, 0.801032, 0.801055, 0.800817, 0.801682, 0.801432, 0.800863]
[0.800782, 0.799836, 0.801032, 0.800404, 0.800124, 0.801682, 0.800782, 0.799761]
[0.799754, 0.799836, 0.801251, 0.800404, 0.799472, 0.801026, 0.800782, 0.799761]
[0.799754, 0.800656, 0.800518, 0.800404, 0.799912, 0.799924, 0.800281, 0.800127]
[0.799962, 0.800656, 0.800518, 0.799923, 0.799912, 0.800175, 0.800133, 0.800201]
[0.799962, 0.800656, 0.800093, 0.799498, 0.799912, 0.800175, 0.800133, 0.800582]
[0.799962, 0.800656, 0.800093, 0.799498, 0.800164, 0.800033, 0.799888, 0.800582]
[0.800201, 0.800235, 0.800093, 0.798368, 0.799743, 0.800033, 0.800002, 0.800656]
[0.800201, 0.799502, 0.800093, 0.798368, 0.797876, 0.800033, 0.799737, 0.800235]
[0.800235, 0.799502, 0.798963, 0.797928, 0.797876, 0.799838, 0.799737, 0.799502]
[0.800235, 0.799502, 0.79854, 0.798291, 0.796415, 0.799045, 0.799849, 0.799502]
[0.798833, 0.798418, 0.797483, 0.799026, 0.796174, 0.797265, 0.798948, 0.798042]
[0.798776, 0.797287, 0.797542, 0.796985, 0.796891, 0.796426, 0.79735, 0.798418]
[0.796904, 0.797307, 0.797542, 0.796044, 0.795578, 0.795486, 0.795344, 0.797287]
[0.795461, 0.797307, 0.796803, 0.796044, 0.795578, 0.795936, 0.795865, 0.797287]
[0.794457, 0.795518, 0.796072, 0.796044, 0.794403, 0.793659, 0.795128, 0.795461]
[0.793669, 0.795518, 0.796072, 0.796044, 0.795142, 0.793908, 0.79403, 0.79439]
[0.793272, 0.794036, 0.795678, 0.796492, 0.795381, 0.792784, 0.793749, 0.794017]
[0.792978, 0.794285, 0.795678, 0.796151, 0.794948, 0.792784, 0.792978, 0.793222]
[0.792978, 0.792758, 0.794499, 0.794304, 0.795252, 0.792784, 0.792978, 0.792797]
[0.792599, 0.792778, 0.793417, 0.79478, 0.793997, 0.79316, 0.792978, 0.792961]
[0.792599, 0.792778, 0.79381, 0.794165, 0.793743, 0.793974, 0.792899, 0.792883]
[0.792844, 0.792883, 0.793217, 0.792756, 0.793743, 0.79324, 0.792899, 0.793631]
[0.792844, 0.793319, 0.792912, 0.792756, 0.793143, 0.792531, 0.793335, 0.793319]
[0.7925, 0.793144, 0.793017, 0.792568, 0.792844, 0.791773, 0.792095, 0.793144]
[0.7925, 0.793144, 0.793459, 0.792568, 0.792844, 0.792223, 0.792555, 0.793144]
[0.7925, 0.793144, 0.792751, 0.792568, 0.792844, 0.792223, 0.791386, 0.793144]
[0.791048, 0.791728, 0.791338, 0.79084, 0.792579, 0.79103, 0.790643, 0.791728]
[0.790428, 0.790412, 0.791338, 0.790603, 0.792214, 0.79103, 0.790643, 0.791019]
[0.790373, 0.790412, 0.790731, 0.790789, 0.792214, 0.79103, 0.789969, 0.790412]
[0.790373, 0.790535, 0.791277, 0.790789, 0.79154, 0.790356, 0.790165, 0.790535]
[0.789814, 0.790535, 0.791277, 0.791656, 0.791317, 0.79094, 0.790001, 0.79085]
[0.789869, 0.790535, 0.790895, 0.792512, 0.791317, 0.79049, 0.790316, 0.790167]
[0.789605, 0.790491, 0.790895, 0.791613, 0.791101, 0.790405, 0.790316, 0.790167]
[0.78992, 0.790798, 0.790536, 0.790921, 0.791101, 0.790728, 0.790316, 0.790167]
[0.78992, 0.791225, 0.790536, 0.791252, 0.791101, 0.790728, 0.790316, 0.790474]
[0.79085, 0.791225, 0.790536, 0.791271, 0.791432, 0.791474, 0.790426, 0.790378]
[0.790808, 0.791225, 0.790333, 0.791271, 0.790139, 0.790636, 0.79085, 0.791129]
[0.790808, 0.791022, 0.790333, 0.789882, 0.790534, 0.790636, 0.79085, 0.791129]
[0.789969, 0.791022, 0.790333, 0.788835, 0.789943, 0.789161, 0.790011, 0.790926]
[0.788539, 0.789524, 0.788448, 0.787951, 0.78919, 0.789161, 0.790011, 0.790087]
[0.788863, 0.78841, 0.788448, 0.787951, 0.78876, 0.789161, 0.788539, 0.788612]
[0.788863, 0.78841, 0.788022, 0.787951, 0.78832, 0.788735, 0.788855, 0.789095]
[0.78805, 0.78841, 0.787521, 0.787107, 0.7874, 0.788735, 0.788305, 0.788612]
[0.787592, 0.787951, 0.787781, 0.786676, 0.786676, 0.787766, 0.787847, 0.786706]
[0.787592, 0.786706, 0.787231, 0.786676, 0.786202, 0.787766, 0.787847, 0.786706]
[0.787081, 0.786706, 0.786467, 0.786676, 0.785686, 0.787336, 0.787123, 0.786706]
[0.787018, 0.785902, 0.786467, 0.786676, 0.785599, 0.786757, 0.787448, 0.786448]
[0.787018, 0.785902, 0.78535, 0.78487, 0.784912, 0.786029, 0.786029, 0.785215]
[0.784979, 0.784548, 0.784516, 0.784724, 0.784872, 0.78599, 0.786096, 0.784548]
[0.784505, 0.783643, 0.78309, 0.78309, 0.78341, 0.784401, 0.784505, 0.783643]
[0.784505, 0.78309, 0.782531, 0.783202, 0.78341, 0.784401, 0.784505, 0.783643]
[0.784048, 0.782075, 0.783087, 0.783763, 0.783844, 0.784401, 0.78416, 0.782531]
[0.784726, 0.781556, 0.782013, 0.783763, 0.7844, 0.784962, 0.78416, 0.781556]
[0.783655, 0.781556, 0.781668, 0.782124, 0.783943, 0.783943, 0.783655, 0.781668]
[0.783118, 0.782683, 0.782244, 0.782244, 0.78345, 0.783884, 0.78298, 0.782549]
[0.78298, 0.782683, 0.782244, 0.782244, 0.782882, 0.783884, 0.78298, 0.782549]
[0.78298, 0.782549, 0.782244, 0.782244, 0.782882, 0.783174, 0.78298, 0.782549]
[0.78298, 0.782238, 0.782549, 0.782244, 0.782882, 0.783174, 0.78298, 0.782549]
[0.78298, 0.782238, 0.781664, 0.780794, 0.782596, 0.783174, 0.78298, 0.782549]
[0.782407, 0.781664, 0.781664, 0.780794, 0.782596, 0.782596, 0.78298, 0.782498]
[0.782236, 0.781496, 0.78092, 0.781231, 0.782854, 0.782854, 0.782479, 0.782183]
[0.782308, 0.781754, 0.781178, 0.781489, 0.782111, 0.782668, 0.782308, 0.782183]
[0.782308, 0.781314, 0.781178, 0.781052, 0.782111, 0.782668, 0.782308, 0.781997]
[0.782308, 0.781314, 0.781178, 0.781052, 0.781678, 0.782668, 0.782308, 0.781127]
[0.781556, 0.779949, 0.779698, 0.780612, 0.781243, 0.782668, 0.782308, 0.781127]
[0.781127, 0.779949, 0.779234, 0.78017, 0.781056, 0.782497, 0.781879, 0.780383]
[0.781127, 0.779511, 0.779234, 0.780001, 0.780887, 0.780719, 0.781438, 0.780383]
[0.779919, 0.779485, 0.779047, 0.779398, 0.780713, 0.780117, 0.779884, 0.779485]
[0.779929, 0.780061, 0.779182, 0.778723, 0.779724, 0.780162, 0.779495, 0.779884]
[0.780028, 0.780028, 0.77915, 0.779278, 0.78055, 0.780959, 0.78024, 0.780028]
[0.780028, 0.780028, 0.77915, 0.779719, 0.78055, 0.780988, 0.780028, 0.780028]
[0.779404, 0.779404, 0.779719, 0.779719, 0.780669, 0.779507, 0.780028, 0.779404]
[0.778802, 0.778966, 0.779801, 0.779719, 0.779365, 0.778863, 0.778363, 0.778966]
[0.778363, 0.779101, 0.779801, 0.779019, 0.778929, 0.778994, 0.777646, 0.779101]
[0.777646, 0.778498, 0.779101, 0.778498, 0.779022, 0.778994, 0.77776, 0.777789]
[0.777789, 0.777789, 0.777789, 0.778498, 0.779022, 0.779112, 0.777891, 0.777789]
[0.777891, 0.777919, 0.778403, 0.778977, 0.77885, 0.777834, 0.777324, 0.777919]
[0.777227, 0.777477, 0.778268, 0.778977, 0.779183, 0.777613, 0.777103, 0.77765]
[0.77693, 0.777477, 0.778124, 0.778791, 0.778961, 0.777613, 0.77693, 0.777572]
[0.777054, 0.777874, 0.778124, 0.777608, 0.778977, 0.77744, 0.776015, 0.776533]
[0.777085, 0.776689, 0.776603, 0.7774, 0.778103, 0.777194, 0.776657, 0.776689]
[0.776689, 0.776689, 0.776559, 0.77575, 0.776577, 0.777194, 0.776689, 0.776689]
[0.7763, 0.776072, 0.776787, 0.775874, 0.776577, 0.775424, 0.776072, 0.776985]
[0.775146, 0.776985, 0.776787, 0.775874, 0.776393, 0.775424, 0.775146, 0.776985]
[0.77606, 0.776985, 0.776787, 0.776787, 0.77524, 0.775424, 0.77606, 0.777213]
[0.77606, 0.777213, 0.776787, 0.776787, 0.776154, 0.77533, 0.77606, 0.777213]
[0.77606, 0.77606, 0.776787, 0.776787, 0.776154, 0.77606, 0.77606, 0.77606]
[0.77606, 0.77606, 0.775634, 0.775634, 0.776394, 0.776498, 0.77606, 0.77606]
[0.776498, 0.77606, 0.775862, 0.77472, 0.776301, 0.776498, 0.77606, 0.77606]
[0.776498, 0.77606, 0.775862, 0.775388, 0.776301, 0.776498, 0.776498, 0.77606]
[0.776498, 0.776498, 0.776301, 0.775388, 0.776301, 0.776498, 0.776498, 0.775437]
[0.776498, 0.776498, 0.776301, 0.776301, 0.77664, 0.776247, 0.775285, 0.775876]
[0.775285, 0.775876, 0.776301, 0.774234, 0.77664, 0.776247, 0.775285, 0.775876]
[0.775285, 0.774722, 0.775148, 0.774234, 0.775487, 0.776247, 0.775285, 0.77413]
[0.77413, 0.77413, 0.774524, 0.774573, 0.77404, 0.773845, 0.77413, 0.77413]
[0.773286, 0.773286, 0.773093, 0.773094, 0.773422, 0.773614, 0.773286, 0.77413]
[0.773286, 0.773286, 0.773093, 0.772506, 0.773422, 0.773614, 0.773614, 0.773286]
[0.773286, 0.773286, 0.772178, 0.772506, 0.773422, 0.773464, 0.773614, 0.773286]
[0.773614, 0.77372, 0.772178, 0.772506, 0.773884, 0.774082, 0.773614, 0.773286]
[0.774048, 0.77372, 0.772178, 0.772506, 0.773884, 0.774082, 0.773464, 0.773286]
[0.773897, 0.77372, 0.772612, 0.77297, 0.773884, 0.774824, 0.774824, 0.773286]
[0.774299, 0.774298, 0.772941, 0.772221, 0.773884, 0.774824, 0.776026, 0.77415]
[0.774299, 0.774332, 0.773573, 0.772562, 0.773477, 0.775166, 0.77504, 0.775088]
[0.773543, 0.7745, 0.773573, 0.773573, 0.773477, 0.774845, 0.77504, 0.774332]
[0.773543, 0.7745, 0.773573, 0.773573, 0.774074, 0.775072, 0.774285, 0.773513]
[0.774452, 0.773513, 0.773573, 0.773573, 0.7745, 0.774087, 0.774285, 0.773513]
[0.774452, 0.773513, 0.773573, 0.773573, 0.7745, 0.773913, 0.774452, 0.774254]
[0.774231, 0.773513, 0.773573, 0.773573, 0.77524, 0.773913, 0.774254, 0.774231]
[0.773646, 0.773285, 0.773542, 0.773545, 0.774871, 0.773883, 0.773883, 0.774231]
[0.773646, 0.773285, 0.772928, 0.773514, 0.77484, 0.773855, 0.773883, 0.774194]
[0.772843, 0.772639, 0.772928, 0.772928, 0.77484, 0.773269, 0.772843, 0.77339]
[0.77386, 0.773816, 0.772747, 0.772928, 0.774677, 0.772843, 0.772843, 0.773816]
[0.773679, 0.773816, 0.771759, 0.772747, 0.773062, 0.773269, 0.773088, 0.773816]
[0.773679, 0.773816, 0.772138, 0.772747, 0.772881, 0.772881, 0.773088, 0.773468]
[0.773679, 0.773066, 0.772889, 0.772941, 0.772881, 0.772881, 0.773261, 0.772718]
[0.773472, 0.773066, 0.772889, 0.771954, 0.772881, 0.772881, 0.773261, 0.772718]
[0.773472, 0.772718, 0.77361, 0.771954, 0.772881, 0.772881, 0.773472, 0.772511]
[0.772391, 0.771428, 0.771777, 0.770872, 0.7718, 0.771208, 0.772391, 0.771428]
[0.772391, 0.771428, 0.771428, 0.7718, 0.7718, 0.771208, 0.772391, 0.771428]
[0.772179, 0.771428, 0.771428, 0.7718, 0.770617, 0.770024, 0.772179, 0.771428]
[0.772179, 0.771428, 0.771428, 0.770617, 0.768654, 0.770024, 0.772179, 0.771428]
[0.772179, 0.771428, 0.771428, 0.769248, 0.768654, 0.769271, 0.7718, 0.771428]
[0.770668, 0.771428, 0.770239, 0.768822, 0.768654, 0.769271, 0.770617, 0.771428]
[0.769484, 0.771303, 0.768928, 0.768697, 0.768503, 0.768503, 0.770024, 0.771428]
[0.769359, 0.769359, 0.768928, 0.768697, 0.767956, 0.768503, 0.76953, 0.770119]
[0.769359, 0.768928, 0.768928, 0.768545, 0.767956, 0.768383, 0.769, 0.76969]
[0.769968, 0.768928, 0.768314, 0.768545, 0.767935, 0.767956, 0.769379, 0.768928]
[0.768949, 0.768928, 0.768155, 0.768545, 0.767935, 0.767956, 0.76857, 0.768769]
[0.768949, 0.768769, 0.767775, 0.76852, 0.767935, 0.767956, 0.76857, 0.768769]
[0.767799, 0.768769, 0.767775, 0.76852, 0.767935, 0.767935, 0.767956, 0.768769]
[0.767185, 0.768155, 0.767775, 0.76852, 0.767956, 0.767956, 0.767185, 0.768155]
[0.766429, 0.7674, 0.766995, 0.767766, 0.766991, 0.766991, 0.76645, 0.7674]
[0.76645, 0.7674, 0.766315, 0.768193, 0.767999, 0.767999, 0.76643, 0.766809]
[0.767422, 0.768388, 0.76735, 0.767535, 0.767999, 0.767999, 0.767228, 0.767443]
[0.767228, 0.767802, 0.76735, 0.76657, 0.767999, 0.767999, 0.767228, 0.767422]
[0.767228, 0.767802, 0.76735, 0.76657, 0.767999, 0.766465, 0.766465, 0.767617]
[0.766465, 0.766959, 0.76657, 0.76657, 0.767237, 0.766465, 0.766465, 0.766465]
[0.766276, 0.766196, 0.76657, 0.766873, 0.767048, 0.766276, 0.766276, 0.766276]
[0.766276, 0.765615, 0.765909, 0.765909, 0.76657, 0.766276, 0.766276, 0.765615]
[0.766276, 0.765909, 0.765909, 0.765909, 0.76657, 0.766255, 0.766276, 0.765615]
[0.766329, 0.765482, 0.765909, 0.765668, 0.765668, 0.766255, 0.766255, 0.765668]
[0.766255, 0.765241, 0.765668, 0.765075, 0.765668, 0.766255, 0.766255, 0.765241]
[0.766255, 0.76563, 0.765668, 0.765075, 0.765668, 0.766255, 0.766255, 0.765241]
[0.765168, 0.76563, 0.765241, 0.764648, 0.765075, 0.766255, 0.766255, 0.765241]
[0.765168, 0.764811, 0.763617, 0.764049, 0.764648, 0.766255, 0.765826, 0.764811]
[0.764738, 0.764811, 0.763617, 0.764049, 0.764575, 0.765826, 0.764738, 0.764738]
[0.765168, 0.76407, 0.76347, 0.763902, 0.763808, 0.764869, 0.765168, 0.76457]
[0.764407, 0.763976, 0.76347, 0.763902, 0.763364, 0.764254, 0.765, 0.764407]
[0.764407, 0.764407, 0.76347, 0.763458, 0.763789, 0.763661, 0.763991, 0.764407]
[0.764129, 0.764407, 0.763458, 0.763789, 0.763062, 0.763661, 0.763402, 0.763963]
[0.763402, 0.763963, 0.763364, 0.763789, 0.763062, 0.763236, 0.763402, 0.764129]
[0.764016, 0.763978, 0.763364, 0.763789, 0.763062, 0.763236, 0.764016, 0.764129]
[0.764016, 0.763978, 0.763978, 0.763789, 0.763062, 0.763851, 0.764016, 0.764742]
[0.764016, 0.764149, 0.763978, 0.763978, 0.763251, 0.763851, 0.764016, 0.763422]
[0.763422, 0.764149, 0.764255, 0.763251, 0.763251, 0.763422, 0.764016, 0.763422]
[0.763422, 0.763692, 0.764255, 0.763959, 0.763439, 0.763615, 0.76299, 0.763692]
[0.763692, 0.763692, 0.764255, 0.763175, 0.764575, 0.764043, 0.76299, 0.763692]
[0.762907, 0.762907, 0.762742, 0.763363, 0.763792, 0.763968, 0.762907, 0.762907]
[0.762907, 0.762907, 0.762742, 0.762439, 0.763792, 0.763968, 0.7631, 0.762907]
[0.762907, 0.762907, 0.761818, 0.762439, 0.763792, 0.763968, 0.7631, 0.762907]
[0.7631, 0.762907, 0.761818, 0.762439, 0.763792, 0.763968, 0.7631, 0.762907]
[0.762975, 0.762907, 0.761818, 0.762439, 0.763968, 0.764366, 0.763536, 0.762907]
[0.762975, 0.762907, 0.761818, 0.762869, 0.763829, 0.764366, 0.763809, 0.762782]
[0.763809, 0.763272, 0.761818, 0.763653, 0.764236, 0.765158, 0.764601, 0.762823]
[0.765086, 0.764066, 0.762737, 0.763653, 0.76406, 0.765158, 0.764601, 0.764551]
[0.765869, 0.764116, 0.763167, 0.763295, 0.76406, 0.765033, 0.765384, 0.764551]
[0.765869, 0.764982, 0.763349, 0.763693, 0.764236, 0.765163, 0.765869, 0.765343]
[0.765869, 0.764982, 0.763274, 0.764173, 0.763693, 0.765945, 0.765522, 0.765522]
[0.76517, 0.763576, 0.762789, 0.763693, 0.76337, 0.765994, 0.765647, 0.764685]
[0.76481, 0.763763, 0.762789, 0.763267, 0.763683, 0.765158, 0.76481, 0.763763]
[0.76481, 0.763763, 0.763582, 0.763137, 0.763872, 0.765158, 0.76481, 0.763763]
[0.76481, 0.763153, 0.762967, 0.763257, 0.763683, 0.765452, 0.76481, 0.763273]
[0.764195, 0.763273, 0.762967, 0.762635, 0.764049, 0.764543, 0.764195, 0.763273]
[0.76354, 0.763273, 0.763081, 0.762287, 0.763062, 0.76362, 0.762618, 0.763273]
[0.762618, 0.762618, 0.763081, 0.762775, 0.763062, 0.762909, 0.762618, 0.762618]
[0.762618, 0.762618, 0.762775, 0.762775, 0.763062, 0.762254, 0.762618, 0.762618]
[0.762618, 0.762618, 0.762775, 0.762775, 0.763062, 0.762609, 0.762618, 0.762618]
[0.762973, 0.762426, 0.76169, 0.76199, 0.76312, 0.762609, 0.762973, 0.762618]
[0.762973, 0.76212, 0.76169, 0.762345, 0.762772, 0.762609, 0.762973, 0.762973]
[0.763276, 0.762781, 0.76224, 0.76254, 0.762117, 0.763007, 0.762609, 0.763276]
[0.762609, 0.762348, 0.762543, 0.761886, 0.76169, 0.762515, 0.763313, 0.762781]
[0.762515, 0.76224, 0.762543, 0.762192, 0.762283, 0.762824, 0.762709, 0.762045]
[0.762515, 0.76224, 0.762192, 0.762192, 0.762227, 0.762461, 0.762709, 0.762283]
[0.76216, 0.762283, 0.762145, 0.76218, 0.762227, 0.762461, 0.761357, 0.762283]
[0.761928, 0.761755, 0.761882, 0.76218, 0.761326, 0.762657, 0.761553, 0.761125]
[0.760951, 0.761755, 0.761882, 0.761451, 0.761326, 0.760215, 0.761125, 0.760951]
[0.760213, 0.760951, 0.761882, 0.761451, 0.761326, 0.760517, 0.760387, 0.760951]
[0.760213, 0.760213, 0.760971, 0.761279, 0.761326, 0.760517, 0.76051, 0.760213]
[0.760213, 0.760263, 0.761021, 0.761023, 0.760823, 0.760205, 0.76051, 0.760213]
[0.760247, 0.760263, 0.760217, 0.75983, 0.760567, 0.760255, 0.760081, 0.76056]
[0.760427, 0.760263, 0.760382, 0.75919, 0.760434, 0.760434, 0.759901, 0.760702]
[0.76026, 0.760427, 0.76021, 0.759317, 0.760434, 0.76026, 0.759901, 0.760427]
[0.76026, 0.760427, 0.760511, 0.759042, 0.75924, 0.760433, 0.759901, 0.76026]
[0.759901, 0.760427, 0.76026, 0.759066, 0.759777, 0.760433, 0.759901, 0.759901]
[0.759901, 0.76026, 0.759066, 0.759066, 0.759598, 0.760433, 0.760433, 0.759901]
[0.760433, 0.76026, 0.759066, 0.759598, 0.759598, 0.760433, 0.760433, 0.759901]
[0.760433, 0.759901, 0.759066, 0.760024, 0.759598, 0.759628, 0.760433, 0.759901]
[0.760433, 0.760433, 0.759598, 0.760024, 0.758433, 0.759628, 0.760433, 0.760433]
[0.760054, 0.760054, 0.759598, 0.760024, 0.758433, 0.759628, 0.760054, 0.760054]
[0.760054, 0.760054, 0.759598, 0.760024, 0.758433, 0.758433, 0.760054, 0.760054]
[0.760054, 0.760054, 0.75886, 0.760024, 0.758433, 0.758045, 0.760054, 0.760054]
[0.760054, 0.75886, 0.75886, 0.759665, 0.758433, 0.758045, 0.760054, 0.75886]
[0.760054, 0.75886, 0.75886, 0.75886, 0.758045, 0.758045, 0.760054, 0.75886]
[0.759867, 0.75886, 0.75886, 0.75886, 0.758045, 0.757857, 0.760054, 0.75886]
[0.759867, 0.75886, 0.75886, 0.75886, 0.758045, 0.757208, 0.759867, 0.75886]
[0.759218, 0.75886, 0.75886, 0.75886, 0.758045, 0.757599, 0.759218, 0.75886]
[0.759218, 0.75886, 0.75886, 0.75886, 0.757743, 0.756907, 0.758024, 0.75886]
[0.758589, 0.758739, 0.758919, 0.758549, 0.756907, 0.756432, 0.757305, 0.758739]
[0.757305, 0.758047, 0.757802, 0.758608, 0.756499, 0.756499, 0.757305, 0.757305]
[0.757305, 0.757305, 0.758181, 0.757728, 0.756499, 0.756499, 0.757305, 0.757305]
[0.757305, 0.756881, 0.757393, 0.757393, 0.756499, 0.756499, 0.756499, 0.757305]
[0.757998, 0.756881, 0.756586, 0.756586, 0.755692, 0.755692, 0.756385, 0.756074]
[0.757192, 0.756074, 0.756586, 0.754895, 0.753536, 0.755692, 0.756385, 0.756074]
[0.757192, 0.756074, 0.755325, 0.754086, 0.753536, 0.754657, 0.756385, 0.756074]
[0.755266, 0.754776, 0.754895, 0.754086, 0.753536, 0.754657, 0.755086, 0.756074]
[0.752717, 0.755325, 0.754895, 0.754086, 0.753536, 0.753536, 0.753838, 0.754776]
[0.752717, 0.754507, 0.754895, 0.754086, 0.753536, 0.753554, 0.752717, 0.754776]
[0.753176, 0.754535, 0.754895, 0.752785, 0.753554, 0.753554, 0.752744, 0.753985]
[0.752785, 0.754535, 0.755343, 0.752803, 0.754104, 0.752744, 0.752785, 0.754535]
[0.752785, 0.754321, 0.755129, 0.752803, 0.754104, 0.752356, 0.752785, 0.753511]
[0.75312, 0.753511, 0.753562, 0.754321, 0.754104, 0.752785, 0.75257, 0.75312]
[0.75312, 0.752361, 0.75182, 0.750518, 0.75308, 0.75312, 0.75312, 0.75312]
[0.752361, 0.751429, 0.750589, 0.750589, 0.752752, 0.75312, 0.75312, 0.752361]
[0.752361, 0.750598, 0.750589, 0.751019, 0.751429, 0.751531, 0.752361, 0.750598]
[0.750598, 0.749366, 0.749767, 0.750691, 0.750198, 0.750598, 0.750598, 0.750598]
[0.749366, 0.749366, 0.749438, 0.749388, 0.749038, 0.750598, 0.750598, 0.749366]
[0.749366, 0.748898, 0.74857, 0.750691, 0.749869, 0.750598, 0.750598, 0.748898]
[0.748898, 0.74857, 0.74857, 0.750223, 0.749401, 0.748898, 0.748898, 0.74857]
[0.749087, 0.749087, 0.749009, 0.748122, 0.749087, 0.748662, 0.748662, 0.748995]
[0.749087, 0.749009, 0.74943, 0.749009, 0.749087, 0.748662, 0.749087, 0.748917]
[0.749087, 0.749009, 0.74943, 0.748127, 0.749009, 0.749087, 0.749087, 0.749009]
[0.749009, 0.748075, 0.748497, 0.747194, 0.74943, 0.749087, 0.749009, 0.749009]
[0.749009, 0.748075, 0.747194, 0.747194, 0.747194, 0.749009, 0.748186, 0.749009]
[0.747252, 0.747464, 0.748497, 0.747194, 0.748497, 0.747252, 0.747252, 0.747464]
[0.746641, 0.746842, 0.747265, 0.746567, 0.747871, 0.746624, 0.746641, 0.746641]
[0.746019, 0.746019, 0.746763, 0.745459, 0.74594, 0.745516, 0.746019, 0.746019]
[0.745516, 0.745516, 0.745459, 0.745459, 0.746136, 0.745712, 0.745516, 0.745516]
[0.745516, 0.745516, 0.744635, 0.745655, 0.746136, 0.745712, 0.745712, 0.745516]
[0.745712, 0.745516, 0.744635, 0.744831, 0.744831, 0.745712, 0.745712, 0.745516]
[0.745712, 0.745712, 0.744831, 0.744831, 0.744831, 0.745712, 0.745712, 0.745712]
[0.745712, 0.745712, 0.744831, 0.744831, 0.745956, 0.746837, 0.745712, 0.745712]
[0.746837, 0.742827, 0.743256, 0.745532, 0.745956, 0.746837, 0.746837, 0.744987]
[0.746411, 0.743954, 0.744383, 0.744383, 0.745532, 0.745105, 0.746411, 0.745688]
[0.745688, 0.744383, 0.744383, 0.744383, 0.745532, 0.745532, 0.745688, 0.745688]
[0.744807, 0.744807, 0.744807, 0.744807, 0.744807, 0.744383, 0.746532, 0.746112]
[0.744807, 0.744807, 0.745202, 0.744781, 0.744807, 0.744807, 0.746532, 0.744807]
[0.744807, 0.744807, 0.745202, 0.744781, 0.744807, 0.745228, 0.745228, 0.744807]
[0.745228, 0.745228, 0.745202, 0.744781, 0.744807, 0.745228, 0.745228, 0.745228]
[0.745228, 0.744896, 0.744896, 0.744781, 0.744807, 0.745645, 0.745228, 0.745228]
[0.744858, 0.744526, 0.744896, 0.744896, 0.745228, 0.745645, 0.744858, 0.744526]
[0.744526, 0.744944, 0.744526, 0.744896, 0.745228, 0.745276, 0.744858, 0.744944]
[0.744824, 0.745241, 0.744824, 0.744526, 0.744944, 0.745496, 0.744737, 0.744944]
[0.745034, 0.745241, 0.745241, 0.744944, 0.744526, 0.745496, 0.744737, 0.745452]
[0.745034, 0.745452, 0.745241, 0.745241, 0.745154, 0.745154, 0.745034, 0.745452]
[0.744412, 0.74483, 0.745452, 0.745452, 0.745154, 0.74483, 0.744412, 0.74483]
[0.74483, 0.74483, 0.74483, 0.74483, 0.743236, 0.743371, 0.744412, 0.74483]
[0.74308, 0.744695, 0.744695, 0.743236, 0.742818, 0.743236, 0.742472, 0.744474]
[0.74106, 0.74106, 0.74206, 0.74206, 0.742818, 0.742054, 0.741267, 0.740642]
[0.740642, 0.740642, 0.741436, 0.74206, 0.741197, 0.740849, 0.740642, 0.740642]
[0.740642, 0.740642, 0.741088, 0.741015, 0.741197, 0.740224, 0.740642, 0.740642]
[0.740256, 0.740256, 0.740702, 0.739866, 0.739838, 0.739838, 0.740256, 0.740256]
[0.740256, 0.740256, 0.740702, 0.740281, 0.739838, 0.739838, 0.739838, 0.740256]
[0.739838, 0.740674, 0.740702, 0.740281, 0.739838, 0.739838, 0.739838, 0.740674]
[0.740256, 0.741088, 0.741088, 0.740253, 0.739838, 0.739838, 0.739838, 0.741088]
[0.739838, 0.74087, 0.74087, 0.740253, 0.739838, 0.739011, 0.739838, 0.741088]
[0.739011, 0.740443, 0.740443, 0.739189, 0.738164, 0.739011, 0.739011, 0.740443]
[0.738158, 0.740233, 0.739598, 0.739189, 0.738164, 0.739011, 0.738379, 0.740233]
[0.738158, 0.740233, 0.738833, 0.737595, 0.73731, 0.738379, 0.738158, 0.739406]
[0.73717, 0.736362, 0.736362, 0.73618, 0.735896, 0.736666, 0.737939, 0.737997]
[0.736808, 0.736362, 0.736362, 0.735535, 0.735068, 0.735068, 0.73717, 0.736362]
[0.735949, 0.736205, 0.736205, 0.734378, 0.735068, 0.735068, 0.735532, 0.736362]
[0.735949, 0.736205, 0.73505, 0.733766, 0.733934, 0.735068, 0.735532, 0.736205]
[0.735742, 0.734461, 0.732983, 0.733564, 0.733928, 0.735505, 0.735482, 0.73505]
[0.734153, 0.733999, 0.732957, 0.734002, 0.733928, 0.733928, 0.73461, 0.733999]
[0.734002, 0.733973, 0.732957, 0.733395, 0.733771, 0.733771, 0.73459, 0.733973]
[0.733801, 0.73441, 0.733395, 0.732553, 0.733345, 0.733589, 0.733801, 0.73441]
[0.733801, 0.73441, 0.732553, 0.732553, 0.733345, 0.732747, 0.733801, 0.73441]
[0.733801, 0.73357, 0.732553, 0.732553, 0.732757, 0.732143, 0.73296, 0.73296]
[0.73296, 0.731927, 0.732553, 0.732553, 0.732168, 0.733201, 0.73296, 0.73296]
[0.73296, 0.731927, 0.732553, 0.732553, 0.732168, 0.733201, 0.73296, 0.73296]
[0.73296, 0.731927, 0.731927, 0.731927, 0.731754, 0.733201, 0.73296, 0.731927]
[0.73296, 0.731519, 0.731927, 0.731927, 0.731754, 0.733201, 0.73296, 0.731927]
[0.731927, 0.730886, 0.731295, 0.73232, 0.731754, 0.733201, 0.733201, 0.730886]
[0.731531, 0.730886, 0.731038, 0.73232, 0.73232, 0.732168, 0.732565, 0.730886]
[0.731531, 0.730886, 0.731038, 0.731683, 0.73232, 0.732168, 0.731531, 0.731122]
[0.731531, 0.731122, 0.731683, 0.731683, 0.73232, 0.731776, 0.731139, 0.731531]
[0.731139, 0.731122, 0.731274, 0.731683, 0.731683, 0.731139, 0.731139, 0.730733]
[0.731139, 0.730885, 0.731274, 0.731683, 0.731291, 0.731139, 0.72998, 0.730733]
[0.731981, 0.730885, 0.731274, 0.73098, 0.730588, 0.730014, 0.731322, 0.730733]
[0.731728, 0.730885, 0.730183, 0.730588, 0.729311, 0.728656, 0.729038, 0.730225]
[0.729094, 0.730183, 0.730183, 0.730588, 0.729311, 0.728656, 0.728341, 0.730372]
[0.727933, 0.729094, 0.730183, 0.727996, 0.726932, 0.728341, 0.728341, 0.729094]
[0.727522, 0.729094, 0.727589, 0.727589, 0.726932, 0.726616, 0.727522, 0.728684]
[0.727522, 0.727778, 0.726932, 0.726932, 0.726123, 0.725807, 0.727522, 0.727522]
[0.726205, 0.727367, 0.726932, 0.72571, 0.725713, 0.725807, 0.725395, 0.726205]
[0.724337, 0.726311, 0.726932, 0.7253, 0.725498, 0.725602, 0.724773, 0.724732]
[0.724353, 0.724564, 0.724669, 0.725306, 0.725498, 0.724353, 0.723934, 0.723934]
[0.723934, 0.723718, 0.724882, 0.722887, 0.722581, 0.723746, 0.723746, 0.723718]
[0.723525, 0.723718, 0.722355, 0.722681, 0.722393, 0.723746, 0.723746, 0.723718]
[0.723525, 0.723718, 0.722355, 0.721515, 0.721762, 0.723336, 0.723525, 0.723718]
[0.723746, 0.723718, 0.722355, 0.721954, 0.721973, 0.721973, 0.723746, 0.723525]
[0.723746, 0.722383, 0.721954, 0.721973, 0.721973, 0.721973, 0.723746, 0.722383]
[0.722383, 0.722383, 0.721973, 0.721973, 0.721973, 0.721973, 0.722383, 0.722689]
[0.721852, 0.721852, 0.721973, 0.721973, 0.721973, 0.721973, 0.721852, 0.722158]
[0.721601, 0.721601, 0.721442, 0.721973, 0.721973, 0.721442, 0.721442, 0.722158]
[0.721601, 0.721601, 0.721191, 0.721442, 0.721442, 0.721442, 0.721497, 0.721907]
[0.720867, 0.721497, 0.721191, 0.721191, 0.721191, 0.721191, 0.721497, 0.721497]
[0.720867, 0.720867, 0.721191, 0.721191, 0.721191, 0.721191, 0.720867, 0.720867]
[0.720867, 0.720867, 0.721191, 0.721191, 0.721191, 0.721191, 0.720867, 0.720867]
[0.720867, 0.720867, 0.721497, 0.721191, 0.721191, 0.720561, 0.720867, 0.720867]
[0.720867, 0.720867, 0.720331, 0.719999, 0.721191, 0.721497, 0.720867, 0.720867]
[0.720867, 0.720867, 0.720331, 0.719999, 0.721191, 0.721497, 0.720867, 0.720867]
[0.720867, 0.720867, 0.720331, 0.719999, 0.721191, 0.721497, 0.720867, 0.720867]
[0.720867, 0.719701, 0.719701, 0.720331, 0.721191, 0.720867, 0.720867, 0.720867]
[0.720867, 0.719701, 0.719616, 0.720246, 0.719999, 0.720867, 0.720867, 0.720867]
[0.721119, 0.71893, 0.719616, 0.720246, 0.720246, 0.720867, 0.720464, 0.718526]
[0.720279, 0.718431, 0.719616, 0.720246, 0.720246, 0.720369, 0.721119, 0.719088]
[0.720279, 0.719088, 0.717795, 0.720246, 0.719832, 0.720369, 0.720279, 0.719088]
[0.719088, 0.718452, 0.717795, 0.719832, 0.719832, 0.720369, 0.720279, 0.719088]
[0.718107, 0.717472, 0.716814, 0.718221, 0.719202, 0.720369, 0.7193, 0.717472]
[0.717204, 0.716568, 0.716814, 0.717584, 0.718221, 0.718221, 0.718107, 0.716568]
[0.717204, 0.716568, 0.71591, 0.717584, 0.718221, 0.718107, 0.717204, 0.716568]
[0.716568, 0.716568, 0.716568, 0.71591, 0.718221, 0.717204, 0.717204, 0.716568]
[0.716568, 0.716568, 0.716568, 0.71591, 0.71732, 0.717204, 0.716568, 0.716568]
[0.716568, 0.716568, 0.716568, 0.71591, 0.71591, 0.717204, 0.716568, 0.716568]
[0.716568, 0.716568, 0.716568, 0.71591, 0.71591, 0.716264, 0.715627, 0.716568]
[0.715627, 0.716568, 0.716568, 0.71591, 0.71591, 0.715627, 0.714404, 0.715627]
[0.714404, 0.715627, 0.716568, 0.71591, 0.716568, 0.715627, 0.714404, 0.715627]
[0.714404, 0.715627, 0.716568, 0.716568, 0.715627, 0.714404, 0.714404, 0.714404]
[0.714404, 0.714404, 0.715627, 0.716568, 0.715627, 0.714404, 0.714404, 0.714404]
[0.71427, 0.714404, 0.715627, 0.715627, 0.715627, 0.714404, 0.71427, 0.71427]
[0.714899, 0.71427, 0.715627, 0.715183, 0.715627, 0.714404, 0.714899, 0.71427]
[0.714899, 0.714899, 0.715049, 0.715049, 0.71427, 0.71427, 0.714899, 0.714899]
[0.714899, 0.714899, 0.713826, 0.715049, 0.712602, 0.714899, 0.714899, 0.714899]
[0.715115, 0.714899, 0.714454, 0.71287, 0.713231, 0.713675, 0.715115, 0.714899]
[0.715115, 0.714454, 0.714454, 0.715677, 0.713231, 0.713675, 0.715115, 0.714899]
[0.715115, 0.714454, 0.714454, 0.714454, 0.713231, 0.713442, 0.715115, 0.714665]
[0.714665, 0.714665, 0.714454, 0.714454, 0.713231, 0.714665, 0.714665, 0.714665]
[0.714665, 0.714665, 0.714454, 0.713499, 0.712485, 0.713442, 0.714665, 0.714665]
[0.714665, 0.714665, 0.714454, 0.712776, 0.71299, 0.71299, 0.714665, 0.714665]
[0.714213, 0.714213, 0.714213, 0.71182, 0.711197, 0.71299, 0.714213, 0.714213]
[0.714213, 0.714213, 0.71299, 0.710808, 0.710772, 0.712154, 0.714213, 0.714213]
[0.714213, 0.714213, 0.71299, 0.708439, 0.708439, 0.71173, 0.71299, 0.714213]
[0.712275, 0.711887, 0.710505, 0.708439, 0.708439, 0.710626, 0.710626, 0.712688]
[0.710726, 0.709499, 0.709667, 0.708439, 0.708439, 0.708439, 0.710726, 0.709499]
[0.709499, 0.708426, 0.708594, 0.709442, 0.70718, 0.708439, 0.709499, 0.709499]
[0.707802, 0.708426, 0.707466, 0.706105, 0.70718, 0.707311, 0.709499, 0.708426]
[0.707577, 0.707466, 0.707466, 0.707335, 0.706955, 0.706052, 0.708852, 0.708426]
[0.706616, 0.707466, 0.706206, 0.707335, 0.706105, 0.704976, 0.707043, 0.706616]
[0.705784, 0.705355, 0.705775, 0.705984, 0.704976, 0.705355, 0.705784, 0.705355]
[0.705784, 0.705355, 0.705553, 0.705984, 0.704976, 0.705784, 0.705784, 0.705355]
[0.705784, 0.705355, 0.705553, 0.705553, 0.704754, 0.704554, 0.705784, 0.705784]
[0.705784, 0.704924, 0.705553, 0.705553, 0.704754, 0.704554, 0.705784, 0.705784]
[0.705355, 0.704702, 0.704702, 0.704322, 0.70347, 0.704554, 0.704554, 0.705133]
[0.705355, 0.704702, 0.704702, 0.703419, 0.702566, 0.704332, 0.704125, 0.703903]
[0.704273, 0.704702, 0.704263, 0.702566, 0.702566, 0.703429, 0.703041, 0.705133]
[0.704273, 0.70384, 0.70336, 0.702127, 0.702566, 0.702137, 0.702137, 0.703369]
[0.702497, 0.702936, 0.702251, 0.701018, 0.701703, 0.701703, 0.702497, 0.702936]
[0.702063, 0.702063, 0.702251, 0.702251, 0.701703, 0.701703, 0.702497, 0.702063]
[0.702063, 0.701614, 0.702251, 0.702251, 0.702936, 0.702063, 0.702063, 0.701614]
[0.702063, 0.701614, 0.701358, 0.702251, 0.702936, 0.702063, 0.702063, 0.701614]
[0.702063, 0.701358, 0.701358, 0.701358, 0.701614, 0.702063, 0.702063, 0.701614]
[0.702063, 0.700923, 0.700923, 0.701358, 0.701358, 0.702063, 0.702063, 0.701179]
[0.702063, 0.700923, 0.700923, 0.700923, 0.701358, 0.702063, 0.7025, 0.700923]
[0.702063, 0.701817, 0.700923, 0.700923, 0.700923, 0.701626, 0.702063, 0.701817]
[0.70142, 0.70138, 0.700923, 0.700923, 0.700923, 0.702063, 0.702063, 0.70138]
[0.701179, 0.700741, 0.700485, 0.700923, 0.700923, 0.701813, 0.702063, 0.70138]
[0.700741, 0.700741, 0.700741, 0.700923, 0.700923, 0.700929, 0.701179, 0.700741]
[0.700467, 0.699738, 0.699738, 0.699613, 0.699701, 0.700655, 0.700217, 0.700409]
[0.699546, 0.699738, 0.699738, 0.69982, 0.699927, 0.699985, 0.699546, 0.699796]
[0.699546, 0.698833, 0.699083, 0.699488, 0.699927, 0.699985, 0.699546, 0.698891]
[0.699142, 0.698929, 0.698875, 0.698624, 0.699269, 0.699327, 0.699142, 0.699142]
[0.698929, 0.698929, 0.699132, 0.698624, 0.699058, 0.699579, 0.698929, 0.698929]
[0.698929, 0.698929, 0.698871, 0.698871, 0.699362, 0.699362, 0.698929, 0.698929]
[0.698929, 0.698929, 0.698929, 0.698871, 0.699362, 0.699362, 0.698929, 0.698929]
[0.698929, 0.698929, 0.698929, 0.698929, 0.699362, 0.699362, 0.698929, 0.698929]
[0.698929, 0.698929, 0.698929, 0.698929, 0.699362, 0.699362, 0.698929, 0.698929]
[0.698151, 0.698151, 0.698929, 0.698929, 0.698585, 0.698585, 0.697244, 0.698929]
[0.697244, 0.698151, 0.697714, 0.698151, 0.698585, 0.697678, 0.697244, 0.698151]
[0.697244, 0.698151, 0.697714, 0.69789, 0.698324, 0.697678, 0.697244, 0.698151]
[0.697244, 0.697714, 0.697453, 0.69789, 0.698324, 0.697428, 0.697244, 0.697244]
[0.697244, 0.696556, 0.697453, 0.69789, 0.697428, 0.697428, 0.696993, 0.696993]
[0.696993, 0.696556, 0.696865, 0.696865, 0.696993, 0.696993, 0.696993, 0.696993]
[0.696993, 0.696556, 0.696865, 0.696875, 0.697014, 0.696993, 0.696993, 0.696556]
[0.696993, 0.695967, 0.696865, 0.696875, 0.696423, 0.697014, 0.696993, 0.696556]
[0.696556, 0.695967, 0.695988, 0.695988, 0.696865, 0.697014, 0.696993, 0.695967]
[0.695988, 0.695988, 0.695988, 0.69509, 0.696427, 0.696423, 0.696423, 0.695988]
[0.696423, 0.695988, 0.695988, 0.695529, 0.694538, 0.695871, 0.696423, 0.695988]
[0.695621, 0.694994, 0.694994, 0.694538, 0.694538, 0.695436, 0.695621, 0.694994]
[0.695621, 0.695189, 0.694732, 0.694538, 0.694538, 0.696066, 0.695621, 0.695189]
[0.696066, 0.695189, 0.69323, 0.693854, 0.693246, 0.69458, 0.69458, 0.695189]
[0.69458, 0.693521, 0.69323, 0.692367, 0.693246, 0.69458, 0.69458, 0.693954]
[0.693954, 0.693076, 0.691743, 0.691743, 0.692367, 0.693682, 0.69458, 0.693954]
[0.692652, 0.690874, 0.690439, 0.690439, 0.691063, 0.69238, 0.693279, 0.690874]
[0.692652, 0.690874, 0.690439, 0.690439, 0.691063, 0.69238, 0.692652, 0.690874]
[0.690874, 0.690874, 0.690439, 0.690439, 0.690439, 0.691501, 0.689916, 0.690874]
[0.690874, 0.690874, 0.690439, 0.690439, 0.690874, 0.690874, 0.690874, 0.690874]
[0.689635, 0.690874, 0.690439, 0.689963, 0.690396, 0.690396, 0.689635, 0.690874]
[0.689177, 0.689156, 0.690396, 0.689963, 0.690396, 0.689177, 0.689177, 0.689156]
[0.689177, 0.689177, 0.690417, 0.689963, 0.690417, 0.689382, 0.689177, 0.689177]
[0.689382, 0.689177, 0.689177, 0.689177, 0.689382, 0.689382, 0.689382, 0.689177]
[0.689382, 0.689382, 0.689382, 0.689382, 0.689382, 0.689382, 0.689382, 0.689382]
[0.689382, 0.689382, 0.689382, 0.689382, 0.689382, 0.689382, 0.689382, 0.689382]
[0.689398, 0.689382, 0.689382, 0.689382, 0.689382, 0.689382, 0.689398, 0.689382]
[0.689398, 0.689398, 0.689382, 0.689382, 0.689382, 0.689398, 0.689398, 0.689398]
[0.689398, 0.689398, 0.689382, 0.689382, 0.689382, 0.689398, 0.689398, 0.689398]
[0.690559, 0.689398, 0.689398, 0.689398, 0.689398, 0.690559, 0.690559, 0.690559]
[0.690559, 0.690559, 0.689398, 0.689398, 0.690559, 0.690559, 0.690559, 0.690559]
[0.690559, 0.690559, 0.690559, 0.690481, 0.690481, 0.690271, 0.690559, 0.690559]
[0.690049, 0.690481, 0.690481, 0.69114, 0.690271, 0.690271, 0.690481, 0.690481]
[0.690049, 0.690481, 0.690481, 0.69114, 0.69093, 0.689596, 0.690049, 0.690481]
[0.689567, 0.690481, 0.69114, 0.69093, 0.690687, 0.689983, 0.689567, 0.69114]
[0.689567, 0.690436, 0.69114, 0.69093, 0.689983, 0.689983, 0.690226, 0.690868]
[0.690226, 0.690226, 0.689963, 0.690658, 0.689983, 0.689113, 0.690226, 0.690226]
[0.689357, 0.690226, 0.689963, 0.690658, 0.689113, 0.689113, 0.689113, 0.690226]
[0.689113, 0.689531, 0.689963, 0.689093, 0.689113, 0.689113, 0.689113, 0.689357]
[0.689113, 0.688661, 0.688661, 0.688661, 0.689113, 0.688839, 0.689113, 0.689357]
[0.689708, 0.689255, 0.688661, 0.688661, 0.688839, 0.688839, 0.688403, 0.688817]
[0.689556, 0.689103, 0.689103, 0.688335, 0.688335, 0.688403, 0.689556, 0.689103]
[0.68886, 0.689103, 0.68929, 0.689047, 0.688181, 0.689556, 0.689556, 0.68886]
[0.68886, 0.68929, 0.68929, 0.689047, 0.689047, 0.689047, 0.68886, 0.689047]
[0.689047, 0.689047, 0.68929, 0.689047, 0.68837, 0.68837, 0.689047, 0.689047]
[0.689047, 0.689047, 0.68929, 0.689047, 0.688759, 0.688316, 0.689047, 0.689047]
[0.687927, 0.689047, 0.689047, 0.688759, 0.687869, 0.688316, 0.688316, 0.689047]
[0.687073, 0.687097, 0.687517, 0.688759, 0.687869, 0.688316, 0.688316, 0.687097]
[0.687073, 0.687517, 0.687517, 0.687517, 0.686626, 0.687073, 0.687073, 0.687517]
[0.687073, 0.687073, 0.687517, 0.686626, 0.686626, 0.687073, 0.687073, 0.687073]
[0.687073, 0.687073, 0.687073, 0.686626, 0.686626, 0.686626, 0.686626, 0.687073]
[0.686626, 0.687073, 0.687073, 0.686209, 0.686209, 0.686209, 0.686626, 0.686626]
[0.686209, 0.686654, 0.686209, 0.686209, 0.686209, 0.685076, 0.686209, 0.686209]
[0.685524, 0.686209, 0.686209, 0.686209, 0.685969, 0.685076, 0.685524, 0.686209]
[0.685524, 0.685762, 0.686209, 0.686209, 0.685524, 0.685076, 0.685076, 0.685762]
[0.685076, 0.685124, 0.685762, 0.685992, 0.685524, 0.685076, 0.685076, 0.685124]
[0.684675, 0.685124, 0.685147, 0.685992, 0.685099, 0.685076, 0.684675, 0.684675]
[0.684675, 0.685147, 0.685147, 0.683802, 0.684698, 0.684675, 0.684675, 0.684675]
[0.685163, 0.685174, 0.684731, 0.683802, 0.683802, 0.685174, 0.685163, 0.684279]
[0.684279, 0.684279, 0.684279, 0.684279, 0.684279, 0.684279, 0.684279, 0.684279]
[0.684279, 0.684279, 0.684279, 0.684279, 0.684279, 0.684279, 0.684279, 0.684279]
[0.684279, 0.684279, 0.684279, 0.684279, 0.684279, 0.684279, 0.684279, 0.684279]
[0.684279, 0.684279, 0.684279, 0.684279, 0.684279, 0.684279, 0.684279, 0.684279]
[0.684279, 0.684279, 0.684279, 0.684279, 0.684279, 0.684279, 0.684279, 0.684279]
[0.683845, 0.683627, 0.684055, 0.684279, 0.684279, 0.684279, 0.683845, 0.684279]
[0.684055, 0.683845, 0.683845, 0.683845, 0.684055, 0.683845, 0.684636, 0.683627]
[0.684636, 0.684626, 0.683845, 0.683845, 0.683845, 0.684843, 0.684636, 0.684626]
[0.684626, 0.684626, 0.684626, 0.684636, 0.684636, 0.684636, 0.684626, 0.684626]
[0.684626, 0.684626, 0.684626, 0.684636, 0.684636, 0.684626, 0.684626, 0.684626]
[0.684284, 0.684284, 0.684256, 0.684256, 0.684284, 0.684626, 0.684626, 0.684284]
[0.684284, 0.684722, 0.684722, 0.684722, 0.684284, 0.684284, 0.684284, 0.684722]
[0.684722, 0.684722, 0.684722, 0.684722, 0.684722, 0.684284, 0.684722, 0.684722]
[0.684722, 0.684722, 0.684522, 0.684722, 0.684722, 0.684722, 0.684722, 0.684722]
[0.684722, 0.684722, 0.684522, 0.684722, 0.684722, 0.684722, 0.684722, 0.684722]
[0.684722, 0.684722, 0.684522, 0.684722, 0.684722, 0.684722, 0.684722, 0.684722]
[0.684722, 0.684722, 0.684522, 0.684722, 0.684722, 0.684722, 0.684722, 0.684722]
[0.684722, 0.684522, 0.684522, 0.684522, 0.684304, 0.684722, 0.684722, 0.684722]
[0.684722, 0.684522, 0.684522, 0.684522, 0.684304, 0.684722, 0.684722, 0.684722]
[0.684722, 0.684522, 0.684522, 0.684522, 0.684304, 0.684722, 0.684722, 0.684522]
[0.684722, 0.684522, 0.684522, 0.684103, 0.684304, 0.685001, 0.684722, 0.684522]
[0.684522, 0.684522, 0.684522, 0.683855, 0.684373, 0.684583, 0.685001, 0.684522]
[0.684791, 0.684522, 0.684522, 0.683855, 0.684373, 0.684583, 0.684791, 0.684791]
[0.684791, 0.684791, 0.684264, 0.684125, 0.683666, 0.684373, 0.684791, 0.684791]
[0.684791, 0.684791, 0.684533, 0.684125, 0.683666, 0.684373, 0.684791, 0.684791]
[0.684791, 0.684791, 0.684533, 0.683666, 0.683666, 0.683914, 0.684791, 0.684791]
[0.684791, 0.684533, 0.684125, 0.683666, 0.683666, 0.683666, 0.684791, 0.684533]
[0.684791, 0.684554, 0.684125, 0.683666, 0.683666, 0.683666, 0.684791, 0.684554]
[0.684533, 0.684554, 0.683666, 0.683666, 0.683666, 0.683955, 0.683666, 0.684554]
[0.683688, 0.683889, 0.683666, 0.683666, 0.683289, 0.683955, 0.683666, 0.683889]
[0.683977, 0.683427, 0.683021, 0.683666, 0.683289, 0.683289, 0.683977, 0.683427]
[0.68331, 0.683021, 0.683021, 0.683289, 0.683289, 0.683289, 0.683977, 0.683021]
[0.68331, 0.68331, 0.683021, 0.683289, 0.683289, 0.683289, 0.68331, 0.68331]
[0.68331, 0.68331, 0.68331, 0.683289, 0.683289, 0.683289, 0.682638, 0.68331]
[0.682638, 0.68331, 0.682616, 0.682573, 0.683289, 0.683289, 0.682638, 0.68331]
[0.681728, 0.682616, 0.682616, 0.682616, 0.683246, 0.682638, 0.681728, 0.682616]
[0.681718, 0.682347, 0.681458, 0.681458, 0.682304, 0.682616, 0.681038, 0.681718]
[0.681448, 0.680559, 0.681458, 0.681458, 0.682304, 0.681718, 0.681038, 0.681448]
[0.681448, 0.680559, 0.680526, 0.680526, 0.682347, 0.681448, 0.680774, 0.680559]
[0.680516, 0.679626, 0.680526, 0.680526, 0.680526, 0.680516, 0.680774, 0.678951]
[0.678951, 0.679626, 0.679626, 0.680062, 0.680062, 0.679841, 0.679841, 0.679626]
[0.679161, 0.679161, 0.679161, 0.680062, 0.67863, 0.67863, 0.678485, 0.679626]
[0.678485, 0.679161, 0.678376, 0.679277, 0.677845, 0.677954, 0.678485, 0.678485]
[0.6777, 0.6777, 0.6777, 0.678376, 0.677845, 0.677169, 0.678485, 0.678485]
[0.677169, 0.6777, 0.6777, 0.677169, 0.677169, 0.677169, 0.677169, 0.6777]
[0.677169, 0.6777, 0.6777, 0.677169, 0.677169, 0.677169, 0.677169, 0.6777]
[0.677169, 0.677169, 0.677169, 0.677169, 0.677169, 0.677169, 0.677169, 0.677169]
[0.677169, 0.677169, 0.677169, 0.677169, 0.677169, 0.677169, 0.677169, 0.677169]
[0.677169, 0.677169, 0.677169, 0.676705, 0.677169, 0.677169, 0.677169, 0.677169]
[0.677169, 0.677169, 0.676705, 0.676705, 0.676705, 0.677169, 0.677169, 0.677169]
[0.677169, 0.677169, 0.676705, 0.676705, 0.676705, 0.677169, 0.677169, 0.677169]
[0.677169, 0.676705, 0.676705, 0.676705, 0.676705, 0.676705, 0.677169, 0.677169]
[0.676705, 0.676705, 0.676705, 0.676705, 0.676705, 0.676705, 0.676705, 0.676705]
[0.676705, 0.676705, 0.676705, 0.676705, 0.676705, 0.676705, 0.676705, 0.676705]
[0.676705, 0.676705, 0.676705, 0.676705, 0.676705, 0.676705, 0.675759, 0.675759]
[0.676705, 0.676705, 0.676705, 0.676705, 0.676705, 0.676705, 0.675759, 0.675759]
[0.675759, 0.676705, 0.676705, 0.676705, 0.676705, 0.676705, 0.675759, 0.675759]
[0.675759, 0.675759, 0.676705, 0.676705, 0.676705, 0.675759, 0.675759, 0.675759]
[0.675759, 0.675759, 0.676705, 0.677188, 0.677188, 0.675759, 0.675759, 0.675759]
[0.674258, 0.675759, 0.676705, 0.677221, 0.677188, 0.675759, 0.675759, 0.675759]
[0.674258, 0.674258, 0.676738, 0.677221, 0.677188, 0.675759, 0.675759, 0.674258]
[0.674258, 0.674258, 0.677221, 0.677221, 0.677221, 0.676242, 0.674258, 0.674258]
[0.674258, 0.674258, 0.677221, 0.677221, 0.677221, 0.676242, 0.674258, 0.674258]
[0.674258, 0.674741, 0.676286, 0.677221, 0.677221, 0.676242, 0.674258, 0.674741]
[0.673781, 0.674785, 0.674785, 0.677221, 0.675327, 0.673781, 0.673781, 0.674741]
[0.673781, 0.673825, 0.673825, 0.675327, 0.675327, 0.673781, 0.673781, 0.673825]
[0.673781, 0.673825, 0.673825, 0.675792, 0.674355, 0.673825, 0.673781, 0.673825]
[0.673781, 0.673825, 0.674291, 0.674291, 0.67482, 0.673825, 0.673781, 0.673825]
[0.673825, 0.673825, 0.674291, 0.673318, 0.673318, 0.674291, 0.673825, 0.674291]
[0.673825, 0.674291, 0.674291, 0.673318, 0.673318, 0.674291, 0.674291, 0.674291]
[0.674291, 0.674291, 0.674291, 0.673318, 0.673318, 0.673318, 0.674291, 0.674291]
[0.674291, 0.674291, 0.674291, 0.673318, 0.673318, 0.673318, 0.674291, 0.674291]
[0.674291, 0.674291, 0.674481, 0.673509, 0.673318, 0.673318, 0.674291, 0.674291]
[0.674291, 0.673767, 0.673509, 0.673509, 0.673318, 0.673318, 0.674291, 0.674291]
[0.674291, 0.673948, 0.672976, 0.673509, 0.673509, 0.673318, 0.674291, 0.673948]
[0.673948, 0.673948, 0.672976, 0.673509, 0.673509, 0.673318, 0.674291, 0.673948]
[0.673948, 0.673948, 0.672976, 0.673509, 0.672819, 0.673509, 0.673948, 0.673948]
[0.673948, 0.673948, 0.672976, 0.672819, 0.672819, 0.672819, 0.673948, 0.673948]
[0.673948, 0.673948, 0.672286, 0.672286, 0.672819, 0.672819, 0.673948, 0.673948]
[0.672976, 0.673948, 0.672286, 0.672286, 0.672286, 0.672286, 0.673948, 0.673948]
[0.672286, 0.672286, 0.672286, 0.672286, 0.672286, 0.672286, 0.672286, 0.673259]
[0.672286, 0.672286, 0.672286, 0.672286, 0.672286, 0.672286, 0.672286, 0.673259]
[0.672286, 0.672286, 0.672286, 0.672286, 0.67275, 0.672286, 0.672286, 0.673259]
[0.672286, 0.670967, 0.670017, 0.672286, 0.67275, 0.672286, 0.672286, 0.673259]
[0.672286, 0.670967, 0.670017, 0.672286, 0.67275, 0.67275, 0.672286, 0.672286]
[0.670956, 0.670967, 0.670017, 0.672286, 0.67275, 0.67275, 0.672275, 0.670956]
[0.670956, 0.670017, 0.670017, 0.671337, 0.67275, 0.673017, 0.672275, 0.670956]
[0.670956, 0.670006, 0.670017, 0.670482, 0.67275, 0.673006, 0.672543, 0.670956]
[0.671224, 0.670006, 0.670017, 0.670482, 0.673017, 0.673006, 0.672543, 0.670006]
[0.671224, 0.670006, 0.670017, 0.670482, 0.673017, 0.673006, 0.672543, 0.670006]
[0.670274, 0.670006, 0.670006, 0.670482, 0.673017, 0.673006, 0.671688, 0.670274]
[0.670274, 0.670274, 0.670006, 0.670749, 0.672057, 0.673006, 0.671688, 0.670274]
[0.670738, 0.670274, 0.670274, 0.670738, 0.672057, 0.673006, 0.670738, 0.670274]
[0.670738, 0.670274, 0.670274, 0.670738, 0.672057, 0.672057, 0.670738, 0.670274]
[0.670738, 0.670274, 0.670738, 0.670738, 0.672057, 0.672057, 0.670738, 0.670274]
[0.670738, 0.669885, 0.67035, 0.670738, 0.672057, 0.672057, 0.672057, 0.67035]
[0.67035, 0.67035, 0.67035, 0.67035, 0.672057, 0.671669, 0.67035, 0.67035]
[0.67035, 0.67035, 0.67035, 0.67035, 0.671669, 0.671669, 0.67035, 0.67035]
[0.670811, 0.67035, 0.67035, 0.67035, 0.671669, 0.671669, 0.67035, 0.67035]
[0.670811, 0.67035, 0.67035, 0.67035, 0.671669, 0.671669, 0.67035, 0.67035]
[0.670683, 0.670811, 0.67035, 0.67035, 0.671669, 0.671669, 0.670811, 0.67035]
[0.670683, 0.670683, 0.670222, 0.670222, 0.671507, 0.671968, 0.670683, 0.670683]
[0.670683, 0.670683, 0.670683, 0.670222, 0.670649, 0.671107, 0.670683, 0.670683]
[0.669823, 0.670683, 0.670683, 0.670683, 0.671107, 0.671107, 0.671107, 0.670683]
[0.669823, 0.670683, 0.670683, 0.669823, 0.671107, 0.671107, 0.671107, 0.669823]
[0.669823, 0.669823, 0.669823, 0.671107, 0.671107, 0.671107, 0.671107, 0.669823]
[0.669823, 0.669823, 0.669823, 0.671107, 0.671107, 0.671107, 0.671107, 0.669823]
[0.669823, 0.669823, 0.669823, 0.671107, 0.671107, 0.671107, 0.671107, 0.669823]
[0.669823, 0.669823, 0.669823, 0.671107, 0.671107, 0.671107, 0.671107, 0.669823]
[0.670111, 0.669823, 0.669823, 0.669823, 0.671107, 0.671107, 0.671107, 0.669823]
[0.670111, 0.669823, 0.669823, 0.669823, 0.671107, 0.671107, 0.670111, 0.669823]
[0.670111, 0.669823, 0.669823, 0.669823, 0.670649, 0.670938, 0.670111, 0.670111]
[0.669653, 0.669653, 0.669364, 0.669364, 0.670649, 0.670938, 0.669653, 0.669653]
[0.669653, 0.669653, 0.669364, 0.669364, 0.669364, 0.669653, 0.669653, 0.669653]
[0.669653, 0.669364, 0.669364, 0.669364, 0.669364, 0.669653, 0.669653, 0.669364]
[0.669653, 0.669653, 0.669364, 0.669364, 0.669364, 0.669653, 0.668539, 0.669653]
[0.668578, 0.669692, 0.669403, 0.669403, 0.669364, 0.668076, 0.668539, 0.668578]
[0.668578, 0.668578, 0.669403, 0.669403, 0.668941, 0.668546, 0.668115, 0.668578]
[0.668115, 0.668578, 0.668289, 0.669403, 0.666919, 0.668546, 0.668546, 0.668578]
[0.668115, 0.668578, 0.668289, 0.667826, 0.667383, 0.667649, 0.668546, 0.668115]
[0.668546, 0.668115, 0.667826, 0.667826, 0.667383, 0.668115, 0.668546, 0.668115]
[0.668546, 0.668386, 0.667826, 0.666452, 0.66736, 0.668115, 0.667649, 0.668115]
[0.668546, 0.668386, 0.66736, 0.666452, 0.666641, 0.666935, 0.667649, 0.668817]
[0.667649, 0.668348, 0.667649, 0.666452, 0.666641, 0.667401, 0.667179, 0.668348]
[0.66745, 0.668077, 0.666741, 0.665733, 0.667107, 0.667401, 0.666466, 0.66745]
[0.666742, 0.668348, 0.666741, 0.666172, 0.666404, 0.666698, 0.666935, 0.66745]
[0.667212, 0.668348, 0.667179, 0.665937, 0.666404, 0.667012, 0.667249, 0.66745]
[0.666821, 0.667056, 0.665793, 0.665969, 0.666436, 0.66673, 0.666821, 0.667056]
[0.666539, 0.666539, 0.665793, 0.665969, 0.66673, 0.66673, 0.666539, 0.666539]
[0.666539, 0.666539, 0.666263, 0.665969, 0.666765, 0.66673, 0.666539, 0.666539]
[0.666539, 0.666539, 0.666539, 0.665969, 0.666765, 0.66673, 0.666539, 0.666539]
[0.666539, 0.666539, 0.666539, 0.666016, 0.666765, 0.666765, 0.666539, 0.666539]
[0.666539, 0.666539, 0.666562, 0.666298, 0.666765, 0.666765, 0.666562, 0.666539]
[0.666539, 0.666539, 0.666539, 0.666298, 0.666765, 0.666765, 0.666562, 0.666365]
[0.666365, 0.666365, 0.666388, 0.666298, 0.666765, 0.666765, 0.666388, 0.666388]
[0.666388, 0.666365, 0.666388, 0.666388, 0.666765, 0.666591, 0.666388, 0.666388]
[0.666388, 0.666388, 0.666388, 0.666388, 0.666591, 0.666591, 0.666388, 0.666388]
[0.666388, 0.666388, 0.666388, 0.666388, 0.666591, 0.666591, 0.666388, 0.666388]
[0.666388, 0.666388, 0.666388, 0.666388, 0.666124, 0.666388, 0.666388, 0.666388]
[0.666388, 0.666388, 0.666388, 0.666388, 0.666124, 0.666388, 0.666388, 0.666388]
[0.666388, 0.666388, 0.666388, 0.666388, 0.666388, 0.666388, 0.666388, 0.666388]
[0.666388, 0.666388, 0.666388, 0.666388, 0.666388, 0.666388, 0.666388, 0.666388]
[0.666388, 0.666388, 0.666388, 0.666388, 0.666388, 0.666388, 0.666388, 0.666388]
[0.666388, 0.666388, 0.665918, 0.666388, 0.666388, 0.665533, 0.666388, 0.666388]
[0.665918, 0.666388, 0.665918, 0.666388, 0.665533, 0.665533, 0.665918, 0.666388]
[0.665918, 0.666388, 0.665918, 0.665918, 0.665533, 0.665533, 0.665918, 0.665918]
[0.665918, 0.665918, 0.665918, 0.665918, 0.665533, 0.665533, 0.665066, 0.665918]
[0.665918, 0.665444, 0.665918, 0.665918, 0.665533, 0.664371, 0.664877, 0.665444]
[0.665729, 0.665444, 0.665918, 0.665066, 0.665533, 0.664371, 0.664877, 0.665255]
[0.664877, 0.665255, 0.665918, 0.665066, 0.665533, 0.664182, 0.664877, 0.665255]
[0.664182, 0.665255, 0.665918, 0.665066, 0.664839, 0.664182, 0.664182, 0.664406]
[0.664182, 0.665255, 0.665729, 0.665066, 0.66465, 0.664182, 0.664182, 0.664406]
[0.664182, 0.665255, 0.665729, 0.664877, 0.66465, 0.664182, 0.664182, 0.664406]
[0.664182, 0.66371, 0.664877, 0.664182, 0.665344, 0.664182, 0.664182, 0.664406]
[0.664182, 0.66371, 0.664877, 0.664182, 0.665344, 0.664877, 0.664182, 0.66371]
[0.66371, 0.66371, 0.664182, 0.664182, 0.665344, 0.664877, 0.664182, 0.66371]
[0.66371, 0.66371, 0.664182, 0.664182, 0.664877, 0.664877, 0.664182, 0.66371]
[0.66371, 0.66371, 0.664182, 0.664877, 0.664877, 0.665344, 0.664182, 0.66371]
[0.66371, 0.664182, 0.664182, 0.664877, 0.664877, 0.665344, 0.664877, 0.66371]
[0.662821, 0.66329, 0.66329, 0.664877, 0.663984, 0.664449, 0.663984, 0.662821]
[0.663516, 0.66329, 0.66329, 0.663984, 0.663984, 0.664449, 0.663984, 0.662821]
[0.663516, 0.66329, 0.663984, 0.663984, 0.663984, 0.664449, 0.663984, 0.66329]
[0.663516, 0.66329, 0.663984, 0.663984, 0.663777, 0.664242, 0.663777, 0.66329]
[0.663309, 0.663984, 0.663774, 0.663568, 0.663777, 0.664242, 0.663309, 0.663777]
[0.663777, 0.663309, 0.663099, 0.663099, 0.662343, 0.664242, 0.663777, 0.663309]
[0.663309, 0.663099, 0.662628, 0.662133, 0.661178, 0.661858, 0.663309, 0.663351]
[0.662397, 0.663142, 0.662175, 0.662175, 0.660211, 0.660891, 0.661388, 0.661221]
[0.660253, 0.661221, 0.660748, 0.659087, 0.660253, 0.660723, 0.660253, 0.661221]
[0.660253, 0.660253, 0.659087, 0.659087, 0.659779, 0.660253, 0.660253, 0.660253]
[0.659779, 0.659561, 0.659087, 0.659087, 0.659087, 0.660253, 0.659779, 0.660253]
[0.659087, 0.659087, 0.659087, 0.659087, 0.659087, 0.659779, 0.659779, 0.659087]
[0.659087, 0.659087, 0.659087, 0.659087, 0.659087, 0.659087, 0.658609, 0.658609]
[0.657673, 0.659087, 0.659087, 0.659087, 0.659087, 0.659087, 0.658609, 0.658609]
[0.657673, 0.657673, 0.660451, 0.660451, 0.660451, 0.659087, 0.657673, 0.657673]
[0.657673, 0.659039, 0.660451, 0.660451, 0.660451, 0.659039, 0.657673, 0.659039]
[0.659039, 0.659039, 0.659517, 0.660451, 0.660451, 0.659039, 0.659039, 0.659039]
[0.659039, 0.658535, 0.659039, 0.659039, 0.659517, 0.659039, 0.659039, 0.658535]
[0.659039, 0.658056, 0.658056, 0.659039, 0.658557, 0.659039, 0.659039, 0.658535]
[0.658056, 0.658056, 0.658056, 0.659039, 0.658557, 0.658557, 0.659039, 0.658056]
[0.658056, 0.658457, 0.658056, 0.658557, 0.658557, 0.658557, 0.658759, 0.658759]
[0.657998, 0.657696, 0.658457, 0.658759, 0.65926, 0.658578, 0.658074, 0.657696]
[0.657313, 0.657696, 0.657214, 0.658277, 0.65926, 0.658578, 0.657313, 0.657696]
[0.657313, 0.657696, 0.657214, 0.657515, 0.657884, 0.656504, 0.657313, 0.657011]
[0.657011, 0.657011, 0.657214, 0.657189, 0.656504, 0.656504, 0.657313, 0.657011]
[0.656202, 0.656507, 0.655218, 0.656504, 0.656504, 0.656504, 0.656504, 0.657011]
[0.656202, 0.655698, 0.656156, 0.656957, 0.656504, 0.656504, 0.656504, 0.656202]
[0.656202, 0.656156, 0.655676, 0.656458, 0.656957, 0.656504, 0.656957, 0.656655]
[0.656156, 0.656156, 0.656156, 0.656156, 0.656957, 0.656957, 0.656655, 0.656156]
[0.655676, 0.656156, 0.656156, 0.656156, 0.656458, 0.656477, 0.656632, 0.656632]
[0.656156, 0.656156, 0.655676, 0.655676, 0.656458, 0.656477, 0.656156, 0.656632]
[0.656156, 0.655676, 0.655676, 0.655676, 0.655509, 0.655509, 0.656156, 0.656156]
[0.656156, 0.656156, 0.655676, 0.655202, 0.655509, 0.655509, 0.656156, 0.656156]
[0.655445, 0.656156, 0.655194, 0.655202, 0.655509, 0.654797, 0.65497, 0.656156]
[0.655445, 0.656156, 0.655194, 0.654719, 0.655509, 0.654797, 0.65497, 0.65497]
[0.65497, 0.65497, 0.654719, 0.654719, 0.654797, 0.65449, 0.65497, 0.65497]
[0.65497, 0.65449, 0.654006, 0.654006, 0.65449, 0.65449, 0.65497, 0.65497]
[0.653096, 0.653783, 0.653302, 0.653302, 0.65284, 0.653805, 0.65426, 0.653783]
[0.652618, 0.652618, 0.652618, 0.652136, 0.652136, 0.653096, 0.653096, 0.652618]
[0.652618, 0.652618, 0.652618, 0.651417, 0.651417, 0.653096, 0.652618, 0.652618]
[0.652618, 0.652618, 0.651899, 0.651417, 0.651417, 0.65285, 0.652618, 0.651899]
[0.652618, 0.651899, 0.651899, 0.651417, 0.651651, 0.652136, 0.651899, 0.651899]
[0.651899, 0.651899, 0.651899, 0.651899, 0.652136, 0.652136, 0.652136, 0.651899]
[0.652136, 0.651899, 0.651899, 0.651899, 0.652136, 0.652136, 0.652136, 0.651899]
[0.651668, 0.651899, 0.651899, 0.651035, 0.651267, 0.651668, 0.652136, 0.651899]
[0.650799, 0.650481, 0.650481, 0.651267, 0.651267, 0.650799, 0.651668, 0.652342]
[0.651004, 0.650715, 0.650481, 0.650715, 0.650799, 0.650799, 0.651004, 0.650715]
[0.649946, 0.650244, 0.650715, 0.650233, 0.650244, 0.649946, 0.649946, 0.650244]
[0.649946, 0.650244, 0.650233, 0.650233, 0.649765, 0.649946, 0.649946, 0.650244]
[0.649946, 0.649765, 0.649765, 0.649765, 0.649765, 0.649467, 0.649467, 0.649467]
[0.649467, 0.649051, 0.649765, 0.649765, 0.649765, 0.649467, 0.649467, 0.649467]
[0.647483, 0.647483, 0.649051, 0.649051, 0.648497, 0.648199, 0.647483, 0.647483]
[0.647483, 0.647483, 0.647782, 0.647782, 0.647483, 0.646217, 0.647483, 0.647483]
[0.647176, 0.647176, 0.647782, 0.647462, 0.647176, 0.645904, 0.645904, 0.647176]
[0.647176, 0.647176, 0.647462, 0.647462, 0.647176, 0.645904, 0.645904, 0.647176]
[0.647176, 0.647176, 0.647462, 0.647462, 0.647176, 0.645904, 0.645904, 0.647176]
[0.645904, 0.648075, 0.647462, 0.647677, 0.645904, 0.645904, 0.645904, 0.648075]
[0.645904, 0.648075, 0.648576, 0.647677, 0.64612, 0.645904, 0.646803, 0.646803]
[0.646803, 0.648075, 0.648576, 0.647677, 0.64612, 0.645904, 0.646803, 0.646803]
[0.646803, 0.648075, 0.648576, 0.648576, 0.64612, 0.645904, 0.646803, 0.646803]
[0.646803, 0.648075, 0.648576, 0.648576, 0.64612, 0.646803, 0.646803, 0.646803]
[0.645381, 0.648078, 0.648363, 0.647464, 0.646811, 0.646595, 0.645381, 0.646595]
[0.645381, 0.646811, 0.647464, 0.647464, 0.646811, 0.64562, 0.645381, 0.64562]
[0.64562, 0.645906, 0.647464, 0.647882, 0.646197, 0.64562, 0.64562, 0.64562]
[0.64562, 0.64562, 0.646429, 0.646197, 0.644721, 0.64562, 0.64562, 0.644721]
[0.645584, 0.644841, 0.645126, 0.643815, 0.643529, 0.644429, 0.645584, 0.644685]
[0.644393, 0.643934, 0.643934, 0.643778, 0.643815, 0.643493, 0.644393, 0.643649]
[0.644427, 0.643969, 0.643934, 0.644352, 0.643778, 0.64421, 0.64421, 0.644366]
[0.643528, 0.643969, 0.643969, 0.643969, 0.643813, 0.643528, 0.643528, 0.643969]
[0.643969, 0.643969, 0.643969, 0.643969, 0.643813, 0.643813, 0.643813, 0.643969]
[0.643969, 0.643969, 0.643969, 0.643969, 0.643813, 0.643813, 0.643969, 0.643969]
[0.643442, 0.644159, 0.644159, 0.643442, 0.643442, 0.643286, 0.643252, 0.643969]
[0.643442, 0.643442, 0.643442, 0.643442, 0.643442, 0.643442, 0.643442, 0.643442]
[0.643442, 0.644712, 0.644712, 0.644712, 0.644712, 0.643442, 0.643442, 0.643442]
[0.644712, 0.644712, 0.644712, 0.644712, 0.644712, 0.644712, 0.644712, 0.644712]
[0.644712, 0.644712, 0.644712, 0.644712, 0.644712, 0.644712, 0.644712, 0.644712]
[0.644712, 0.644712, 0.64526, 0.64526, 0.64526, 0.644842, 0.644842, 0.644712]
[0.64532, 0.64526, 0.64526, 0.64526, 0.64539, 0.645868, 0.64532, 0.644712]
[0.645179, 0.64457, 0.64457, 0.64526, 0.64539, 0.645868, 0.645179, 0.6447]
[0.645242, 0.645242, 0.644633, 0.644763, 0.645868, 0.645242, 0.645242, 0.645242]
[0.645242, 0.645242, 0.644763, 0.644763, 0.645242, 0.645242, 0.645242, 0.645242]
[0.645242, 0.645242, 0.645242, 0.645242, 0.645242, 0.645242, 0.645242, 0.645242]
[0.645242, 0.645242, 0.645242, 0.645242, 0.645242, 0.645242, 0.645242, 0.645242]
[0.645242, 0.645242, 0.645242, 0.645242, 0.645242, 0.645242, 0.645242, 0.645242]
[0.645242, 0.645242, 0.645242, 0.645242, 0.645242, 0.645242, 0.645242, 0.645242]
[0.644227, 0.645242, 0.645242, 0.645242, 0.645242, 0.645242, 0.644227, 0.645242]
[0.644227, 0.644227, 0.645242, 0.645242, 0.645242, 0.644227, 0.644227, 0.644227]
[0.644227, 0.644227, 0.645242, 0.645242, 0.645242, 0.644227, 0.644227, 0.644227]
[0.644227, 0.644227, 0.644227, 0.645242, 0.644227, 0.644227, 0.644227, 0.644227]
[0.644227, 0.644227, 0.644227, 0.644227, 0.644703, 0.644703, 0.644227, 0.644227]
[0.643914, 0.644227, 0.644227, 0.644703, 0.644703, 0.64439, 0.643914, 0.644227]
[0.64439, 0.643914, 0.644227, 0.644483, 0.64439, 0.64439, 0.64439, 0.643914]
[0.64439, 0.64439, 0.64417, 0.64417, 0.64439, 0.64439, 0.64439, 0.643914]
[0.64439, 0.64439, 0.64417, 0.64417, 0.64417, 0.64439, 0.64439, 0.64439]
[0.64439, 0.64439, 0.64417, 0.64417, 0.64417, 0.64439, 0.64439, 0.64439]
[0.64439, 0.64417, 0.64417, 0.64417, 0.643679, 0.6439, 0.64439, 0.64439]
[0.643679, 0.64417, 0.64417, 0.643679, 0.643679, 0.643679, 0.643679, 0.64417]
[0.643679, 0.642703, 0.643392, 0.643392, 0.643392, 0.643679, 0.643679, 0.642703]
[0.643392, 0.64294, 0.64363, 0.64363, 0.64363, 0.64363, 0.643392, 0.642703]
[0.64363, 0.64294, 0.64363, 0.64363, 0.644088, 0.644088, 0.64363, 0.64294]
[0.644088, 0.64294, 0.64294, 0.644088, 0.644088, 0.644088, 0.644088, 0.64294]
[0.644088, 0.643399, 0.643399, 0.644088, 0.644088, 0.644088, 0.644088, 0.643399]
[0.643822, 0.643822, 0.643822, 0.644512, 0.644512, 0.644512, 0.643822, 0.643822]
[0.642, 0.643822, 0.643822, 0.644512, 0.644512, 0.643954, 0.642, 0.643822]
[0.642, 0.642, 0.644103, 0.644512, 0.644512, 0.643954, 0.642, 0.642]
[0.640983, 0.641264, 0.644103, 0.644103, 0.643954, 0.642685, 0.642, 0.641264]
[0.641264, 0.641264, 0.641264, 0.642535, 0.642929, 0.640983, 0.641264, 0.641264]
[0.641462, 0.641264, 0.641264, 0.642244, 0.640973, 0.64194, 0.641462, 0.641462]
[0.64194, 0.641462, 0.641462, 0.641171, 0.641171, 0.641649, 0.64194, 0.641462]
[0.64194, 0.64194, 0.641462, 0.641171, 0.640953, 0.640953, 0.64194, 0.64194]
[0.64194, 0.64194, 0.641462, 0.641171, 0.640953, 0.641425, 0.642414, 0.64194]
[0.641715, 0.642414, 0.641462, 0.640478, 0.641425, 0.641425, 0.641715, 0.642414]
[0.641025, 0.641025, 0.641244, 0.640953, 0.641425, 0.641425, 0.641025, 0.641025]
[0.641025, 0.641025, 0.640262, 0.640953, 0.641425, 0.640735, 0.641025, 0.641025]
[0.640065, 0.640065, 0.639297, 0.640262, 0.639769, 0.639769, 0.640065, 0.640065]
[0.640065, 0.640065, 0.639297, 0.639297, 0.639769, 0.639769, 0.639769, 0.640065]
[0.639769, 0.639769, 0.639297, 0.639297, 0.639769, 0.640459, 0.639769, 0.639769]
[0.639769, 0.639769, 0.639297, 0.639297, 0.640459, 0.640459, 0.640459, 0.639769]
[0.640459, 0.639297, 0.639297, 0.639297, 0.640459, 0.640459, 0.640459, 0.640459]
[0.640459, 0.639988, 0.639988, 0.639988, 0.640459, 0.640459, 0.640459, 0.640459]
[0.640459, 0.639988, 0.639988, 0.639988, 0.640459, 0.640459, 0.640459, 0.639988]
[0.640459, 0.639988, 0.639988, 0.639988, 0.639988, 0.640459, 0.640459, 0.639988]
[0.639988, 0.639988, 0.639988, 0.639988, 0.639988, 0.640459, 0.640459, 0.639988]
[0.639988, 0.639988, 0.639988, 0.639988, 0.639988, 0.640459, 0.640459, 0.639988]
[0.639988, 0.639988, 0.639988, 0.639988, 0.639988, 0.639988, 0.639988, 0.639988]
[0.640342, 0.640329, 0.640329, 0.640342, 0.640342, 0.640342, 0.640814, 0.640329]
[0.640684, 0.640684, 0.640684, 0.640684, 0.640342, 0.640342, 0.640342, 0.640684]
[0.640684, 0.640684, 0.640684, 0.640824, 0.640482, 0.640342, 0.640684, 0.640684]
[0.641996, 0.641996, 0.640824, 0.640824, 0.640824, 0.640824, 0.641996, 0.641996]
[0.642136, 0.642136, 0.642136, 0.640824, 0.640824, 0.642136, 0.642136, 0.642136]
[0.643027, 0.643027, 0.642136, 0.642136, 0.642136, 0.642136, 0.643027, 0.643027]
[0.643027, 0.643027, 0.643027, 0.643027, 0.643027, 0.643027, 0.643027, 0.643027]
[0.643027, 0.643027, 0.643027, 0.643027, 0.643027, 0.643027, 0.643027, 0.643027]
[0.643027, 0.643027, 0.643027, 0.643027, 0.643027, 0.643027, 0.643027, 0.643027]
[0.643027, 0.643027, 0.643027, 0.643027, 0.643027, 0.643027, 0.643027, 0.643027]
[0.643027, 0.643027, 0.643027, 0.643027, 0.643027, 0.643027, 0.643027, 0.643027]
[0.643027, 0.643027, 0.643027, 0.643027, 0.643027, 0.643027, 0.643027, 0.643027]
[0.643027, 0.643027, 0.643716, 0.643716, 0.643027, 0.643027, 0.643027, 0.643027]
[0.643027, 0.643716, 0.643716, 0.643716, 0.643716, 0.643027, 0.643027, 0.643716]
[0.642672, 0.642672, 0.642672, 0.642672, 0.642672, 0.642672, 0.642672, 0.642672]
[0.642672, 0.642672, 0.642672, 0.642672, 0.642672, 0.642672, 0.642672, 0.642672]
[0.642672, 0.642672, 0.642672, 0.642672, 0.642672, 0.642672, 0.642672, 0.642672]
[0.642672, 0.642672, 0.642672, 0.642672, 0.642672, 0.643572, 0.643572, 0.642672]
[0.643572, 0.642672, 0.643674, 0.643674, 0.643572, 0.643572, 0.643572, 0.642672]
[0.643572, 0.642672, 0.643674, 0.643674, 0.643572, 0.643572, 0.643572, 0.642672]
[0.643419, 0.64346, 0.64353, 0.643674, 0.644573, 0.643419, 0.643419, 0.643419]
[0.644719, 0.64435, 0.64346, 0.64442, 0.64442, 0.643718, 0.643718, 0.64435]
[0.644649, 0.644649, 0.64435, 0.643944, 0.644244, 0.644719, 0.643718, 0.644649]
[0.644649, 0.644649, 0.644649, 0.644244, 0.644244, 0.644719, 0.644719, 0.644649]
[0.644649, 0.644649, 0.644173, 0.644244, 0.644244, 0.644244, 0.644649, 0.644649]
[0.644649, 0.644649, 0.644173, 0.644173, 0.644244, 0.644244, 0.644649, 0.644649]
[0.645054, 0.644575, 0.644575, 0.644173, 0.644244, 0.644244, 0.645054, 0.645054]
[0.644575, 0.644575, 0.644575, 0.644575, 0.644646, 0.644646, 0.644575, 0.644575]
[0.644575, 0.644575, 0.644575, 0.644575, 0.644646, 0.645054, 0.644575, 0.644575]
[0.644575, 0.644575, 0.644575, 0.644575, 0.644575, 0.645054, 0.644575, 0.644575]
[0.644575, 0.644575, 0.644575, 0.644575, 0.644575, 0.644575, 0.644575, 0.644575]
[0.644575, 0.644575, 0.644575, 0.644575, 0.644575, 0.645054, 0.645054, 0.644575]
[0.644575, 0.644575, 0.644575, 0.644575, 0.644575, 0.645054, 0.645054, 0.644575]
[0.644575, 0.644575, 0.644575, 0.644575, 0.644575, 0.645054, 0.645054, 0.644575]
[0.645054, 0.644914, 0.644914, 0.644914, 0.644575, 0.645054, 0.645054, 0.644914]
[0.645392, 0.644914, 0.644914, 0.644914, 0.644914, 0.644914, 0.645392, 0.645392]
[0.644914, 0.645392, 0.644914, 0.644914, 0.645392, 0.644914, 0.644914, 0.644978]
[0.644914, 0.644978, 0.644914, 0.644914, 0.644914, 0.644914, 0.644914, 0.644978]
[0.644502, 0.644502, 0.645392, 0.645392, 0.644914, 0.644914, 0.644502, 0.644502]
[0.644502, 0.644502, 0.644978, 0.644914, 0.644914, 0.644914, 0.644502, 0.644502]
[0.644502, 0.644502, 0.644502, 0.644914, 0.644914, 0.644914, 0.644502, 0.644502]
[0.644502, 0.644502, 0.644502, 0.644914, 0.644914, 0.644914, 0.644502, 0.644502]
[0.644502, 0.644502, 0.644502, 0.644914, 0.644914, 0.645461, 0.645052, 0.644502]
[0.645052, 0.645052, 0.644502, 0.644914, 0.645461, 0.645461, 0.645052, 0.645052]
[0.645052, 0.644363, 0.644363, 0.645052, 0.645461, 0.645052, 0.645052, 0.644363]
[0.644363, 0.644363, 0.644363, 0.644363, 0.645602, 0.645193, 0.644363, 0.644363]
[0.644363, 0.644363, 0.644363, 0.644504, 0.644912, 0.644504, 0.644363, 0.644363]
[0.644504, 0.644363, 0.644363, 0.644504, 0.644912, 0.644504, 0.644504, 0.644363]
[0.644504, 0.644363, 0.644363, 0.644504, 0.644504, 0.644504, 0.644504, 0.644363]
[0.644504, 0.644504, 0.644504, 0.644504, 0.644504, 0.644504, 0.644504, 0.644504]
[0.644504, 0.644504, 0.644504, 0.644504, 0.644504, 0.644504, 0.644504, 0.644504]
[0.644504, 0.644504, 0.644504, 0.644504, 0.644504, 0.644504, 0.644504, 0.644504]
[0.644504, 0.644504, 0.644309, 0.644309, 0.644504, 0.644504, 0.644504, 0.644504]
[0.644504, 0.644309, 0.644309, 0.644309, 0.644309, 0.644504, 0.644504, 0.644504]
[0.644504, 0.644309, 0.644309, 0.644309, 0.644309, 0.644504, 0.644504, 0.644309]
[0.644309, 0.644309, 0.644309, 0.644309, 0.644309, 0.644309, 0.644309, 0.644309]
[0.644309, 0.644309, 0.644309, 0.644309, 0.644309, 0.644309, 0.644309, 0.644309]
[0.64463, 0.64463, 0.64463, 0.644309, 0.644309, 0.644309, 0.642895, 0.64463]
[0.643215, 0.64463, 0.64463, 0.644309, 0.644309, 0.642895, 0.642895, 0.643215]
[0.643215, 0.643059, 0.644474, 0.643215, 0.642895, 0.642895, 0.643215, 0.643215]
[0.643215, 0.643059, 0.643059, 0.643215, 0.642895, 0.643215, 0.643215, 0.643059]
[0.643059, 0.643059, 0.643059, 0.643059, 0.642895, 0.643215, 0.643059, 0.643059]
[0.643059, 0.641753, 0.641753, 0.641753, 0.643215, 0.643215, 0.643059, 0.641753]
[0.641753, 0.641753, 0.641753, 0.641753, 0.643059, 0.643059, 0.643059, 0.641753]
[0.641753, 0.641753, 0.641753, 0.641753, 0.641753, 0.643059, 0.641753, 0.641753]
[0.641753, 0.641753, 0.641753, 0.641753, 0.641753, 0.641753, 0.641753, 0.641753]
[0.641753, 0.641753, 0.641753, 0.641753, 0.641753, 0.641753, 0.641753, 0.641753]
[0.641753, 0.641753, 0.641753, 0.641753, 0.641753, 0.641753, 0.641753, 0.641753]
[0.641753, 0.641753, 0.641753, 0.641753, 0.641753, 0.641753, 0.641753, 0.641753]
[0.641753, 0.641753, 0.641753, 0.641753, 0.641753, 0.641753, 0.641753, 0.641753]
[0.641753, 0.641753, 0.641753, 0.641753, 0.641753, 0.641753, 0.641753, 0.641753]
[0.641753, 0.641753, 0.641753, 0.641572, 0.641753, 0.641753, 0.641753, 0.641753]
[0.641753, 0.641753, 0.641572, 0.641572, 0.641753, 0.641753, 0.641753, 0.641753]
[0.641753, 0.64273, 0.642549, 0.641572, 0.641572, 0.641753, 0.641753, 0.641753]
[0.641753, 0.642549, 0.642549, 0.642549, 0.641572, 0.641572, 0.641753, 0.642549]
[0.642549, 0.642549, 0.642549, 0.642549, 0.641572, 0.641572, 0.641572, 0.642549]
[0.642549, 0.643218, 0.643218, 0.642549, 0.642549, 0.641572, 0.642549, 0.642549]
[0.643218, 0.643218, 0.643218, 0.643218, 0.642549, 0.642549, 0.643218, 0.643218]
[0.643218, 0.642517, 0.642517, 0.642937, 0.643218, 0.643218, 0.643218, 0.643218]
[0.642517, 0.642517, 0.642236, 0.642236, 0.642937, 0.643218, 0.643218, 0.642517]
[0.642819, 0.642537, 0.642236, 0.642236, 0.642537, 0.642537, 0.642819, 0.642819]
[0.642537, 0.642537, 0.642537, 0.642537, 0.642537, 0.642537, 0.642537, 0.642537]
[0.642537, 0.642537, 0.642537, 0.642537, 0.642537, 0.642537, 0.642537, 0.642537]
[0.642322, 0.642322, 0.642322, 0.642537, 0.642537, 0.642537, 0.642322, 0.642322]
[0.642322, 0.642322, 0.642322, 0.642322, 0.642322, 0.642322, 0.642322, 0.642322]
[0.642322, 0.642322, 0.642322, 0.642322, 0.642322, 0.642322, 0.642322, 0.642322]
[0.642322, 0.642322, 0.642322, 0.642322, 0.642322, 0.642322, 0.642322, 0.642322]
[0.642322, 0.642322, 0.642322, 0.642322, 0.642322, 0.642322, 0.642322, 0.642322]
[0.642322, 0.642322, 0.642322, 0.642322, 0.642322, 0.642322, 0.642322, 0.642322]
[0.642322, 0.642322, 0.642322, 0.642322, 0.642322, 0.642322, 0.642322, 0.642322]
[0.642322, 0.642322, 0.642322, 0.642322, 0.642322, 0.642322, 0.642322, 0.642322]
[0.642322, 0.642322, 0.642322, 0.642322, 0.642322, 0.642322, 0.642343, 0.642322]
[0.642343, 0.642322, 0.642322, 0.642322, 0.642322, 0.642343, 0.642343, 0.642343]
[0.642343, 0.642343, 0.642322, 0.642322, 0.642322, 0.642343, 0.642343, 0.642343]
[0.642343, 0.641125, 0.641125, 0.642343, 0.642343, 0.642343, 0.642343, 0.641125]
[0.641125, 0.641125, 0.641125, 0.641125, 0.642343, 0.642343, 0.642343, 0.641125]
[0.641125, 0.641125, 0.641125, 0.641125, 0.642343, 0.642343, 0.641125, 0.641125]
[0.641125, 0.641125, 0.641125, 0.641125, 0.640214, 0.640214, 0.640214, 0.641125]
[0.640214, 0.64091, 0.641125, 0.640214, 0.640214, 0.640214, 0.640214, 0.639988]
[0.640214, 0.639988, 0.640214, 0.640214, 0.640214, 0.640214, 0.640214, 0.639988]
[0.639988, 0.639988, 0.640214, 0.639827, 0.639827, 0.639827, 0.640214, 0.639988]
[0.639601, 0.639601, 0.639601, 0.639827, 0.639827, 0.639827, 0.639601, 0.639601]
[0.639601, 0.639601, 0.639601, 0.639827, 0.639827, 0.639827, 0.639601, 0.639601]
[0.639601, 0.639601, 0.639601, 0.639827, 0.639827, 0.639827, 0.639601, 0.639601]
[0.639601, 0.639601, 0.639601, 0.639601, 0.639827, 0.639827, 0.639601, 0.639601]
[0.639601, 0.639601, 0.639601, 0.639601, 0.639827, 0.639827, 0.639601, 0.639601]
[0.639601, 0.639601, 0.639601, 0.639601, 0.639827, 0.639601, 0.639601, 0.639601]
[0.639812, 0.639812, 0.639601, 0.639601, 0.639601, 0.639601, 0.639812, 0.639812]
[0.640098, 0.640098, 0.639812, 0.638298, 0.638298, 0.638508, 0.638508, 0.639812]
[0.638795, 0.638795, 0.638508, 0.638508, 0.638508, 0.638508, 0.638795, 0.638795]
[0.638795, 0.638795, 0.638795, 0.638508, 0.638157, 0.638157, 0.638795, 0.638795]
[0.638795, 0.638795, 0.638795, 0.638508, 0.638157, 0.638444, 0.638444, 0.638795]
[0.638444, 0.638795, 0.638795, 0.638157, 0.638157, 0.638444, 0.638444, 0.638795]
[0.638444, 0.638444, 0.638444, 0.638444, 0.638157, 0.638444, 0.638444, 0.638444]
[0.638444, 0.638444, 0.638444, 0.638444, 0.638444, 0.638444, 0.638444, 0.638444]
[0.638444, 0.638444, 0.638444, 0.638444, 0.638444, 0.638444, 0.638444, 0.638444]
[0.638444, 0.638444, 0.638444, 0.638444, 0.638444, 0.638444, 0.638444, 0.638444]
[0.637964, 0.637964, 0.637964, 0.637964, 0.638444, 0.638444, 0.638444, 0.637964]
[0.637964, 0.637964, 0.637964, 0.637964, 0.637964, 0.637964, 0.637964, 0.637964]
[0.637964, 0.637964, 0.637964, 0.637964, 0.637964, 0.637964, 0.637235, 0.637235]
[0.637235, 0.637235, 0.637235, 0.637964, 0.637964, 0.637235, 0.637235, 0.637235]
[0.637964, 0.637964, 0.637964, 0.637964, 0.637964, 0.637964, 0.637235, 0.637235]
[0.637235, 0.637235, 0.637235, 0.637235, 0.637235, 0.637235, 0.637235, 0.637235]
[0.637235, 0.637235, 0.637235, 0.637235, 0.637235, 0.637235, 0.637235, 0.637235]
[0.637235, 0.637235, 0.637235, 0.637235, 0.637235, 0.637235, 0.637235, 0.637235]
[0.637235, 0.637235, 0.637235, 0.637235, 0.637235, 0.637235, 0.637235, 0.637235]
[0.637008, 0.637008, 0.637008, 0.637008, 0.636699, 0.637008, 0.637008, 0.637235]
[0.637008, 0.637008, 0.637008, 0.636699, 0.636699, 0.636699, 0.637008, 0.637008]
[0.636699, 0.636699, 0.636699, 0.636699, 0.636699, 0.636699, 0.636699, 0.636699]
[0.636699, 0.636699, 0.636699, 0.636714, 0.636699, 0.636699, 0.636699, 0.636699]
[0.636699, 0.636699, 0.637039, 0.636714, 0.636714, 0.636699, 0.636699, 0.636699]
[0.637023, 0.637039, 0.637039, 0.637039, 0.637039, 0.637023, 0.637023, 0.637023]
[0.636204, 0.636215, 0.636215, 0.636215, 0.636215, 0.636694, 0.636204, 0.636215]
[0.636215, 0.636215, 0.636215, 0.636215, 0.636694, 0.636694, 0.636215, 0.636215]
[0.636215, 0.636911, 0.636911, 0.636215, 0.637385, 0.636694, 0.636215, 0.636215]
[0.636215, 0.636911, 0.636911, 0.636215, 0.637385, 0.636694, 0.636215, 0.636911]
[0.636911, 0.636911, 0.635321, 0.635321, 0.637385, 0.636694, 0.636694, 0.636911]
[0.634622, 0.634622, 0.635321, 0.635321, 0.635801, 0.635997, 0.635801, 0.635321]
[0.635103, 0.634622, 0.634622, 0.635321, 0.635801, 0.634399, 0.635103, 0.634622]
[0.635103, 0.634622, 0.634622, 0.634622, 0.635103, 0.634399, 0.634399, 0.634622]
[0.634399, 0.634622, 0.634622, 0.635103, 0.635103, 0.634399, 0.634399, 0.635103]
[0.634399, 0.634622, 0.634622, 0.635103, 0.634399, 0.634399, 0.634399, 0.635103]
[0.634399, 0.635103, 0.635103, 0.635103, 0.634399, 0.634399, 0.634399, 0.635103]
[0.634399, 0.635103, 0.635103, 0.635103, 0.634399, 0.634399, 0.634399, 0.635103]
[0.634399, 0.635103, 0.635103, 0.635103, 0.634399, 0.634399, 0.634399, 0.634399]
[0.633883, 0.634588, 0.634588, 0.634588, 0.634399, 0.634399, 0.633883, 0.633883]
[0.633883, 0.633883, 0.634588, 0.634588, 0.633883, 0.633883, 0.633883, 0.633883]
[0.633883, 0.633883, 0.634588, 0.633883, 0.633883, 0.633883, 0.633883, 0.633883]
[0.633883, 0.633883, 0.633883, 0.633883, 0.633883, 0.633883, 0.633883, 0.633883]
[0.633883, 0.633883, 0.633883, 0.633883, 0.633883, 0.633883, 0.633883, 0.633883]
[0.633883, 0.633883, 0.633883, 0.633883, 0.633883, 0.633883, 0.633883, 0.633649]
[0.633649, 0.633649, 0.633883, 0.633883, 0.633883, 0.633745, 0.633649, 0.633649]
[0.633649, 0.633789, 0.633649, 0.633883, 0.633745, 0.63351, 0.63351, 0.633649]
[0.63351, 0.633789, 0.633789, 0.633649, 0.63351, 0.63351, 0.63351, 0.633649]
[0.63351, 0.633789, 0.633789, 0.633649, 0.63351, 0.63351, 0.63351, 0.633635]
[0.633635, 0.633635, 0.633789, 0.633635, 0.63351, 0.63351, 0.63351, 0.633635]
[0.633635, 0.633789, 0.633789, 0.633635, 0.63351, 0.63351, 0.633635, 0.633635]
[0.633635, 0.633635, 0.633789, 0.633635, 0.63351, 0.63351, 0.633635, 0.633635]
[0.633635, 0.633635, 0.633635, 0.633635, 0.633635, 0.63351, 0.633635, 0.633635]
[0.633635, 0.633635, 0.633635, 0.633635, 0.633635, 0.633635, 0.633635, 0.633635]
[0.633635, 0.633635, 0.633635, 0.633635, 0.633635, 0.633635, 0.633635, 0.633635]
[0.633635, 0.634683, 0.634683, 0.634683, 0.633635, 0.633635, 0.633635, 0.634683]
[0.634756, 0.634756, 0.634925, 0.634852, 0.634852, 0.634852, 0.634756, 0.634756]
[0.634391, 0.634391, 0.634925, 0.634925, 0.634852, 0.634319, 0.634391, 0.634391]
[0.634134, 0.634391, 0.634391, 0.634925, 0.634391, 0.634391, 0.634134, 0.634391]
[0.633796, 0.634053, 0.634053, 0.634391, 0.634391, 0.634391, 0.633796, 0.633796]
[0.633796, 0.634053, 0.634053, 0.634053, 0.634391, 0.633796, 0.633796, 0.633796]
[0.633796, 0.633796, 0.633359, 0.634053, 0.634053, 0.633796, 0.633796, 0.633796]
[0.633103, 0.633388, 0.633614, 0.633359, 0.633359, 0.633796, 0.633103, 0.633103]
[0.633103, 0.633388, 0.633614, 0.633614, 0.633359, 0.633103, 0.633103, 0.633388]
[0.634662, 0.633517, 0.632818, 0.632914, 0.633388, 0.634662, 0.634662, 0.634791]
[0.634791, 0.634092, 0.632818, 0.632818, 0.633963, 0.634662, 0.634791, 0.634791]
[0.634092, 0.634092, 0.634092, 0.634092, 0.634092, 0.634092, 0.634092, 0.634092]
[0.633028, 0.633028, 0.63326, 0.63326, 0.634092, 0.634092, 0.634092, 0.633028]
[0.63326, 0.63326, 0.632784, 0.63326, 0.63326, 0.633028, 0.633028, 0.63326]
[0.63326, 0.63326, 0.632304, 0.632304, 0.63326, 0.63326, 0.63326, 0.63326]
[0.63326, 0.63126, 0.630779, 0.632304, 0.63326, 0.63326, 0.63326, 0.63326]
[0.63326, 0.630946, 0.630946, 0.630946, 0.632784, 0.63344, 0.63344, 0.632784]
[0.63313, 0.630946, 0.630946, 0.630946, 0.632651, 0.63313, 0.633606, 0.631126]
[0.631126, 0.631126, 0.630946, 0.631126, 0.632651, 0.63313, 0.63313, 0.631126]
[0.631126, 0.631126, 0.631126, 0.631126, 0.632651, 0.632651, 0.631126, 0.631126]
[0.631126, 0.631126, 0.631126, 0.631126, 0.631126, 0.632651, 0.631126, 0.631126]
[0.631713, 0.631713, 0.631126, 0.631126, 0.631126, 0.631126, 0.631126, 0.631713]
[0.631713, 0.631713, 0.631126, 0.631126, 0.631126, 0.631126, 0.631713, 0.631713]
[0.631713, 0.631713, 0.631126, 0.631126, 0.631126, 0.631126, 0.631713, 0.631713]
[0.631713, 0.631713, 0.631713, 0.631126, 0.631126, 0.631126, 0.631713, 0.631713]
[0.631713, 0.632283, 0.632283, 0.631126, 0.631126, 0.631126, 0.631713, 0.631713]
[0.631713, 0.632283, 0.632283, 0.631126, 0.631126, 0.631713, 0.631713, 0.632283]
[0.631713, 0.632283, 0.632283, 0.631126, 0.631126, 0.631713, 0.631713, 0.632283]
[0.631713, 0.632283, 0.632283, 0.631126, 0.631126, 0.631713, 0.631713, 0.632283]
[0.631713, 0.632283, 0.632283, 0.631713, 0.631713, 0.631584, 0.631713, 0.632283]
[0.631713, 0.632283, 0.632283, 0.631713, 0.631584, 0.631584, 0.631713, 0.632283]
[0.632283, 0.632283, 0.631815, 0.631245, 0.631584, 0.631584, 0.631584, 0.632283]
[0.631584, 0.631815, 0.631815, 0.631245, 0.631584, 0.631584, 0.631584, 0.631815]
[0.632154, 0.631815, 0.631815, 0.631686, 0.63008, 0.630548, 0.631584, 0.631815]
[0.631686, 0.631815, 0.631815, 0.631686, 0.63008, 0.63008, 0.631116, 0.631686]
[0.631686, 0.631686, 0.631686, 0.630649, 0.63008, 0.63008, 0.630649, 0.631686]
[0.630649, 0.631686, 0.631686, 0.630649, 0.63008, 0.63008, 0.630649, 0.631686]
[0.630649, 0.630649, 0.630649, 0.630649, 0.63008, 0.63008, 0.630649, 0.630649]
[0.630391, 0.630649, 0.630649, 0.630649, 0.63008, 0.63008, 0.630391, 0.630391]
[0.630391, 0.630391, 0.630649, 0.630649, 0.63008, 0.629822, 0.630391, 0.630391]
[0.630391, 0.630391, 0.630649, 0.630649, 0.63008, 0.629822, 0.630391, 0.630391]
[0.630391, 0.629214, 0.630391, 0.630649, 0.630391, 0.629822, 0.630391, 0.629214]
[0.630391, 0.629214, 0.630391, 0.630391, 0.630391, 0.630391, 0.630391, 0.629214]
[0.629214, 0.629214, 0.629214, 0.630391, 0.630391, 0.630391, 0.629214, 0.629214]
[0.629214, 0.629214, 0.629214, 0.630391, 0.630391, 0.630391, 0.629214, 0.629214]
[0.629214, 0.629214, 0.629214, 0.629214, 0.630391, 0.630391, 0.629214, 0.629214]
[0.629214, 0.629214, 0.629214, 0.629214, 0.630391, 0.629214, 0.629214, 0.629214]
[0.629214, 0.629214, 0.629214, 0.629214, 0.629214, 0.629214, 0.629214, 0.629214]
[0.629214, 0.629214, 0.629214, 0.629214, 0.629214, 0.629214, 0.629214, 0.629214]
[0.629214, 0.629214, 0.629214, 0.629214, 0.629214, 0.629214, 0.629214, 0.629214]
[0.629214, 0.629214, 0.629214, 0.629214, 0.629214, 0.629214, 0.629214, 0.629214]
[0.62898, 0.62898, 0.629214, 0.629214, 0.629214, 0.629214, 0.62898, 0.62898]
[0.62898, 0.62898, 0.62898, 0.62898, 0.62898, 0.62898, 0.62898, 0.62898]
[0.62898, 0.62898, 0.62898, 0.62898, 0.62898, 0.62898, 0.62898, 0.62898]
[0.62898, 0.62898, 0.62898, 0.62898, 0.62898, 0.62898, 0.62898, 0.62898]
[0.62898, 0.62898, 0.62898, 0.62898, 0.62898, 0.62898, 0.62898, 0.62898]
[0.62898, 0.62898, 0.62898, 0.62898, 0.62898, 0.62898, 0.62898, 0.62898]
[0.62898, 0.62898, 0.62898, 0.62898, 0.629198, 0.62898, 0.62898, 0.62898]
[0.62898, 0.62898, 0.62898, 0.629198, 0.629198, 0.629198, 0.62898, 0.62898]
[0.62898, 0.62898, 0.627729, 0.627948, 0.627948, 0.629198, 0.62898, 0.62898]
[0.627729, 0.627729, 0.627948, 0.627948, 0.627948, 0.627948, 0.627729, 0.627729]
[0.627948, 0.627729, 0.627948, 0.627948, 0.627948, 0.627948, 0.627948, 0.627729]
[0.627948, 0.627948, 0.627948, 0.627948, 0.627948, 0.627948, 0.627948, 0.627948]
[0.627948, 0.627948, 0.627921, 0.627921, 0.627948, 0.627948, 0.627948, 0.627948]
[0.627948, 0.627948, 0.627921, 0.627921, 0.627921, 0.627948, 0.627948, 0.627948]
[0.627948, 0.627921, 0.627921, 0.627921, 0.627921, 0.627948, 0.627948, 0.627948]
[0.627948, 0.627921, 0.627921, 0.627921, 0.627921, 0.627948, 0.627948, 0.627948]
[0.627921, 0.627921, 0.627921, 0.627921, 0.627921, 0.627921, 0.627921, 0.627921]
[0.627921, 0.627921, 0.627921, 0.627921, 0.627921, 0.627921, 0.627921, 0.627921]
[0.627921, 0.627921, 0.627921, 0.627921, 0.627921, 0.627921, 0.627921, 0.627921]
[0.627492, 0.627492, 0.627921, 0.627921, 0.627921, 0.627921, 0.627921, 0.627492]
[0.627492, 0.627492, 0.627492, 0.627921, 0.627921, 0.627921, 0.627492, 0.627492]
[0.627492, 0.627492, 0.627492, 0.627492, 0.627438, 0.627438, 0.627492, 0.627492]
[0.627921, 0.627492, 0.627492, 0.627012, 0.627438, 0.627438, 0.627921, 0.627492]
[0.627921, 0.627921, 0.627921, 0.627438, 0.627438, 0.627438, 0.627438, 0.627921]
[0.627438, 0.627921, 0.627438, 0.627438, 0.627438, 0.627438, 0.627438, 0.627438]
[0.627438, 0.627438, 0.627438, 0.627438, 0.627438, 0.627438, 0.627438, 0.627438]
[0.627438, 0.627438, 0.627438, 0.626384, 0.626384, 0.626384, 0.627438, 0.627438]
[0.626384, 0.626384, 0.626384, 0.625657, 0.625657, 0.626384, 0.626384, 0.626384]
[0.626384, 0.626384, 0.625657, 0.625657, 0.625657, 0.626384, 0.626384, 0.626384]
[0.626384, 0.626384, 0.625657, 0.625657, 0.625657, 0.625657, 0.626384, 0.626384]
[0.625657, 0.625657, 0.625657, 0.625657, 0.625657, 0.625657, 0.625657, 0.625657]
[0.625657, 0.625657, 0.625657, 0.625657, 0.625657, 0.625657, 0.625657, 0.625657]
[0.625657, 0.625657, 0.625657, 0.625657, 0.625657, 0.625657, 0.625657, 0.625657]
[0.625657, 0.625657, 0.625657, 0.624855, 0.625657, 0.625657, 0.625657, 0.625657]
[0.625657, 0.625657, 0.625657, 0.624855, 0.624855, 0.625657, 0.625657, 0.625657]
[0.625657, 0.625657, 0.625657, 0.624855, 0.624855, 0.625657, 0.625657, 0.625657]
[0.625657, 0.625657, 0.624855, 0.624855, 0.624855, 0.625657, 0.625657, 0.625657]
[0.625657, 0.625657, 0.624855, 0.624855, 0.624855, 0.625657, 0.625657, 0.625657]
[0.625657, 0.624855, 0.624855, 0.624855, 0.624368, 0.622883, 0.625657, 0.625657]
[0.625657, 0.624855, 0.624855, 0.624368, 0.624368, 0.622394, 0.623196, 0.624855]
[0.622394, 0.624368, 0.624368, 0.624368, 0.622394, 0.622394, 0.622394, 0.624368]
[0.622394, 0.624368, 0.624368, 0.624368, 0.621655, 0.621655, 0.622394, 0.624368]
[0.622394, 0.624368, 0.624368, 0.622154, 0.621655, 0.621655, 0.621655, 0.621655]
[0.621655, 0.621655, 0.623628, 0.622154, 0.622154, 0.621655, 0.621655, 0.621655]
[0.621166, 0.621655, 0.621655, 0.622154, 0.622154, 0.621655, 0.621655, 0.621655]
[0.621166, 0.621655, 0.622154, 0.622154, 0.622154, 0.622154, 0.621166, 0.621655]
[0.621166, 0.621655, 0.622154, 0.622154, 0.622154, 0.622154, 0.621166, 0.621166]
[0.621166, 0.621665, 0.622154, 0.62264, 0.622154, 0.622154, 0.621166, 0.621166]
[0.621665, 0.621665, 0.622154, 0.62264, 0.622154, 0.621665, 0.621665, 0.621665]
[0.622154, 0.622139, 0.622139, 0.62264, 0.622154, 0.622154, 0.622154, 0.62263]
[0.62263, 0.62263, 0.622139, 0.62263, 0.62264, 0.622154, 0.62263, 0.62263]
[0.62263, 0.62263, 0.62263, 0.623119, 0.622154, 0.622154, 0.62263, 0.62263]
[0.62263, 0.62263, 0.62263, 0.62263, 0.62263, 0.62263, 0.62263, 0.62263]
[0.62263, 0.62263, 0.62263, 0.62263, 0.62263, 0.62263, 0.62263, 0.62263]
[0.62263, 0.62263, 0.62263, 0.62263, 0.62263, 0.62263, 0.62263, 0.62263]
[0.62263, 0.62263, 0.62263, 0.62263, 0.62263, 0.62263, 0.62263, 0.62263]
[0.62263, 0.62263, 0.62263, 0.622154, 0.62263, 0.62263, 0.62263, 0.62263]
[0.62263, 0.62263, 0.622154, 0.622154, 0.62263, 0.62263, 0.62263, 0.62263]
[0.62263, 0.62263, 0.622154, 0.622154, 0.622154, 0.62263, 0.62263, 0.62263]
[0.62263, 0.622154, 0.622154, 0.622154, 0.622154, 0.62263, 0.62263, 0.622154]
[0.62263, 0.622154, 0.622154, 0.622154, 0.622154, 0.622154, 0.62263, 0.622154]
[0.622154, 0.622154, 0.622154, 0.622154, 0.622154, 0.622154, 0.622154, 0.622154]
[0.622154, 0.621915, 0.622154, 0.622154, 0.622154, 0.622154, 0.621915, 0.621915]
[0.621915, 0.621915, 0.621915, 0.622154, 0.622154, 0.621915, 0.621915, 0.621915]
[0.621915, 0.621915, 0.621915, 0.621915, 0.621915, 0.621915, 0.621915, 0.621915]
[0.621915, 0.621915, 0.621915, 0.621915, 0.621915, 0.621915, 0.621915, 0.621915]
[0.621915, 0.621915, 0.621915, 0.621915, 0.621915, 0.621915, 0.621915, 0.621915]
[0.621915, 0.621915, 0.621915, 0.621915, 0.621915, 0.621915, 0.621915, 0.621915]
[0.621915, 0.621915, 0.621915, 0.621915, 0.621915, 0.621915, 0.621915, 0.621915]
[0.621915, 0.621641, 0.621915, 0.621915, 0.621915, 0.6224, 0.621915, 0.621915]
[0.6224, 0.622126, 0.621641, 0.6224, 0.6224, 0.6224, 0.6224, 0.6224]
[0.620873, 0.620873, 0.620873, 0.621656, 0.621173, 0.621173, 0.621173, 0.621173]
[0.620873, 0.620873, 0.620873, 0.621355, 0.621656, 0.621173, 0.621173, 0.620873]
[0.620873, 0.620873, 0.621355, 0.621355, 0.621799, 0.621173, 0.620873, 0.620873]
[0.620873, 0.620873, 0.621355, 0.621499, 0.621499, 0.621016, 0.620873, 0.620873]
[0.620074, 0.620074, 0.620698, 0.620698, 0.620698, 0.620217, 0.620074, 0.620873]
[0.620217, 0.620698, 0.620698, 0.620698, 0.620698, 0.620698, 0.620217, 0.620217]
[0.620217, 0.620698, 0.620698, 0.620698, 0.620698, 0.620698, 0.620217, 0.620698]
[0.620698, 0.620698, 0.620698, 0.620698, 0.620698, 0.620698, 0.620698, 0.620698]
[0.620698, 0.620698, 0.620698, 0.620698, 0.620698, 0.620698, 0.620698, 0.620698]
[0.620698, 0.620698, 0.620698, 0.620698, 0.620698, 0.620698, 0.620698, 0.620698]
[0.620698, 0.620698, 0.620698, 0.620698, 0.620698, 0.620698, 0.620698, 0.620698]
[0.620698, 0.620698, 0.620698, 0.620698, 0.620698, 0.620698, 0.620698, 0.620698]
[0.620698, 0.620698, 0.620698, 0.620698, 0.620698, 0.620698, 0.620698, 0.620698]
[0.620635, 0.620635, 0.620635, 0.620698, 0.620698, 0.620698, 0.620698, 0.620635]
[0.620635, 0.620635, 0.620635, 0.619744, 0.620698, 0.620698, 0.620635, 0.620635]
[0.620635, 0.620785, 0.620785, 0.619681, 0.619744, 0.618453, 0.619407, 0.621738]
[0.619558, 0.620785, 0.620785, 0.620785, 0.619681, 0.618453, 0.619558, 0.620785]
[0.619558, 0.620785, 0.620785, 0.620785, 0.618453, 0.618453, 0.619558, 0.619558]
[0.619558, 0.619558, 0.620785, 0.619558, 0.619001, 0.619001, 0.619558, 0.619558]
[0.619558, 0.619558, 0.619558, 0.619001, 0.619001, 0.619001, 0.619558, 0.619558]
[0.619001, 0.619558, 0.618078, 0.619001, 0.619001, 0.619001, 0.619001, 0.619558]
[0.618078, 0.618078, 0.618078, 0.618078, 0.618078, 0.619001, 0.619001, 0.618078]
[0.618078, 0.618078, 0.618078, 0.618078, 0.618078, 0.618078, 0.618078, 0.618078]
[0.618078, 0.618078, 0.618078, 0.618078, 0.618078, 0.618078, 0.618078, 0.618078]
[0.618078, 0.618078, 0.618078, 0.618078, 0.618078, 0.618078, 0.618078, 0.618078]
[0.618469, 0.618469, 0.618078, 0.618078, 0.618078, 0.618078, 0.618469, 0.618469]
[0.618469, 0.618469, 0.618469, 0.618078, 0.618078, 0.618469, 0.617503, 0.618469]
[0.617503, 0.618469, 0.618469, 0.618469, 0.618469, 0.618469, 0.617503, 0.617503]
[0.617503, 0.617503, 0.618469, 0.618469, 0.618469, 0.617503, 0.617503, 0.617503]
[0.617503, 0.617503, 0.617503, 0.618469, 0.618469, 0.617503, 0.617503, 0.617503]
[0.617503, 0.616525, 0.616525, 0.617503, 0.617503, 0.617503, 0.617503, 0.617503]
[0.617503, 0.616525, 0.616525, 0.616525, 0.617503, 0.617503, 0.617503, 0.616525]
[0.616525, 0.616525, 0.616525, 0.616525, 0.617503, 0.617503, 0.617503, 0.616525]
[0.616525, 0.616525, 0.616525, 0.616525, 0.616525, 0.617503, 0.617503, 0.616525]
[0.616525, 0.616525, 0.616525, 0.616525, 0.616525, 0.617503, 0.617503, 0.616525]
[0.616525, 0.616525, 0.616525, 0.616525, 0.616525, 0.617503, 0.616525, 0.616525]
[0.616525, 0.616525, 0.616525, 0.616525, 0.616525, 0.616525, 0.616525, 0.616525]
[0.616525, 0.616525, 0.616525, 0.616525, 0.616525, 0.616525, 0.616525, 0.616525]
[0.616169, 0.616525, 0.616525, 0.616525, 0.616525, 0.616525, 0.616525, 0.616525]
[0.616169, 0.616169, 0.616525, 0.616193, 0.616193, 0.615837, 0.616169, 0.616169]
[0.615837, 0.615837, 0.615837, 0.615837, 0.615837, 0.615837, 0.615837, 0.616169]
[0.615284, 0.615837, 0.615837, 0.615837, 0.615837, 0.615284, 0.615284, 0.615837]
[0.615284, 0.614773, 0.615326, 0.615837, 0.615284, 0.615284, 0.615284, 0.615284]
[0.614773, 0.614773, 0.61547, 0.61547, 0.615981, 0.615284, 0.615284, 0.614773]
[0.61547, 0.61547, 0.61547, 0.61547, 0.61547, 0.615981, 0.614773, 0.614773]
[0.61547, 0.61547, 0.61547, 0.61547, 0.61547, 0.61547, 0.61547, 0.61547]
[0.61547, 0.61547, 0.61547, 0.61547, 0.61547, 0.61547, 0.61547, 0.61547]
[0.61547, 0.61547, 0.61547, 0.61547, 0.61547, 0.61547, 0.61547, 0.61547]
[0.614515, 0.61547, 0.61547, 0.61547, 0.61547, 0.614515, 0.61547, 0.61547]
[0.614515, 0.61547, 0.61547, 0.61547, 0.61547, 0.614515, 0.614515, 0.61547]
[0.614515, 0.614515, 0.61547, 0.61547, 0.614515, 0.614515, 0.614515, 0.61547]
[0.614417, 0.614417, 0.61547, 0.614515, 0.614515, 0.614515, 0.614515, 0.614417]
[0.614417, 0.614417, 0.614417, 0.614515, 0.614515, 0.614515, 0.614417, 0.614417]
[0.614417, 0.614417, 0.614417, 0.614515, 0.614515, 0.614417, 0.614417, 0.614417]
[0.614417, 0.614417, 0.614417, 0.614417, 0.614515, 0.614417, 0.614417, 0.614417]
[0.614417, 0.614417, 0.614417, 0.614417, 0.614417, 0.614417, 0.614417, 0.614417]
[0.614417, 0.614417, 0.614417, 0.614417, 0.614417, 0.614417, 0.614417, 0.614417]
[0.614417, 0.614417, 0.614417, 0.614417, 0.614417, 0.614417, 0.614417, 0.614417]
[0.614125, 0.614125, 0.614125, 0.614125, 0.614417, 0.614125, 0.614125, 0.614125]
[0.614125, 0.614125, 0.614125, 0.614125, 0.614125, 0.614125, 0.614125, 0.614125]
[0.614125, 0.613426, 0.613426, 0.614125, 0.614125, 0.614125, 0.614125, 0.614125]
[0.613426, 0.613426, 0.613426, 0.613426, 0.614125, 0.614125, 0.614125, 0.613227]
[0.613227, 0.613227, 0.613426, 0.613426, 0.613426, 0.614125, 0.613227, 0.613227]
[0.613227, 0.613227, 0.613426, 0.613426, 0.613426, 0.613426, 0.613227, 0.613227]
[0.613227, 0.613227, 0.613426, 0.613426, 0.613426, 0.613426, 0.613227, 0.613227]
[0.613227, 0.613837, 0.613227, 0.613426, 0.613426, 0.613426, 0.613227, 0.613227]
[0.613227, 0.613837, 0.613227, 0.613426, 0.613426, 0.613227, 0.613227, 0.613837]
[0.613837, 0.613837, 0.613837, 0.613426, 0.613426, 0.613227, 0.613227, 0.613837]
[0.615223, 0.615223, 0.613837, 0.613227, 0.613227, 0.613227, 0.615223, 0.615223]
[0.615223, 0.615223, 0.615223, 0.613837, 0.613227, 0.614613, 0.615223, 0.615223]
[0.615223, 0.615223, 0.615223, 0.615223, 0.614613, 0.614613, 0.615223, 0.615223]
[0.615223, 0.615223, 0.615223, 0.615223, 0.614613, 0.615223, 0.615223, 0.615223]
[0.615223, 0.615223, 0.615223, 0.615223, 0.615223, 0.615223, 0.615223, 0.615223]
[0.615223, 0.615223, 0.615223, 0.615223, 0.615223, 0.615223, 0.615223, 0.615223]
[0.615223, 0.615223, 0.615223, 0.615223, 0.615223, 0.615223, 0.615223, 0.615223]
[0.615223, 0.615223, 0.615223, 0.615223, 0.615674, 0.615674, 0.615223, 0.615223]
[0.615223, 0.615535, 0.615535, 0.615674, 0.615674, 0.615674, 0.615674, 0.615223]
[0.615674, 0.616706, 0.616706, 0.615674, 0.615674, 0.615674, 0.615674, 0.615674]
[0.615674, 0.616706, 0.616706, 0.616394, 0.615674, 0.615674, 0.615674, 0.616394]
[0.616394, 0.616706, 0.616706, 0.616394, 0.615674, 0.615674, 0.615674, 0.616394]
[0.616394, 0.617227, 0.616706, 0.616394, 0.616394, 0.615674, 0.616928, 0.616928]
[0.616928, 0.617227, 0.617227, 0.617227, 0.616928, 0.617158, 0.616928, 0.616928]
[0.617227, 0.617227, 0.617227, 0.617452, 0.617158, 0.617158, 0.617158, 0.616928]
[0.617452, 0.617452, 0.617452, 0.617452, 0.617158, 0.617158, 0.617158, 0.617452]
[0.617452, 0.617452, 0.617452, 0.617452, 0.616772, 0.616772, 0.617158, 0.617452]
[0.617072, 0.617452, 0.617452, 0.617452, 0.616069, 0.616069, 0.616069, 0.617452]
[0.616363, 0.616363, 0.616738, 0.615965, 0.616363, 0.616789, 0.617083, 0.616363]
[0.617083, 0.617083, 0.615401, 0.615401, 0.615401, 0.615504, 0.615798, 0.615798]
[0.615798, 0.615401, 0.615401, 0.615401, 0.615401, 0.615102, 0.615401, 0.615401]
[0.615401, 0.615401, 0.615401, 0.615401, 0.615401, 0.615401, 0.615401, 0.615401]
[0.615401, 0.615401, 0.615401, 0.615401, 0.615401, 0.615401, 0.615401, 0.615401]
[0.615401, 0.615401, 0.615401, 0.615401, 0.615401, 0.615401, 0.615401, 0.615401]
[0.615401, 0.615401, 0.615401, 0.615401, 0.614116, 0.615401, 0.615401, 0.615401]
[0.615401, 0.615401, 0.615401, 0.614116, 0.614116, 0.61565, 0.61565, 0.615401]
[0.61565, 0.61565, 0.61565, 0.614116, 0.614334, 0.61565, 0.61565, 0.61565]
[0.61565, 0.61565, 0.614334, 0.614334, 0.614334, 0.614334, 0.61565, 0.61565]
[0.61565, 0.615364, 0.614015, 0.614334, 0.614334, 0.614334, 0.61565, 0.615364]
[0.615364, 0.615364, 0.614015, 0.614334, 0.613613, 0.61421, 0.613613, 0.614644]
[0.613891, 0.613294, 0.613294, 0.613613, 0.613613, 0.61421, 0.613891, 0.613294]
[0.613891, 0.613294, 0.613294, 0.613294, 0.61421, 0.61421, 0.613891, 0.613294]
[0.613891, 0.613294, 0.613294, 0.613294, 0.61421, 0.613891, 0.613891, 0.613891]
[0.614642, 0.613891, 0.613294, 0.613891, 0.614642, 0.614642, 0.614642, 0.614642]
[0.614642, 0.614642, 0.614642, 0.614642, 0.614642, 0.614642, 0.614642, 0.614642]
[0.614642, 0.614642, 0.614642, 0.614642, 0.614642, 0.614642, 0.614642, 0.614642]
[0.614642, 0.614642, 0.614642, 0.614642, 0.614642, 0.614642, 0.614642, 0.614642]
[0.614642, 0.614642, 0.614642, 0.614642, 0.614642, 0.614642, 0.614642, 0.614642]
[0.614642, 0.614642, 0.614642, 0.614642, 0.614642, 0.614642, 0.614642, 0.614642]
[0.614642, 0.614642, 0.614642, 0.614642, 0.614642, 0.614642, 0.614642, 0.614642]
[0.614642, 0.614642, 0.614642, 0.614642, 0.614642, 0.614642, 0.614642, 0.614642]
[0.614642, 0.614642, 0.614642, 0.614642, 0.614642, 0.614642, 0.614642, 0.614642]
[0.614642, 0.614642, 0.614642, 0.614642, 0.61433, 0.61433, 0.614642, 0.614642]
[0.614642, 0.614642, 0.614642, 0.614109, 0.61433, 0.61433, 0.61433, 0.614343]
[0.614025, 0.614343, 0.614109, 0.614109, 0.614109, 0.61433, 0.614025, 0.614343]
[0.614025, 0.614343, 0.614109, 0.614109, 0.61433, 0.61433, 0.614025, 0.614343]
[0.614025, 0.614025, 0.614109, 0.614109, 0.61433, 0.61433, 0.614025, 0.614025]
[0.614025, 0.613809, 0.613809, 0.614109, 0.614109, 0.61433, 0.614025, 0.614025]
[0.614025, 0.614025, 0.613809, 0.613809, 0.61433, 0.614025, 0.614025, 0.614025]
[0.614025, 0.614025, 0.613809, 0.613809, 0.614025, 0.614025, 0.614025, 0.614025]
[0.614025, 0.614025, 0.613809, 0.614251, 0.614025, 0.614025, 0.614025, 0.614025]
[0.614025, 0.614025, 0.614025, 0.612662, 0.614025, 0.614025, 0.614025, 0.614025]
[0.614025, 0.614025, 0.612662, 0.612449, 0.612223, 0.614025, 0.614025, 0.614025]
[0.613988, 0.613988, 0.612662, 0.612449, 0.612662, 0.614025, 0.614025, 0.613988]
[0.613988, 0.612186, 0.612625, 0.612449, 0.612662, 0.614025, 0.613988, 0.613988]
[0.613988, 0.612625, 0.612625, 0.612625, 0.612662, 0.612186, 0.613988, 0.612186]
[0.612186, 0.612625, 0.612417, 0.612417, 0.612625, 0.612625, 0.612186, 0.612625]
[0.612777, 0.613216, 0.613216, 0.612625, 0.612625, 0.612625, 0.612186, 0.612625]
[0.613216, 0.613216, 0.613216, 0.613216, 0.612625, 0.612625, 0.613216, 0.613216]
[0.613216, 0.613216, 0.613216, 0.613216, 0.613216, 0.613216, 0.613984, 0.613216]
[0.613547, 0.613216, 0.613216, 0.613216, 0.613216, 0.613984, 0.613984, 0.613216]
[0.613984, 0.613216, 0.613216, 0.613216, 0.613216, 0.613984, 0.613984, 0.613216]
[0.613984, 0.613216, 0.613216, 0.613216, 0.613216, 0.613984, 0.613984, 0.613216]
[0.614263, 0.613495, 0.613495, 0.613495, 0.613216, 0.613984, 0.614263, 0.614263]
[0.614263, 0.614263, 0.613282, 0.613495, 0.614263, 0.614263, 0.614263, 0.614263]
[0.614263, 0.614263, 0.613495, 0.613495, 0.614263, 0.614263, 0.614263, 0.614263]
[0.614263, 0.614263, 0.613282, 0.613282, 0.614263, 0.614263, 0.614263, 0.614263]
[0.614263, 0.614263, 0.613495, 0.613282, 0.614263, 0.614263, 0.614263, 0.614263]
[0.614263, 0.614263, 0.614263, 0.614263, 0.614263, 0.614263, 0.614263, 0.614263]
[0.614263, 0.614263, 0.61377, 0.61377, 0.614263, 0.614263, 0.614263, 0.614263]
[0.61377, 0.61377, 0.61377, 0.61377, 0.613273, 0.614263, 0.614263, 0.61377]
[0.61377, 0.61377, 0.61377, 0.61377, 0.613273, 0.61377, 0.61377, 0.61377]
[0.61377, 0.61377, 0.61377, 0.613273, 0.613273, 0.613273, 0.61377, 0.61377]
[0.61377, 0.61377, 0.613562, 0.613068, 0.613273, 0.613273, 0.61377, 0.61377]
[0.613273, 0.61377, 0.613068, 0.613068, 0.613273, 0.613273, 0.61377, 0.61377]
[0.613273, 0.613273, 0.613068, 0.613068, 0.613273, 0.613273, 0.613273, 0.61377]
[0.613273, 0.613273, 0.613068, 0.613068, 0.613042, 0.613273, 0.613273, 0.613273]
[0.613273, 0.613273, 0.61236, 0.613068, 0.613042, 0.613042, 0.613273, 0.613273]
[0.613273, 0.61257, 0.61236, 0.612842, 0.613042, 0.613042, 0.613273, 0.613273]
[0.613273, 0.61257, 0.61236, 0.61214, 0.613042, 0.613042, 0.613273, 0.61257]
[0.613273, 0.61257, 0.61257, 0.61214, 0.613042, 0.613111, 0.613273, 0.61257]
[0.61257, 0.61257, 0.612345, 0.612345, 0.613111, 0.613111, 0.612413, 0.61257]
[0.612413, 0.612649, 0.612345, 0.612413, 0.612413, 0.613111, 0.612413, 0.612649]
[0.612413, 0.612649, 0.612413, 0.612413, 0.612413, 0.612413, 0.612413, 0.612649]
[0.612413, 0.612413, 0.612413, 0.612413, 0.612413, 0.612413, 0.612413, 0.612413]
[0.612413, 0.612413, 0.612413, 0.612413, 0.612413, 0.612413, 0.612413, 0.612413]
[0.612413, 0.612413, 0.612413, 0.612413, 0.612413, 0.612413, 0.612413, 0.612413]
[0.612413, 0.612413, 0.612413, 0.612413, 0.612413, 0.612413, 0.612413, 0.612413]
[0.612413, 0.612413, 0.612413, 0.612413, 0.612413, 0.611912, 0.612413, 0.612413]
[0.612413, 0.612413, 0.612208, 0.612208, 0.612413, 0.611912, 0.612413, 0.612413]
[0.612413, 0.612413, 0.612208, 0.612208, 0.612413, 0.611912, 0.612413, 0.612413]
[0.612413, 0.612413, 0.612208, 0.612208, 0.611912, 0.611912, 0.612413, 0.612413]
[0.612413, 0.612413, 0.612208, 0.612208, 0.611912, 0.611912, 0.612413, 0.612413]
[0.612413, 0.612413, 0.612208, 0.612208, 0.611912, 0.611912, 0.612413, 0.612413]
[0.612413, 0.612208, 0.612208, 0.612208, 0.61171, 0.611912, 0.612413, 0.612413]
[0.612413, 0.612208, 0.612208, 0.612208, 0.61171, 0.611912, 0.611912, 0.612208]
[0.612413, 0.612208, 0.612208, 0.612208, 0.61171, 0.611912, 0.611912, 0.612208]
[0.612413, 0.612208, 0.612208, 0.612208, 0.61171, 0.611912, 0.611912, 0.612208]
[0.611912, 0.612208, 0.612208, 0.612208, 0.61171, 0.611912, 0.611912, 0.612208]
[0.61171, 0.612208, 0.611174, 0.611174, 0.61171, 0.61171, 0.61171, 0.612208]
[0.61171, 0.612208, 0.611174, 0.610675, 0.61171, 0.61171, 0.61171, 0.612208]
[0.61171, 0.611174, 0.611174, 0.610675, 0.61171, 0.61171, 0.61171, 0.61171]
[0.61171, 0.610675, 0.611174, 0.610675, 0.610675, 0.61171, 0.61171, 0.61171]
[0.61171, 0.610675, 0.610675, 0.610675, 0.610675, 0.61171, 0.61171, 0.610675]
[0.61171, 0.610675, 0.610675, 0.610675, 0.610675, 0.61171, 0.61171, 0.610675]
[0.61171, 0.610675, 0.610675, 0.610675, 0.610675, 0.61171, 0.61171, 0.610675]
[0.610675, 0.610675, 0.610675, 0.610675, 0.610675, 0.61171, 0.61171, 0.610675]
[0.610675, 0.610675, 0.610675, 0.610675, 0.610675, 0.610675, 0.610675, 0.610675]
[0.610675, 0.610675, 0.610675, 0.610675, 0.610675, 0.610675, 0.610675, 0.610675]
[0.610675, 0.610675, 0.610675, 0.610675, 0.610675, 0.610675, 0.610675, 0.610675]
[0.610675, 0.610675, 0.610675, 0.610675, 0.610675, 0.610675, 0.610675, 0.610675]
[0.610675, 0.610675, 0.610675, 0.610675, 0.610675, 0.610675, 0.610675, 0.610675]
[0.610675, 0.610675, 0.610675, 0.610675, 0.610675, 0.610675, 0.610675, 0.610675]
[0.610675, 0.610675, 0.610675, 0.610675, 0.610675, 0.610675, 0.610675, 0.610675]
[0.610675, 0.610675, 0.610675, 0.610675, 0.610675, 0.610675, 0.610675, 0.610675]
[0.610675, 0.610675, 0.610675, 0.610675, 0.610675, 0.610675, 0.610675, 0.610675]
[0.610675, 0.610675, 0.610675, 0.610675, 0.610675, 0.610675, 0.610675, 0.610675]
[0.610675, 0.610675, 0.610675, 0.610675, 0.610675, 0.610675, 0.610675, 0.610675]
[0.610675, 0.610675, 0.610675, 0.610675, 0.610675, 0.610675, 0.610675, 0.610675]
[0.610675, 0.610675, 0.610675, 0.609966, 0.610675, 0.610675, 0.610675, 0.610675]
[0.610675, 0.610675, 0.609966, 0.609966, 0.609966, 0.610675, 0.610675, 0.610675]
[0.608956, 0.609966, 0.609966, 0.609966, 0.609966, 0.608644, 0.609666, 0.610675]
[0.608956, 0.608956, 0.608956, 0.608956, 0.608956, 0.608644, 0.608644, 0.608956]
[0.608956, 0.608956, 0.608956, 0.608956, 0.608956, 0.608644, 0.608644, 0.608956]
[0.608956, 0.608956, 0.608956, 0.609295, 0.608956, 0.608644, 0.608644, 0.608956]
[0.608644, 0.608956, 0.609295, 0.609295, 0.608983, 0.608644, 0.608644, 0.608956]
[0.608983, 0.609707, 0.609707, 0.609707, 0.609395, 0.609395, 0.608644, 0.609395]
[0.608104, 0.608416, 0.609707, 0.609707, 0.609395, 0.609395, 0.609395, 0.609395]
[0.607996, 0.608308, 0.608416, 0.608308, 0.607996, 0.607996, 0.607996, 0.608104]
[0.607996, 0.607996, 0.608308, 0.608308, 0.607996, 0.607996, 0.607996, 0.607678]
[0.607678, 0.607174, 0.607491, 0.607678, 0.607678, 0.607678, 0.607678, 0.607678]
[0.607678, 0.607174, 0.607491, 0.607678, 0.607678, 0.607678, 0.607678, 0.607678]
[0.607678, 0.607174, 0.607174, 0.607678, 0.607678, 0.607678, 0.607678, 0.607174]
[0.607678, 0.607174, 0.607174, 0.607174, 0.607678, 0.607678, 0.607678, 0.607174]
[0.607678, 0.607174, 0.607174, 0.607174, 0.607678, 0.607678, 0.607678, 0.607174]
[0.607174, 0.607174, 0.607174, 0.607174, 0.607678, 0.607678, 0.607678, 0.607174]
[0.607255, 0.607174, 0.607174, 0.607174, 0.607678, 0.607678, 0.607759, 0.607174]
[0.609553, 0.608236, 0.607174, 0.606972, 0.608569, 0.607473, 0.608817, 0.606972]
[0.609553, 0.608236, 0.608236, 0.606972, 0.608569, 0.609832, 0.610053, 0.608236]
[0.609553, 0.609473, 0.608236, 0.608068, 0.608569, 0.611069, 0.610053, 0.608316]
[0.609553, 0.609553, 0.608236, 0.609332, 0.611069, 0.611069, 0.611149, 0.609553]
[0.610649, 0.609553, 0.609473, 0.610569, 0.611069, 0.611069, 0.611149, 0.609553]
[0.610649, 0.609553, 0.610569, 0.610569, 0.611069, 0.611069, 0.610649, 0.610649]
[0.610649, 0.610649, 0.610569, 0.610569, 0.610569, 0.611149, 0.610649, 0.610649]
[0.610649, 0.610649, 0.610569, 0.610569, 0.610569, 0.611149, 0.610649, 0.610649]
[0.610649, 0.610649, 0.610569, 0.610569, 0.610569, 0.611149, 0.610649, 0.610649]
[0.610649, 0.610649, 0.610569, 0.610569, 0.610569, 0.610649, 0.610649, 0.610649]
[0.610649, 0.610649, 0.610569, 0.610569, 0.610569, 0.610649, 0.610649, 0.610649]
[0.610649, 0.610649, 0.610569, 0.610569, 0.610569, 0.610649, 0.610649, 0.610649]
[0.610649, 0.610649, 0.610649, 0.610569, 0.610569, 0.610649, 0.610649, 0.610649]
[0.610649, 0.610649, 0.610649, 0.610569, 0.610569, 0.609933, 0.610649, 0.610649]
[0.610649, 0.610649, 0.61037, 0.610307, 0.610569, 0.609933, 0.610649, 0.610649]
[0.609654, 0.61037, 0.61037, 0.610307, 0.609591, 0.609933, 0.610649, 0.61037]
[0.609654, 0.61037, 0.60962, 0.609557, 0.608841, 0.61037, 0.61037, 0.609654]
[0.60962, 0.608903, 0.60962, 0.609557, 0.608841, 0.60962, 0.60962, 0.608903]
[0.608864, 0.608147, 0.608147, 0.608841, 0.608841, 0.60962, 0.608864, 0.608864]
[0.608864, 0.608147, 0.608147, 0.608084, 0.608147, 0.608864, 0.608864, 0.608864]
[0.608864, 0.608147, 0.608147, 0.608084, 0.608323, 0.609041, 0.608864, 0.608864]
[0.609041, 0.608147, 0.608147, 0.60826, 0.608323, 0.609041, 0.609041, 0.608864]
[0.609041, 0.609041, 0.608323, 0.60826, 0.609041, 0.609041, 0.609041, 0.609041]
[0.609041, 0.609041, 0.608323, 0.60826, 0.609041, 0.609041, 0.609041, 0.609041]
[0.609041, 0.609041, 0.608323, 0.60826, 0.609041, 0.609041, 0.609041, 0.609041]
[0.609041, 0.609041, 0.608323, 0.60826, 0.609041, 0.609041, 0.609041, 0.609041]
[0.609041, 0.609041, 0.609041, 0.608978, 0.609041, 0.609041, 0.609041, 0.609041]
[0.609041, 0.609041, 0.609041, 0.609041, 0.609041, 0.609041, 0.609041, 0.609041]
[0.609041, 0.609041, 0.609752, 0.609041, 0.609345, 0.609041, 0.609041, 0.609041]
[0.609041, 0.609041, 0.609752, 0.609345, 0.609345, 0.609345, 0.609041, 0.609041]
[0.609345, 0.609041, 0.609752, 0.609345, 0.609345, 0.609345, 0.609345, 0.608801]
[0.609607, 0.609607, 0.610558, 0.610057, 0.609345, 0.609345, 0.609607, 0.609607]
[0.609607, 0.610318, 0.610558, 0.610558, 0.609847, 0.609847, 0.609607, 0.609607]
[0.609941, 0.610318, 0.610318, 0.610558, 0.609847, 0.609941, 0.609941, 0.609607]
[0.609941, 0.610658, 0.610318, 0.610318, 0.609941, 0.609941, 0.609941, 0.609941]
[0.609941, 0.610658, 0.610658, 0.610658, 0.609941, 0.609941, 0.609941, 0.609172]
[0.608456, 0.609172, 0.609172, 0.609172, 0.609941, 0.609941, 0.608456, 0.609172]
[0.608456, 0.609172, 0.609172, 0.609172, 0.608456, 0.60789, 0.60789, 0.609172]
[0.60789, 0.609172, 0.609172, 0.609172, 0.60789, 0.60789, 0.60789, 0.609172]
[0.607541, 0.609172, 0.609172, 0.609172, 0.608606, 0.60789, 0.607541, 0.608606]
[0.607906, 0.608606, 0.608606, 0.608606, 0.608606, 0.607541, 0.607195, 0.608606]
[0.607906, 0.608606, 0.608606, 0.608606, 0.608606, 0.607195, 0.607906, 0.607906]
[0.607906, 0.607906, 0.608606, 0.608606, 0.608606, 0.607195, 0.607906, 0.607906]
[0.607906, 0.607906, 0.608606, 0.608606, 0.608606, 0.607195, 0.607906, 0.607906]
[0.607408, 0.607906, 0.608261, 0.608606, 0.607906, 0.607906, 0.607906, 0.607906]
[0.607408, 0.607906, 0.607906, 0.608261, 0.607906, 0.607906, 0.607408, 0.607906]
[0.607408, 0.607906, 0.607906, 0.608261, 0.607906, 0.607906, 0.607408, 0.607906]
[0.607408, 0.607906, 0.607906, 0.607906, 0.607906, 0.607906, 0.607408, 0.607408]
[0.607408, 0.607906, 0.607906, 0.607906, 0.607906, 0.607906, 0.607408, 0.607408]
[0.607408, 0.607408, 0.607906, 0.607906, 0.607906, 0.607906, 0.607408, 0.607408]
[0.607408, 0.607408, 0.607906, 0.607906, 0.608401, 0.607408, 0.607408, 0.607408]
[0.607408, 0.607408, 0.607906, 0.607906, 0.608401, 0.607906, 0.607408, 0.607408]
[0.607408, 0.607408, 0.607906, 0.608401, 0.608401, 0.607906, 0.607906, 0.607408]
[0.607906, 0.607408, 0.607906, 0.608401, 0.608401, 0.607906, 0.607906, 0.607408]
[0.607906, 0.606943, 0.605729, 0.607188, 0.607188, 0.607906, 0.607906, 0.606943]
[0.606943, 0.605729, 0.605729, 0.606225, 0.606693, 0.607906, 0.606943, 0.605729]
[0.605729, 0.605729, 0.605729, 0.605729, 0.605729, 0.605729, 0.605729, 0.605729]
[0.605729, 0.605729, 0.605729, 0.605729, 0.605729, 0.605729, 0.605729, 0.605729]
[0.605729, 0.605729, 0.605729, 0.605729, 0.605729, 0.605729, 0.605405, 0.605729]
[0.605405, 0.605729, 0.605729, 0.605729, 0.605729, 0.605405, 0.605405, 0.605729]
[0.605189, 0.605729, 0.605729, 0.605729, 0.605729, 0.605189, 0.605189, 0.605405]
[0.605189, 0.605189, 0.605513, 0.605513, 0.605189, 0.605189, 0.605189, 0.605189]
[0.605189, 0.605189, 0.605189, 0.605189, 0.605189, 0.605189, 0.605189, 0.605189]
[0.605189, 0.605189, 0.604708, 0.604708, 0.605189, 0.605189, 0.605189, 0.605189]
[0.605189, 0.604708, 0.604708, 0.604708, 0.605189, 0.605189, 0.605189, 0.605189]
[0.604146, 0.604146, 0.604708, 0.604708, 0.604708, 0.605189, 0.605189, 0.604708]
[0.604146, 0.604146, 0.604146, 0.604708, 0.604708, 0.605189, 0.604708, 0.604146]
[0.604146, 0.604146, 0.603656, 0.604214, 0.604708, 0.604708, 0.604146, 0.604146]
[0.604146, 0.603656, 0.603656, 0.604214, 0.604214, 0.604214, 0.603656, 0.603656]
[0.603656, 0.603656, 0.603656, 0.603656, 0.604214, 0.603656, 0.603656, 0.603656]
[0.603656, 0.603656, 0.603313, 0.603656, 0.603161, 0.603161, 0.603656, 0.603656]
[0.603656, 0.603313, 0.603313, 0.603313, 0.60351, 0.603161, 0.603656, 0.603656]
[0.603656, 0.603347, 0.603347, 0.603313, 0.60351, 0.603161, 0.603656, 0.603347]
[0.603689, 0.603347, 0.603347, 0.603196, 0.60351, 0.603161, 0.603689, 0.603347]
[0.603347, 0.603347, 0.603347, 0.603196, 0.603196, 0.603538, 0.603195, 0.603347]
[0.602852, 0.603347, 0.603347, 0.603196, 0.603196, 0.603274, 0.602583, 0.603347]
[0.602583, 0.603087, 0.603347, 0.603196, 0.602932, 0.602932, 0.602583, 0.602817]
[0.602325, 0.602817, 0.602939, 0.602773, 0.602932, 0.602932, 0.602675, 0.602817]
[0.602675, 0.602675, 0.602773, 0.602773, 0.602675, 0.602675, 0.602675, 0.602675]
[0.602675, 0.602675, 0.602773, 0.602773, 0.602675, 0.602675, 0.602675, 0.602675]
[0.602675, 0.602675, 0.602773, 0.602773, 0.602773, 0.602675, 0.602675, 0.602675]
[0.602675, 0.602675, 0.602773, 0.602773, 0.602773, 0.602675, 0.602675, 0.602675]
[0.602675, 0.602675, 0.603099, 0.603099, 0.602773, 0.602675, 0.602675, 0.602675]
[0.602675, 0.603099, 0.603099, 0.603099, 0.603099, 0.603016, 0.602675, 0.603016]
[0.603016, 0.603099, 0.603481, 0.603481, 0.603481, 0.603411, 0.603016, 0.603016]
[0.603411, 0.603481, 0.603481, 0.603481, 0.603481, 0.603411, 0.603411, 0.603481]
[0.603411, 0.602987, 0.602987, 0.603975, 0.604469, 0.604469, 0.603411, 0.603481]
[0.603975, 0.603477, 0.602949, 0.602949, 0.603975, 0.603975, 0.603975, 0.603975]
[0.603251, 0.603477, 0.602451, 0.602224, 0.602224, 0.603251, 0.603251, 0.603477]
[0.602753, 0.601726, 0.601726, 0.601726, 0.602224, 0.603251, 0.603251, 0.602753]
[0.602753, 0.601726, 0.601726, 0.601726, 0.601726, 0.602224, 0.602753, 0.601726]
[0.601726, 0.601726, 0.601726, 0.601726, 0.601726, 0.601726, 0.601726, 0.601726]
[0.60179, 0.601726, 0.601726, 0.601726, 0.602224, 0.601726, 0.60179, 0.60179]
[0.60179, 0.60179, 0.60179, 0.602289, 0.603583, 0.602289, 0.60179, 0.60179]
[0.602289, 0.602289, 0.602289, 0.603583, 0.603583, 0.603583, 0.602289, 0.60179]
[0.603583, 0.602289, 0.603583, 0.603583, 0.603583, 0.603583, 0.603583, 0.603583]
[0.603583, 0.603583, 0.603583, 0.603583, 0.603583, 0.603583, 0.603583, 0.603583]
[0.604078, 0.603583, 0.603583, 0.603583, 0.603583, 0.603583, 0.604078, 0.604078]
[0.604078, 0.604078, 0.603583, 0.603553, 0.603583, 0.604078, 0.604078, 0.604078]
[0.604078, 0.604078, 0.603583, 0.603553, 0.603583, 0.604078, 0.604078, 0.604078]
[0.604078, 0.604078, 0.603583, 0.603553, 0.603583, 0.603502, 0.603502, 0.604078]
[0.603502, 0.604078, 0.603583, 0.603553, 0.603553, 0.603502, 0.603502, 0.603502]
[0.603502, 0.604078, 0.603583, 0.603553, 0.603553, 0.603502, 0.603502, 0.603502]
[0.603502, 0.603502, 0.603583, 0.603553, 0.602995, 0.603502, 0.603502, 0.603502]
[0.603502, 0.603502, 0.603583, 0.603553, 0.602448, 0.603502, 0.603502, 0.603502]
[0.603502, 0.60301, 0.60301, 0.602448, 0.602448, 0.602953, 0.603502, 0.603502]
[0.603502, 0.60301, 0.602463, 0.602448, 0.602448, 0.602371, 0.60286, 0.602953]
[0.60286, 0.602371, 0.602371, 0.602355, 0.602355, 0.602371, 0.60286, 0.602371]
[0.60286, 0.602371, 0.602371, 0.602355, 0.602355, 0.602371, 0.60286, 0.602371]
[0.60286, 0.601878, 0.601878, 0.602355, 0.602355, 0.602371, 0.60286, 0.601878]
[0.601878, 0.601878, 0.601878, 0.601863, 0.602371, 0.602371, 0.60286, 0.601878]
[0.601878, 0.601878, 0.601113, 0.601097, 0.601606, 0.602371, 0.602371, 0.601878]
[0.601878, 0.601113, 0.601113, 0.601097, 0.601113, 0.601606, 0.601878, 0.601878]
[0.603099, 0.601113, 0.601113, 0.601113, 0.601113, 0.601113, 0.603099, 0.603099]
[0.603099, 0.603099, 0.603099, 0.603099, 0.603099, 0.602015, 0.602015, 0.603099]
[0.602015, 0.602015, 0.602015, 0.602015, 0.602015, 0.602015, 0.602015, 0.602015]
[0.602015, 0.602222, 0.602222, 0.602015, 0.602015, 0.602015, 0.602015, 0.602222]
[0.602715, 0.602222, 0.602222, 0.602015, 0.602015, 0.602015, 0.602715, 0.602222]
[0.602715, 0.602222, 0.602222, 0.602222, 0.602015, 0.602015, 0.602715, 0.602222]
[0.602222, 0.602222, 0.602222, 0.602222, 0.602222, 0.602222, 0.602715, 0.602222]
[0.602222, 0.602222, 0.602222, 0.602222, 0.602222, 0.602222, 0.602715, 0.602222]
[0.602222, 0.602222, 0.602222, 0.602222, 0.602222, 0.602222, 0.602715, 0.602222]
[0.602715, 0.602222, 0.602222, 0.602222, 0.602222, 0.602222, 0.602715, 0.602222]
[0.602715, 0.602222, 0.602222, 0.602222, 0.602222, 0.602222, 0.602715, 0.602715]
[0.602715, 0.602715, 0.602222, 0.602222, 0.602222, 0.602715, 0.602715, 0.602715]
[0.602715, 0.602715, 0.602222, 0.602222, 0.602222, 0.602715, 0.602715, 0.602715]
[0.602715, 0.602715, 0.602715, 0.602222, 0.602715, 0.602715, 0.602715, 0.602715]
[0.602715, 0.602715, 0.602715, 0.602222, 0.602715, 0.602715, 0.602715, 0.602715]
[0.602715, 0.602715, 0.602715, 0.602715, 0.602715, 0.602715, 0.602715, 0.602715]
[0.602715, 0.602715, 0.602715, 0.602715, 0.602715, 0.602715, 0.602715, 0.602715]
[0.602715, 0.602715, 0.602715, 0.602715, 0.602715, 0.602715, 0.602715, 0.602715]
[0.602715, 0.602715, 0.602715, 0.602715, 0.602715, 0.602715, 0.602715, 0.602715]
[0.603755, 0.602715, 0.602715, 0.602715, 0.602715, 0.603755, 0.603755, 0.602715]
[0.603755, 0.602715, 0.602715, 0.602715, 0.602715, 0.603755, 0.603755, 0.603755]
[0.604875, 0.604875, 0.603835, 0.603835, 0.604875, 0.604875, 0.604302, 0.604302]
[0.604875, 0.604875, 0.604377, 0.604875, 0.604875, 0.604393, 0.604393, 0.604875]
[0.604393, 0.604875, 0.604377, 0.604377, 0.604393, 0.604393, 0.604393, 0.604393]
[0.604478, 0.603982, 0.604461, 0.604461, 0.604478, 0.604478, 0.604478, 0.603982]
[0.604478, 0.603982, 0.603982, 0.603982, 0.603982, 0.604478, 0.604478, 0.603982]
[0.603489, 0.603982, 0.603982, 0.603982, 0.603982, 0.603489, 0.603489, 0.603982]
[0.603489, 0.603489, 0.603982, 0.603443, 0.603489, 0.603489, 0.603489, 0.603489]
[0.603489, 0.603489, 0.603489, 0.603443, 0.603443, 0.603489, 0.603489, 0.603489]
[0.603489, 0.603489, 0.603443, 0.603443, 0.603443, 0.603489, 0.603489, 0.603489]
[0.603489, 0.603489, 0.603443, 0.603443, 0.603443, 0.603489, 0.603489, 0.603489]
[0.603489, 0.603489, 0.603443, 0.603443, 0.603443, 0.603489, 0.603489, 0.603489]
[0.603489, 0.603489, 0.603443, 0.603443, 0.603443, 0.603443, 0.603489, 0.603489]
[0.603489, 0.603443, 0.603443, 0.603443, 0.603443, 0.603443, 0.603489, 0.603489]
[0.603489, 0.603443, 0.603443, 0.603443, 0.603443, 0.603443, 0.603489, 0.603489]
[0.603489, 0.603443, 0.603443, 0.603443, 0.603443, 0.603443, 0.603489, 0.603443]
[0.603443, 0.603443, 0.603443, 0.603443, 0.603443, 0.603443, 0.603443, 0.603443]
[0.603443, 0.603443, 0.603443, 0.603443, 0.603443, 0.603443, 0.603443, 0.603443]
[0.603443, 0.603443, 0.603443, 0.603443, 0.603443, 0.603443, 0.603443, 0.603443]
[0.603443, 0.603443, 0.603443, 0.603443, 0.603443, 0.603443, 0.603443, 0.603443]
[0.603443, 0.603443, 0.603443, 0.603443, 0.603443, 0.603443, 0.603443, 0.603443]
[0.603672, 0.603672, 0.603672, 0.603443, 0.603443, 0.603443, 0.603443, 0.603672]
[0.603672, 0.603672, 0.603672, 0.603672, 0.603443, 0.603443, 0.603672, 0.603672]
[0.603672, 0.603672, 0.603672, 0.603672, 0.603672, 0.603672, 0.603672, 0.603672]
[0.603672, 0.603672, 0.603672, 0.603672, 0.603672, 0.603672, 0.603672, 0.603672]
[0.603945, 0.603945, 0.603945, 0.603945, 0.603945, 0.603945, 0.603945, 0.603945]
[0.603945, 0.603945, 0.603945, 0.603945, 0.603945, 0.603945, 0.603945, 0.603945]
[0.603945, 0.603945, 0.603945, 0.603945, 0.603945, 0.603945, 0.603945, 0.603945]
[0.603945, 0.603945, 0.603945, 0.603945, 0.603778, 0.603778, 0.603945, 0.603945]
[0.603945, 0.603945, 0.603945, 0.603945, 0.603778, 0.603778, 0.603945, 0.603945]
[0.603945, 0.603945, 0.603945, 0.603778, 0.603778, 0.603778, 0.603778, 0.603945]
[0.603778, 0.603945, 0.603574, 0.603434, 0.603778, 0.603778, 0.603778, 0.603945]
[0.603778, 0.603434, 0.603434, 0.603434, 0.603778, 0.603778, 0.603778, 0.603434]
[0.603434, 0.603434, 0.603434, 0.603434, 0.603434, 0.603434, 0.603434, 0.603434]
[0.603434, 0.603434, 0.603434, 0.603434, 0.603434, 0.603434, 0.603022, 0.603434]
[0.603022, 0.603434, 0.603434, 0.603434, 0.603434, 0.603022, 0.603022, 0.603022]
[0.603022, 0.603022, 0.603434, 0.603434, 0.603434, 0.603022, 0.603022, 0.603022]
[0.603022, 0.603022, 0.603434, 0.603434, 0.603434, 0.603022, 0.60225, 0.60225]
[0.60225, 0.60225, 0.603022, 0.603434, 0.603022, 0.60225, 0.60225, 0.60225]
[0.60225, 0.602749, 0.60352, 0.603932, 0.603022, 0.60225, 0.60225, 0.602749]
[0.602774, 0.602774, 0.603545, 0.603545, 0.602774, 0.602774, 0.602774, 0.602774]
[0.602774, 0.602774, 0.602774, 0.603693, 0.602774, 0.602774, 0.602774, 0.602774]
[0.603693, 0.603693, 0.603693, 0.603693, 0.603693, 0.603693, 0.602774, 0.602774]
[0.603693, 0.603693, 0.603444, 0.603693, 0.603444, 0.603444, 0.603693, 0.603693]
[0.603474, 0.603444, 0.603444, 0.603693, 0.603444, 0.603444, 0.603474, 0.603693]
[0.603218, 0.603188, 0.603188, 0.603188, 0.603444, 0.603444, 0.603474, 0.603218]
[0.603218, 0.603188, 0.603188, 0.603188, 0.603188, 0.603188, 0.603218, 0.603218]
[0.603218, 0.602989, 0.602959, 0.603188, 0.603188, 0.603218, 0.603218, 0.602989]
[0.602989, 0.602989, 0.602959, 0.602959, 0.603188, 0.603218, 0.602989, 0.602989]
[0.602989, 0.602989, 0.602989, 0.602959, 0.602959, 0.602989, 0.602989, 0.602989]
[0.602684, 0.602989, 0.602989, 0.602989, 0.602684, 0.602684, 0.602684, 0.602989]
[0.602684, 0.602684, 0.602684, 0.602953, 0.602684, 0.601953, 0.602684, 0.602684]
[0.602229, 0.602684, 0.602684, 0.602953, 0.602222, 0.601498, 0.602229, 0.602684]
[0.602229, 0.602955, 0.602953, 0.602953, 0.602222, 0.601498, 0.601498, 0.6025]
[0.601763, 0.6025, 0.603224, 0.602222, 0.601767, 0.601498, 0.601763, 0.6025]
[0.601763, 0.601763, 0.602488, 0.602488, 0.602032, 0.601763, 0.601763, 0.601763]
[0.601763, 0.602529, 0.602792, 0.602032, 0.602032, 0.602032, 0.601763, 0.602529]
[0.602529, 0.602529, 0.602792, 0.602792, 0.602032, 0.602032, 0.602529, 0.602529]
[0.602792, 0.602792, 0.602792, 0.602792, 0.602792, 0.602792, 0.602529, 0.602529]
[0.602792, 0.602792, 0.602792, 0.602792, 0.602792, 0.602792, 0.602529, 0.602529]
[0.602792, 0.602792, 0.602792, 0.602792, 0.602792, 0.604151, 0.602529, 0.602529]
[0.602792, 0.602792, 0.602792, 0.602792, 0.604151, 0.604151, 0.603887, 0.602529]
[0.604886, 0.602792, 0.602792, 0.604151, 0.604151, 0.604886, 0.604622, 0.604151]
[0.604886, 0.604886, 0.604886, 0.604886, 0.604886, 0.604886, 0.604886, 0.604886]
[0.604886, 0.604886, 0.604886, 0.604886, 0.604886, 0.604886, 0.604886, 0.604886]
[0.604886, 0.604886, 0.604886, 0.604886, 0.604886, 0.604886, 0.604886, 0.604886]
[0.604886, 0.604886, 0.604886, 0.604886, 0.604886, 0.604886, 0.604886, 0.604886]
[0.604886, 0.604886, 0.604886, 0.604886, 0.604886, 0.604886, 0.604886, 0.604886]
[0.604886, 0.604886, 0.604886, 0.604886, 0.604886, 0.604886, 0.604886, 0.604886]
[0.604886, 0.604886, 0.604886, 0.604886, 0.604886, 0.604886, 0.604886, 0.604886]
[0.604886, 0.604886, 0.604886, 0.604886, 0.604886, 0.604886, 0.604886, 0.604886]
[0.604886, 0.60362, 0.604886, 0.604886, 0.604886, 0.604886, 0.604886, 0.604886]
[0.60362, 0.60362, 0.60362, 0.604886, 0.604886, 0.604886, 0.604886, 0.60362]
[0.60362, 0.60362, 0.60362, 0.604886, 0.604886, 0.604886, 0.60362, 0.60362]
[0.60362, 0.60362, 0.60362, 0.604886, 0.604886, 0.604886, 0.60362, 0.60362]
[0.60362, 0.60362, 0.60362, 0.604886, 0.604886, 0.604886, 0.60362, 0.60362]
[0.60362, 0.60362, 0.60362, 0.604886, 0.604886, 0.604886, 0.60362, 0.60362]
[0.60362, 0.60362, 0.60362, 0.60362, 0.604886, 0.604886, 0.60362, 0.60362]
[0.60362, 0.60362, 0.60362, 0.60362, 0.604886, 0.60362, 0.60362, 0.60362]
[0.604078, 0.604078, 0.604078, 0.604078, 0.604886, 0.604078, 0.604078, 0.604078]
[0.605117, 0.604078, 0.604078, 0.604078, 0.605343, 0.604078, 0.605117, 0.604078]
[0.603792, 0.603792, 0.604078, 0.604078, 0.604579, 0.605618, 0.605117, 0.605117]
[0.603028, 0.603792, 0.602752, 0.602752, 0.603254, 0.603028, 0.603028, 0.603792]
[0.603028, 0.603792, 0.602752, 0.602208, 0.601443, 0.603028, 0.603028, 0.603792]
[0.602483, 0.603248, 0.603248, 0.601443, 0.602483, 0.602483, 0.602483, 0.603248]
[0.602483, 0.603248, 0.603248, 0.602483, 0.602483, 0.602483, 0.602483, 0.603248]
[0.602483, 0.602483, 0.602483, 0.602483, 0.602483, 0.602483, 0.602483, 0.602483]
[0.602483, 0.602483, 0.602483, 0.602483, 0.602483, 0.602483, 0.602483, 0.602483]
[0.602483, 0.602483, 0.602976, 0.602483, 0.602483, 0.602483, 0.602483, 0.602483]
[0.602483, 0.602483, 0.602976, 0.602483, 0.602483, 0.602483, 0.602483, 0.602483]
[0.602483, 0.602976, 0.602976, 0.602483, 0.601987, 0.602483, 0.602483, 0.602483]
[0.602483, 0.602976, 0.602483, 0.602483, 0.601987, 0.602483, 0.602483, 0.602976]
[0.602483, 0.602483, 0.602483, 0.602483, 0.602483, 0.601987, 0.602483, 0.602976]
[0.602483, 0.602483, 0.602483, 0.602483, 0.602483, 0.601987, 0.602483, 0.602483]
[0.602483, 0.602483, 0.602483, 0.602483, 0.602483, 0.602483, 0.602483, 0.602483]
[0.602483, 0.602483, 0.602483, 0.602483, 0.602483, 0.602483, 0.602483, 0.602483]
[0.602483, 0.602483, 0.602483, 0.602483, 0.602483, 0.602483, 0.602483, 0.602483]
[0.602483, 0.602483, 0.602483, 0.602483, 0.602483, 0.602483, 0.602483, 0.602483]
[0.602483, 0.602483, 0.602483, 0.602483, 0.601617, 0.602483, 0.602483, 0.602483]
[0.602483, 0.602483, 0.602483, 0.602483, 0.601617, 0.602483, 0.602483, 0.602483]
[0.602483, 0.602483, 0.602483, 0.601617, 0.601617, 0.601617, 0.602483, 0.602483]
[0.602483, 0.602483, 0.602483, 0.601617, 0.601617, 0.601617, 0.602483, 0.602483]
[0.602483, 0.602483, 0.602483, 0.601617, 0.601617, 0.601617, 0.602483, 0.602483]
[0.602483, 0.602483, 0.602483, 0.601617, 0.601617, 0.601617, 0.601617, 0.602483]
[0.601617, 0.602483, 0.601617, 0.601617, 0.601617, 0.601617, 0.601617, 0.602483]
[0.601617, 0.601617, 0.601617, 0.601617, 0.601617, 0.601617, 0.601617, 0.601617]
[0.601617, 0.601617, 0.601617, 0.601617, 0.601617, 0.601617, 0.601617, 0.601617]
[0.601617, 0.601617, 0.601617, 0.60013, 0.601617, 0.601617, 0.601617, 0.601617]
[0.601617, 0.601617, 0.60013, 0.60013, 0.60013, 0.601617, 0.601617, 0.601617]
[0.601617, 0.60013, 0.60013, 0.60013, 0.60013, 0.60013, 0.60013, 0.60013]
[0.60013, 0.60013, 0.60013, 0.60013, 0.601199, 0.60013, 0.60013, 0.60013]
[0.60013, 0.60013, 0.60013, 0.60013, 0.601199, 0.601199, 0.60013, 0.60013]
[0.60013, 0.60013, 0.60013, 0.601199, 0.601199, 0.601199, 0.601199, 0.60013]
[0.601199, 0.601199, 0.601199, 0.601199, 0.601199, 0.601199, 0.601199, 0.601199]
[0.601199, 0.601199, 0.601199, 0.601199, 0.601455, 0.601455, 0.601455, 0.601199]
[0.601455, 0.601199, 0.601199, 0.601199, 0.600549, 0.600549, 0.600549, 0.601199]
[0.600549, 0.600549, 0.601455, 0.600549, 0.600549, 0.600549, 0.600549, 0.600549]
[0.600549, 0.600549, 0.600549, 0.600549, 0.600549, 0.600549, 0.600549, 0.600549]
[0.600549, 0.600549, 0.600549, 0.600549, 0.600549, 0.600549, 0.600549, 0.600549]
[0.600549, 0.600372, 0.600372, 0.600549, 0.600549, 0.600549, 0.600549, 0.600372]
[0.600372, 0.600372, 0.600612, 0.600612, 0.600612, 0.600372, 0.600372, 0.600372]
[0.600372, 0.600612, 0.600612, 0.600612, 0.600612, 0.600612, 0.600612, 0.600612]
[0.600612, 0.600612, 0.600612, 0.600612, 0.600612, 0.600612, 0.600612, 0.600612]
[0.600612, 0.600612, 0.600612, 0.600612, 0.600612, 0.600612, 0.600612, 0.600612]
[0.600612, 0.600612, 0.600612, 0.600612, 0.600612, 0.600612, 0.600612, 0.600612]
[0.600612, 0.600612, 0.600612, 0.600612, 0.600612, 0.599572, 0.600612, 0.600612]
[0.599173, 0.599173, 0.599173, 0.599173, 0.599173, 0.598132, 0.598132, 0.599173]
[0.598132, 0.599173, 0.599173, 0.599173, 0.598132, 0.598132, 0.598132, 0.599173]
[0.598132, 0.598132, 0.599173, 0.599173, 0.598132, 0.598132, 0.598132, 0.598132]
[0.598132, 0.598132, 0.599173, 0.598132, 0.598132, 0.598132, 0.598132, 0.598132]
[0.598132, 0.598132, 0.598132, 0.598132, 0.598132, 0.598132, 0.598132, 0.598132]
[0.598132, 0.59962, 0.59962, 0.59962, 0.598132, 0.598132, 0.598132, 0.59962]
[0.59962, 0.59962, 0.59962, 0.59962, 0.59962, 0.598132, 0.59962, 0.59962]
[0.59962, 0.59962, 0.59962, 0.59962, 0.59962, 0.59962, 0.59962, 0.59962]
[0.59962, 0.59962, 0.59962, 0.59962, 0.59962, 0.59962, 0.59962, 0.59962]
[0.59962, 0.599126, 0.59962, 0.59962, 0.59962, 0.59962, 0.59962, 0.599126]
[0.599126, 0.599126, 0.599126, 0.59962, 0.59962, 0.59962, 0.599126, 0.599126]
[0.599126, 0.599126, 0.599126, 0.599126, 0.59962, 0.59962, 0.599126, 0.599126]
[0.599126, 0.599126, 0.599126, 0.599126, 0.599126, 0.599126, 0.599126, 0.599126]
[0.599126, 0.599126, 0.599126, 0.599126, 0.599126, 0.599126, 0.599126, 0.599126]
[0.599126, 0.599126, 0.599126, 0.599126, 0.599126, 0.599126, 0.599126, 0.599126]
[0.599126, 0.599126, 0.599126, 0.599126, 0.599126, 0.599126, 0.599126, 0.599126]
[0.599126, 0.599126, 0.599126, 0.599126, 0.599126, 0.599126, 0.599126, 0.599126]
[0.599126, 0.599126, 0.599126, 0.599126, 0.599126, 0.599126, 0.599126, 0.599425]
[0.599425, 0.599425, 0.599126, 0.599126, 0.599126, 0.599126, 0.599425, 0.599425]
[0.599425, 0.599425, 0.599425, 0.599126, 0.599126, 0.599425, 0.599425, 0.599425]
[0.599425, 0.599425, 0.599425, 0.599425, 0.599126, 0.599425, 0.599425, 0.599425]
[0.599821, 0.599821, 0.599821, 0.599425, 0.599425, 0.599425, 0.599821, 0.599821]
[0.599821, 0.599821, 0.599821, 0.599821, 0.599768, 0.599768, 0.599821, 0.599821]
[0.599289, 0.599341, 0.599821, 0.599768, 0.599768, 0.599768, 0.599289, 0.599341]
[0.599289, 0.599289, 0.599289, 0.599289, 0.599768, 0.599289, 0.599289, 0.599289]
[0.599289, 0.599289, 0.599289, 0.599289, 0.599289, 0.599289, 0.599289, 0.599289]
[0.599289, 0.599289, 0.599289, 0.599289, 0.599289, 0.599289, 0.599289, 0.599289]
[0.599289, 0.599289, 0.599289, 0.599289, 0.599289, 0.599289, 0.599289, 0.599289]
[0.599289, 0.599289, 0.599289, 0.599289, 0.599289, 0.599289, 0.599289, 0.599289]
[0.599289, 0.599289, 0.599783, 0.599783, 0.599289, 0.599289, 0.599289, 0.599289]
[0.599289, 0.599289, 0.599783, 0.599783, 0.599783, 0.599289, 0.599289, 0.599289]
[0.599289, 0.599783, 0.599783, 0.599783, 0.599783, 0.599289, 0.599289, 0.599289]
[0.599783, 0.599783, 0.599783, 0.599783, 0.599783, 0.599783, 0.599783, 0.599783]
[0.599783, 0.599783, 0.599783, 0.599783, 0.599783, 0.599783, 0.599783, 0.599783]
[0.599783, 0.599783, 0.599783, 0.599783, 0.599783, 0.599783, 0.599783, 0.599783]
[0.599783, 0.599783, 0.599783, 0.599783, 0.599783, 0.599783, 0.599783, 0.599783]
[0.599783, 0.599783, 0.599783, 0.599783, 0.599783, 0.599783, 0.599783, 0.599783]
[0.599783, 0.599783, 0.599783, 0.599783, 0.599783, 0.599783, 0.599783, 0.599783]
[0.599783, 0.599783, 0.599783, 0.599783, 0.599783, 0.599783, 0.599783, 0.599783]
[0.599783, 0.599783, 0.599783, 0.599783, 0.599783, 0.599783, 0.599783, 0.599783]
[0.599783, 0.599783, 0.599783, 0.599783, 0.599783, 0.599783, 0.599783, 0.599783]
[0.599783, 0.598728, 0.599783, 0.599783, 0.599783, 0.599783, 0.599783, 0.598728]
[0.598728, 0.598728, 0.598728, 0.599783, 0.599783, 0.599783, 0.598728, 0.598728]
[0.598728, 0.598728, 0.598728, 0.598728, 0.598728, 0.598728, 0.598728, 0.598728]
[0.598728, 0.598728, 0.598728, 0.598728, 0.598728, 0.598728, 0.598728, 0.598728]
[0.598728, 0.598728, 0.598728, 0.598728, 0.598728, 0.598728, 0.598728, 0.598728]
[0.598728, 0.598728, 0.598728, 0.598728, 0.598728, 0.598728, 0.598728, 0.598728]
[0.598728, 0.598728, 0.598728, 0.598728, 0.598728, 0.598728, 0.598728, 0.598728]
[0.598728, 0.598728, 0.598728, 0.598728, 0.598728, 0.598728, 0.598728, 0.598728]
[0.598728, 0.598728, 0.598728, 0.598728, 0.598728, 0.598728, 0.598728, 0.598728]
[0.598728, 0.598728, 0.598728, 0.598728, 0.598728, 0.598728, 0.598728, 0.598728]
[0.598728, 0.598728, 0.598728, 0.598728, 0.598728, 0.598728, 0.598728, 0.598728]
[0.598728, 0.598728, 0.598728, 0.598728, 0.598728, 0.598728, 0.598728, 0.598728]
[0.598728, 0.598728, 0.598728, 0.598728, 0.598728, 0.598728, 0.598728, 0.598728]
[0.598728, 0.598728, 0.598728, 0.598728, 0.598728, 0.598728, 0.598728, 0.598728]
[0.598728, 0.598233, 0.598233, 0.598728, 0.599449, 0.599449, 0.598728, 0.598728]
[0.598233, 0.598233, 0.598233, 0.598233, 0.599449, 0.599449, 0.598728, 0.598233]
[0.598233, 0.598233, 0.598233, 0.598434, 0.599449, 0.599449, 0.598233, 0.598233]
[0.598233, 0.598233, 0.597713, 0.598434, 0.598434, 0.599449, 0.598954, 0.598233]
[0.598434, 0.597713, 0.598434, 0.598434, 0.598434, 0.598434, 0.598434, 0.597713]
[0.598434, 0.598434, 0.598434, 0.598434, 0.598434, 0.598434, 0.598434, 0.598434]
[0.598434, 0.598434, 0.598434, 0.598434, 0.598434, 0.598434, 0.598434, 0.598434]
[0.598434, 0.598434, 0.598434, 0.598434, 0.598434, 0.598804, 0.598434, 0.598434]
[0.598804, 0.598434, 0.598434, 0.598434, 0.598804, 0.598804, 0.598804, 0.598434]
[0.598804, 0.598804, 0.598434, 0.599002, 0.599002, 0.598804, 0.598804, 0.598804]
[0.598804, 0.598804, 0.599002, 0.599002, 0.599002, 0.599002, 0.598804, 0.598804]
[0.598804, 0.598804, 0.599002, 0.599002, 0.599002, 0.599002, 0.598804, 0.598804]
[0.599002, 0.599002, 0.599002, 0.599002, 0.599059, 0.599059, 0.599002, 0.598804]
[0.598772, 0.598772, 0.598772, 0.599059, 0.599059, 0.599059, 0.598772, 0.598772]
[0.598772, 0.598772, 0.598772, 0.598772, 0.599059, 0.599059, 0.598772, 0.598772]
[0.598772, 0.598772, 0.598772, 0.598772, 0.598772, 0.598772, 0.598772, 0.598772]
[0.598772, 0.598772, 0.59828, 0.59828, 0.598772, 0.598772, 0.598772, 0.598772]
[0.59828, 0.59828, 0.59828, 0.59828, 0.59828, 0.59828, 0.598772, 0.59828]
[0.59828, 0.599307, 0.599307, 0.599307, 0.599307, 0.599307, 0.599307, 0.599307]
[0.599307, 0.599307, 0.599307, 0.599307, 0.599307, 0.599307, 0.599307, 0.599307]
[0.599307, 0.599307, 0.599307, 0.599307, 0.599307, 0.599307, 0.599307, 0.599307]
[0.599307, 0.599307, 0.599307, 0.599307, 0.599307, 0.599307, 0.599307, 0.599307]
[0.599307, 0.599307, 0.599307, 0.599307, 0.599307, 0.599307, 0.599307, 0.599307]
[0.599307, 0.599307, 0.599307, 0.599307, 0.599307, 0.599307, 0.599307, 0.599307]
[0.599307, 0.599307, 0.599307, 0.599307, 0.599307, 0.599307, 0.599307, 0.599307]
[0.599307, 0.599307, 0.599307, 0.599307, 0.599307, 0.599307, 0.599307, 0.599307]
[0.599307, 0.599307, 0.599307, 0.599307, 0.599307, 0.599307, 0.599307, 0.599307]
[0.599307, 0.599307, 0.599307, 0.599307, 0.599307, 0.599307, 0.599307, 0.599307]
[0.599307, 0.599307, 0.599307, 0.599307, 0.599307, 0.599307, 0.599307, 0.599307]
[0.599307, 0.599307, 0.599307, 0.599307, 0.599307, 0.599307, 0.599307, 0.599307]
[0.599307, 0.599307, 0.599307, 0.599307, 0.599307, 0.599307, 0.599307, 0.599307]
[0.599307, 0.599307, 0.599307, 0.599307, 0.599307, 0.599307, 0.599307, 0.599307]
[0.599307, 0.599307, 0.599307, 0.599307, 0.599307, 0.599307, 0.599307, 0.599307]
[0.599307, 0.599307, 0.599307, 0.599307, 0.599307, 0.599307, 0.599307, 0.599307]
[0.599307, 0.599307, 0.599307, 0.599117, 0.599307, 0.599307, 0.599307, 0.599307]
[0.599307, 0.599307, 0.599117, 0.599117, 0.599307, 0.599307, 0.599307, 0.599307]
[0.599307, 0.599307, 0.599117, 0.599117, 0.599117, 0.599307, 0.599307, 0.599307]
[0.599307, 0.599117, 0.599117, 0.599117, 0.599117, 0.599307, 0.599307, 0.599307]
[0.599307, 0.599117, 0.599117, 0.599117, 0.599117, 0.599307, 0.599307, 0.599117]
[0.599307, 0.599117, 0.599117, 0.599117, 0.599117, 0.599117, 0.599307, 0.599117]
[0.599117, 0.599117, 0.599117, 0.599117, 0.599117, 0.599117, 0.599117, 0.599117]
[0.599117, 0.599117, 0.599609, 0.599609, 0.599117, 0.599117, 0.599117, 0.599117]
[0.599117, 0.599609, 0.599609, 0.599609, 0.599609, 0.599117, 0.599117, 0.599117]
[0.599609, 0.599609, 0.599609, 0.599609, 0.599264, 0.599117, 0.599117, 0.599117]
[0.599609, 0.599609, 0.599609, 0.599609, 0.599264, 0.599117, 0.599117, 0.599609]
[0.599609, 0.599609, 0.599609, 0.599609, 0.599264, 0.599609, 0.599609, 0.599609]
[0.599609, 0.599609, 0.599609, 0.599609, 0.599264, 0.599609, 0.599609, 0.599609]
[0.599609, 0.599609, 0.599609, 0.599264, 0.599264, 0.599609, 0.599609, 0.599609]
[0.599609, 0.599609, 0.599609, 0.599264, 0.599264, 0.599609, 0.599609, 0.599609]
[0.599609, 0.599609, 0.599609, 0.599264, 0.599264, 0.599609, 0.599609, 0.599609]
[0.599609, 0.599609, 0.599609, 0.599264, 0.599264, 0.599609, 0.599609, 0.599609]
[0.599609, 0.599609, 0.599609, 0.599264, 0.599264, 0.599264, 0.599609, 0.599609]
[0.599609, 0.599609, 0.599609, 0.599264, 0.599264, 0.599264, 0.599609, 0.599609]
[0.599609, 0.599609, 0.599609, 0.599264, 0.599264, 0.599264, 0.599609, 0.599609]
[0.599609, 0.599609, 0.599264, 0.599264, 0.599264, 0.599264, 0.599609, 0.599609]
[0.599609, 0.599609, 0.599264, 0.599264, 0.599264, 0.599264, 0.599609, 0.599609]
[0.599651, 0.599651, 0.599306, 0.599306, 0.599264, 0.599264, 0.599651, 0.599651]
[0.599651, 0.599651, 0.599306, 0.599306, 0.599306, 0.599306, 0.599651, 0.599651]
[0.599651, 0.599651, 0.599306, 0.599306, 0.599306, 0.599306, 0.599306, 0.599651]
[0.599306, 0.599306, 0.599306, 0.599306, 0.599306, 0.599306, 0.599306, 0.599651]
[0.599306, 0.599306, 0.599306, 0.599306, 0.599306, 0.599306, 0.599306, 0.599306]
[0.599306, 0.599306, 0.599306, 0.599306, 0.599306, 0.599306, 0.599306, 0.599306]
[0.599306, 0.599306, 0.599306, 0.599306, 0.599306, 0.599306, 0.599306, 0.599306]
[0.599306, 0.599306, 0.599306, 0.599306, 0.599306, 0.599306, 0.599306, 0.599306]
[0.599306, 0.599306, 0.599306, 0.599306, 0.599306, 0.599306, 0.599306, 0.599306]
[0.599306, 0.599306, 0.599306, 0.599306, 0.599306, 0.599306, 0.599306, 0.599276]
[0.599306, 0.599276, 0.599276, 0.599276, 0.598814, 0.599306, 0.599276, 0.599276]
[0.599276, 0.599276, 0.599276, 0.598784, 0.598784, 0.598784, 0.599276, 0.599276]
[0.598784, 0.598784, 0.598784, 0.598784, 0.598784, 0.598784, 0.598784, 0.599276]
[0.598784, 0.598784, 0.598784, 0.598784, 0.598784, 0.598784, 0.598784, 0.598784]
[0.598784, 0.598784, 0.598784, 0.598784, 0.598784, 0.598784, 0.598784, 0.598784]
[0.598784, 0.598784, 0.598784, 0.598784, 0.598784, 0.598784, 0.598784, 0.598784]
[0.598784, 0.598784, 0.598784, 0.598784, 0.598784, 0.598784, 0.598784, 0.598784]
[0.598784, 0.598784, 0.598784, 0.598784, 0.598784, 0.598784, 0.598784, 0.598784]
[0.598784, 0.598784, 0.598784, 0.598784, 0.598784, 0.598784, 0.598784, 0.598784]
[0.598784, 0.598784, 0.598784, 0.598784, 0.598784, 0.598784, 0.598784, 0.598784]
[0.598784, 0.598784, 0.598784, 0.598784, 0.598784, 0.598784, 0.598784, 0.598784]
[0.598784, 0.598784, 0.598784, 0.598784, 0.598784, 0.598784, 0.598784, 0.598784]
[0.598784, 0.598784, 0.598784, 0.598784, 0.598784, 0.598784, 0.598784, 0.598784]
[0.598784, 0.598784, 0.598784, 0.598784, 0.598784, 0.598784, 0.598784, 0.598784]
[0.598784, 0.598784, 0.598784, 0.599075, 0.598784, 0.598784, 0.598784, 0.598784]
[0.599075, 0.599075, 0.599075, 0.599075, 0.599075, 0.599075, 0.599075, 0.599075]
[0.599075, 0.599075, 0.599075, 0.599075, 0.599075, 0.599075, 0.599075, 0.599075]
[0.599075, 0.599075, 0.599075, 0.599075, 0.599075, 0.599075, 0.599075, 0.599075]
[0.599075, 0.599075, 0.599075, 0.599075, 0.599075, 0.599075, 0.599075, 0.599075]
[0.599075, 0.599075, 0.599075, 0.599075, 0.599075, 0.599075, 0.599075, 0.599075]
[0.599075, 0.599075, 0.599075, 0.599075, 0.599075, 0.599075, 0.599075, 0.599075]
[0.599075, 0.599075, 0.599075, 0.599075, 0.599075, 0.599075, 0.599075, 0.599075]
[0.599075, 0.599075, 0.599075, 0.599075, 0.599075, 0.59965, 0.599075, 0.599075]
[0.599075, 0.599075, 0.599075, 0.599075, 0.599075, 0.59965, 0.59965, 0.599075]
[0.599075, 0.599075, 0.599075, 0.599075, 0.59965, 0.59965, 0.59965, 0.599075]
[0.59965, 0.599075, 0.599075, 0.59965, 0.59965, 0.59965, 0.59965, 0.59965]
[0.59965, 0.59965, 0.599075, 0.59965, 0.59965, 0.59965, 0.59965, 0.59965]
[0.59965, 0.59965, 0.59965, 0.59965, 0.59965, 0.59965, 0.59965, 0.59965]
[0.59965, 0.59965, 0.600145, 0.59965, 0.59965, 0.59965, 0.59965, 0.59965]
[0.59965, 0.600145, 0.600145, 0.600145, 0.59965, 0.59965, 0.59965, 0.600145]
[0.59965, 0.600145, 0.600145, 0.600145, 0.600145, 0.59965, 0.59965, 0.600145]
[0.600145, 0.598447, 0.598447, 0.600145, 0.600145, 0.59965, 0.600145, 0.600145]
[0.598447, 0.598447, 0.598447, 0.598447, 0.598447, 0.600145, 0.598447, 0.598447]
[0.598447, 0.598447, 0.598447, 0.598447, 0.598447, 0.598447, 0.598447, 0.598447]
[0.598447, 0.598447, 0.599016, 0.599016, 0.598447, 0.598447, 0.598447, 0.598447]
[0.598939, 0.599508, 0.599016, 0.599016, 0.598447, 0.598447, 0.598939, 0.599508]
[0.599508, 0.599508, 0.599963, 0.599471, 0.599016, 0.598939, 0.598939, 0.599508]
[0.599508, 0.599508, 0.599963, 0.599963, 0.599508, 0.599508, 0.599508, 0.599508]
[0.599508, 0.599963, 0.599963, 0.599963, 0.599508, 0.599508, 0.599508, 0.599508]
[0.599508, 0.599963, 0.599963, 0.599963, 0.599963, 0.599508, 0.599508, 0.599508]
[0.599508, 0.599963, 0.599963, 0.599963, 0.599963, 0.599508, 0.599508, 0.599963]
[0.599508, 0.599963, 0.599963, 0.599963, 0.599963, 0.599508, 0.599508, 0.599963]
[0.599963, 0.598151, 0.598151, 0.598151, 0.599963, 0.599508, 0.599508, 0.599963]
[0.598151, 0.598151, 0.598151, 0.598151, 0.598151, 0.598151, 0.598151, 0.598151]
[0.598151, 0.598151, 0.598151, 0.598151, 0.598151, 0.598151, 0.598151, 0.598151]
[0.598151, 0.598151, 0.598151, 0.598151, 0.597914, 0.597914, 0.597914, 0.598151]
[0.597914, 0.597914, 0.597914, 0.597914, 0.597914, 0.597914, 0.597914, 0.597914]
[0.597914, 0.596898, 0.596898, 0.597914, 0.597914, 0.597914, 0.597914, 0.597914]
[0.596898, 0.596898, 0.596898, 0.596898, 0.597914, 0.597914, 0.597914, 0.596898]
[0.596898, 0.596898, 0.596898, 0.596898, 0.596898, 0.596898, 0.596898, 0.596898]
[0.596898, 0.596898, 0.596898, 0.596898, 0.596898, 0.596898, 0.596898, 0.596898]
[0.596898, 0.596898, 0.596898, 0.596898, 0.596898, 0.596898, 0.596898, 0.596898]
[0.595408, 0.595408, 0.596898, 0.596898, 0.596898, 0.595408, 0.595408, 0.595408]
[0.595408, 0.593966, 0.593966, 0.593966, 0.593966, 0.595408, 0.595408, 0.595408]
[0.593966, 0.593966, 0.593966, 0.593966, 0.593966, 0.593966, 0.593966, 0.593966]
[0.593966, 0.593966, 0.593966, 0.593966, 0.593966, 0.593966, 0.593966, 0.593966]
[0.593165, 0.593165, 0.593165, 0.593165, 0.593165, 0.593165, 0.593165, 0.593165]
[0.593165, 0.593165, 0.593165, 0.593165, 0.593165, 0.593165, 0.593165, 0.593165]
[0.593165, 0.593165, 0.593165, 0.593165, 0.593165, 0.593165, 0.593165, 0.593165]
[0.593165, 0.593165, 0.593165, 0.593165, 0.593165, 0.593165, 0.593165, 0.593165]
[0.593165, 0.593165, 0.593165, 0.593165, 0.593165, 0.593165, 0.593165, 0.593165]
[0.593718, 0.593718, 0.593165, 0.593165, 0.593165, 0.593165, 0.593165, 0.593165]
[0.593718, 0.593718, 0.593718, 0.593718, 0.593718, 0.593718, 0.593718, 0.593718]
[0.593718, 0.593718, 0.593718, 0.593718, 0.593718, 0.593718, 0.593718, 0.593718]
[0.593718, 0.593718, 0.593718, 0.593718, 0.593718, 0.593718, 0.593718, 0.593718]
[0.593718, 0.593416, 0.593718, 0.593718, 0.593718, 0.593718, 0.593718, 0.593718]
[0.593416, 0.594447, 0.593416, 0.593416, 0.593718, 0.593718, 0.593416, 0.594447]
[0.594447, 0.594447, 0.594447, 0.593416, 0.593416, 0.593416, 0.594447, 0.594447]
[0.594447, 0.594447, 0.594447, 0.593416, 0.593416, 0.593416, 0.594447, 0.594447]
[0.593894, 0.593894, 0.593894, 0.593894, 0.593416, 0.593894, 0.593894, 0.593894]
[0.593894, 0.593894, 0.593894, 0.593894, 0.593894, 0.593894, 0.593894, 0.593894]
[0.593894, 0.593894, 0.593894, 0.593894, 0.593894, 0.593894, 0.593894, 0.593894]
[0.593894, 0.593894, 0.593894, 0.593894, 0.593894, 0.593894, 0.593894, 0.593894]
[0.593894, 0.593894, 0.593894, 0.592941, 0.593894, 0.593894, 0.593894, 0.593894]
[0.593894, 0.594306, 0.594306, 0.593353, 0.593894, 0.593894, 0.593894, 0.594306]
[0.594306, 0.594306, 0.593353, 0.593353, 0.593353, 0.594306, 0.594306, 0.594306]
[0.594306, 0.594306, 0.593353, 0.593353, 0.593353, 0.594306, 0.594306, 0.594306]
[0.594306, 0.593353, 0.593353, 0.593353, 0.593353, 0.593353, 0.594306, 0.594306]
[0.594306, 0.593353, 0.593353, 0.593353, 0.593353, 0.593353, 0.593353, 0.593353]
[0.593353, 0.593353, 0.593353, 0.593353, 0.593353, 0.593353, 0.593353, 0.593353]
[0.592164, 0.592164, 0.592476, 0.592476, 0.593353, 0.592164, 0.592164, 0.592164]
[0.592164, 0.592164, 0.592164, 0.592164, 0.592164, 0.592164, 0.592164, 0.592164]
[0.592164, 0.592164, 0.592164, 0.592164, 0.592164, 0.592164, 0.592164, 0.592164]
[0.592164, 0.592164, 0.592164, 0.592164, 0.592164, 0.592164, 0.592164, 0.592164]
[0.592164, 0.592164, 0.592164, 0.592164, 0.592164, 0.592164, 0.592164, 0.592164]
[0.592164, 0.592164, 0.592164, 0.592164, 0.592164, 0.592164, 0.592164, 0.592164]
[0.592164, 0.592164, 0.592164, 0.592164, 0.592164, 0.592164, 0.592164, 0.592164]
[0.592164, 0.592164, 0.592164, 0.592164, 0.592164, 0.592164, 0.592164, 0.592164]
[0.592164, 0.592164, 0.592164, 0.592164, 0.592164, 0.592164, 0.592164, 0.592164]
[0.592164, 0.592164, 0.592164, 0.592164, 0.592164, 0.592164, 0.592164, 0.592164]
[0.592164, 0.592164, 0.592164, 0.592164, 0.592164, 0.592164, 0.592164, 0.592164]
[0.592164, 0.592164, 0.592164, 0.592164, 0.592164, 0.592164, 0.592164, 0.592164]
[0.592164, 0.592164, 0.592164, 0.592506, 0.592506, 0.592164, 0.592164, 0.592164]
[0.592164, 0.592164, 0.592506, 0.592506, 0.592506, 0.592506, 0.592164, 0.592164]
[0.591418, 0.591418, 0.590373, 0.590373, 0.591418, 0.591418, 0.591418, 0.591418]
[0.591418, 0.591445, 0.590401, 0.590373, 0.591418, 0.591418, 0.591418, 0.591445]
[0.591445, 0.590401, 0.590401, 0.590401, 0.590373, 0.591418, 0.591418, 0.591445]
[0.591445, 0.590401, 0.590401, 0.590401, 0.590401, 0.590401, 0.591445, 0.590401]
[0.590401, 0.590401, 0.590401, 0.590401, 0.590401, 0.590401, 0.590401, 0.590401]
[0.590401, 0.590401, 0.590401, 0.590401, 0.590401, 0.590401, 0.590401, 0.590401]
[0.590401, 0.590401, 0.590401, 0.590401, 0.590401, 0.590401, 0.590401, 0.590401]
[0.590401, 0.589129, 0.589129, 0.590401, 0.590401, 0.590401, 0.590401, 0.589129]
[0.589129, 0.589129, 0.589129, 0.589366, 0.589366, 0.589129, 0.589129, 0.589129]
[0.589366, 0.589366, 0.589366, 0.589366, 0.589366, 0.589366, 0.589366, 0.589366]
[0.589366, 0.589366, 0.589366, 0.589366, 0.589366, 0.589366, 0.589366, 0.589366]
[0.589366, 0.589366, 0.589366, 0.589366, 0.589366, 0.589366, 0.589366, 0.589366]
[0.589366, 0.589366, 0.589366, 0.589366, 0.589366, 0.589366, 0.589366, 0.589366]
[0.589366, 0.589366, 0.589366, 0.589366, 0.589366, 0.589366, 0.589366, 0.589366]
[0.589366, 0.589366, 0.589366, 0.589366, 0.589366, 0.589366, 0.589366, 0.589366]
[0.589366, 0.589366, 0.589366, 0.589366, 0.589366, 0.589366, 0.589182, 0.589366]
[0.589182, 0.589366, 0.589366, 0.589366, 0.589366, 0.590168, 0.589182, 0.589366]
[0.589984, 0.589366, 0.589366, 0.589366, 0.590168, 0.589984, 0.589984, 0.589182]
[0.589984, 0.589984, 0.589366, 0.590168, 0.590168, 0.589984, 0.589984, 0.589984]
[0.589984, 0.589984, 0.590168, 0.590168, 0.590168, 0.589984, 0.589984, 0.589984]
[0.589984, 0.589984, 0.590168, 0.590168, 0.590168, 0.589984, 0.589984, 0.589984]
[0.588619, 0.588619, 0.589984, 0.590168, 0.589984, 0.589984, 0.588619, 0.588619]
[0.588062, 0.588781, 0.588781, 0.590145, 0.589426, 0.588619, 0.588062, 0.588062]
[0.588062, 0.589008, 0.589008, 0.589008, 0.588781, 0.588062, 0.588062, 0.588781]
[0.589008, 0.589008, 0.589008, 0.589008, 0.589008, 0.588062, 0.588781, 0.589008]
[0.588753, 0.589008, 0.589008, 0.589008, 0.589008, 0.588753, 0.588753, 0.589008]
[0.588753, 0.589008, 0.589008, 0.589008, 0.589008, 0.588753, 0.588753, 0.588753]
[0.588753, 0.588753, 0.589008, 0.589008, 0.588753, 0.588753, 0.588753, 0.588753]
[0.588753, 0.588753, 0.588753, 0.589008, 0.588753, 0.588753, 0.588753, 0.588753]
[0.588753, 0.588753, 0.588753, 0.588753, 0.589295, 0.589295, 0.588753, 0.588753]
[0.589295, 0.589325, 0.589325, 0.589325, 0.589325, 0.589325, 0.589325, 0.589325]
[0.589325, 0.589325, 0.589325, 0.589325, 0.589325, 0.589325, 0.589325, 0.589325]
[0.589325, 0.589325, 0.589325, 0.589325, 0.589325, 0.589325, 0.589325, 0.589325]
[0.589325, 0.589325, 0.589325, 0.589325, 0.589325, 0.589325, 0.589325, 0.589325]
[0.588975, 0.588975, 0.589325, 0.589325, 0.589325, 0.589325, 0.588975, 0.588975]
[0.588975, 0.588975, 0.589325, 0.589325, 0.589325, 0.589325, 0.588975, 0.588975]
[0.588975, 0.588975, 0.588975, 0.589325, 0.589325, 0.588975, 0.588975, 0.588975]
[0.588975, 0.588975, 0.588975, 0.588975, 0.588975, 0.588975, 0.588975, 0.588975]
[0.588975, 0.588975, 0.588975, 0.588975, 0.588975, 0.588975, 0.588975, 0.588975]
[0.588975, 0.588975, 0.588975, 0.588975, 0.588975, 0.588975, 0.588975, 0.588975]
[0.588975, 0.588975, 0.588975, 0.588975, 0.589186, 0.589186, 0.588975, 0.588975]
[0.589541, 0.589541, 0.589891, 0.589891, 0.589046, 0.590105, 0.589541, 0.589541]
[0.589891, 0.589891, 0.589891, 0.588832, 0.589046, 0.590105, 0.589891, 0.589891]
[0.589891, 0.589891, 0.589891, 0.589046, 0.589046, 0.589046, 0.590105, 0.589891]
[0.589891, 0.589891, 0.588832, 0.590091, 0.589046, 0.589046, 0.590105, 0.589891]
[0.589046, 0.589891, 0.589877, 0.589679, 0.589679, 0.588634, 0.589046, 0.589891]
[0.588634, 0.589877, 0.589679, 0.589679, 0.589679, 0.588634, 0.588634, 0.589046]
[0.588634, 0.589679, 0.589679, 0.589679, 0.589679, 0.589679, 0.588634, 0.589679]
[0.589679, 0.588315, 0.588315, 0.588315, 0.589679, 0.589679, 0.589679, 0.588315]
[0.588315, 0.588315, 0.588315, 0.588315, 0.589679, 0.589679, 0.588315, 0.588315]
[0.588315, 0.588315, 0.588315, 0.588315, 0.588315, 0.588315, 0.588315, 0.588315]
[0.588315, 0.588315, 0.588315, 0.588315, 0.587778, 0.587778, 0.588315, 0.588315]
[0.588008, 0.588008, 0.587512, 0.586976, 0.587469, 0.587778, 0.588008, 0.588008]
[0.587792, 0.587835, 0.587298, 0.587298, 0.587469, 0.587469, 0.587469, 0.588331]
[0.587298, 0.587298, 0.587298, 0.587298, 0.587298, 0.587792, 0.587792, 0.587298]
[0.587298, 0.587298, 0.587298, 0.587298, 0.587298, 0.587298, 0.587298, 0.587298]
[0.587298, 0.587298, 0.587298, 0.587298, 0.587298, 0.587298, 0.587298, 0.587298]
[0.587298, 0.587298, 0.587298, 0.587298, 0.587298, 0.587298, 0.587298, 0.587298]
[0.587298, 0.587298, 0.587298, 0.587298, 0.587298, 0.587298, 0.587298, 0.587298]
[0.587298, 0.587298, 0.587298, 0.587298, 0.587298, 0.587298, 0.587298, 0.587298]
[0.587298, 0.587298, 0.587298, 0.587298, 0.587298, 0.587298, 0.587298, 0.587298]
[0.587298, 0.587298, 0.587298, 0.587298, 0.587298, 0.587298, 0.587298, 0.587298]
[0.587298, 0.587298, 0.587298, 0.587298, 0.587298, 0.587298, 0.587298, 0.587298]
[0.587298, 0.587298, 0.587298, 0.587298, 0.587298, 0.587298, 0.587298, 0.587298]
[0.587298, 0.587298, 0.587298, 0.587298, 0.587298, 0.587298, 0.587298, 0.587298]
[0.587298, 0.587298, 0.587026, 0.587026, 0.587298, 0.587298, 0.587298, 0.587298]
[0.587298, 0.587026, 0.587026, 0.587026, 0.587026, 0.587298, 0.587298, 0.587026]
[0.587026, 0.587026, 0.587026, 0.587026, 0.587026, 0.587298, 0.587026, 0.587026]
[0.587013, 0.587013, 0.587013, 0.587013, 0.587013, 0.587013, 0.587013, 0.587013]
[0.587013, 0.587013, 0.587013, 0.587013, 0.587013, 0.587013, 0.587013, 0.587013]
[0.587013, 0.587013, 0.587013, 0.587013, 0.587013, 0.587013, 0.587013, 0.587013]
[0.587013, 0.587013, 0.587013, 0.587013, 0.587013, 0.587013, 0.587013, 0.587013]
[0.587013, 0.587013, 0.587013, 0.587013, 0.587013, 0.587013, 0.587013, 0.587013]
[0.587332, 0.587013, 0.587013, 0.587013, 0.587013, 0.587332, 0.587332, 0.587013]
[0.587332, 0.587332, 0.587013, 0.587013, 0.587332, 0.587332, 0.587332, 0.587332]
[0.587618, 0.587332, 0.587618, 0.587618, 0.587618, 0.587618, 0.587332, 0.587332]
[0.587618, 0.587618, 0.587618, 0.587618, 0.587618, 0.587618, 0.587618, 0.587618]
[0.587618, 0.587618, 0.586902, 0.586902, 0.587618, 0.587618, 0.587618, 0.587618]
[0.587618, 0.586902, 0.586902, 0.586902, 0.586902, 0.587618, 0.587618, 0.587618]
[0.587618, 0.586902, 0.586902, 0.586902, 0.586902, 0.587618, 0.587618, 0.587618]
[0.586902, 0.586902, 0.586902, 0.586902, 0.586902, 0.587618, 0.587618, 0.586902]
[0.586902, 0.586902, 0.586902, 0.586902, 0.586902, 0.586902, 0.586902, 0.586902]
[0.586902, 0.586902, 0.586902, 0.586902, 0.586902, 0.586902, 0.586902, 0.586902]
[0.587883, 0.587883, 0.586902, 0.586902, 0.586902, 0.586902, 0.586902, 0.586902]
[0.587883, 0.587883, 0.587883, 0.586902, 0.586902, 0.587883, 0.587883, 0.587883]
[0.587883, 0.587883, 0.587883, 0.587883, 0.587883, 0.587883, 0.587883, 0.587883]
[0.587627, 0.587627, 0.587627, 0.587627, 0.587627, 0.587627, 0.587627, 0.587627]
[0.587627, 0.587627, 0.587627, 0.587627, 0.587627, 0.587627, 0.587627, 0.587627]
[0.587627, 0.587627, 0.587627, 0.587627, 0.587627, 0.587627, 0.587627, 0.587627]
[0.587627, 0.587627, 0.587627, 0.587627, 0.587627, 0.587627, 0.587627, 0.587627]
[0.587627, 0.587627, 0.587627, 0.587627, 0.587627, 0.587627, 0.588688, 0.587627]
[0.588688, 0.588688, 0.587627, 0.587627, 0.587627, 0.588688, 0.588688, 0.588688]
[0.588688, 0.588688, 0.588688, 0.587627, 0.588688, 0.588688, 0.588688, 0.588688]
[0.588688, 0.588688, 0.588688, 0.588688, 0.588688, 0.588688, 0.588688, 0.588688]
[0.588688, 0.588688, 0.588688, 0.588688, 0.588688, 0.588688, 0.588688, 0.588688]
[0.588688, 0.588688, 0.588688, 0.588688, 0.588688, 0.588688, 0.588688, 0.588688]
[0.588688, 0.588688, 0.588688, 0.588688, 0.588688, 0.588688, 0.588688, 0.588688]
[0.588688, 0.588688, 0.588688, 0.588688, 0.588688, 0.588688, 0.588688, 0.588688]
[0.588688, 0.587961, 0.587961, 0.588688, 0.588688, 0.587597, 0.587597, 0.588688]
[0.588688, 0.587961, 0.588603, 0.588688, 0.588688, 0.587597, 0.587597, 0.58687]
[0.58687, 0.588603, 0.588603, 0.588603, 0.588688, 0.587597, 0.587597, 0.587512]
[0.587512, 0.587512, 0.588603, 0.588603, 0.587428, 0.588239, 0.587512, 0.587512]
[0.587512, 0.587512, 0.587512, 0.586701, 0.587428, 0.587428, 0.587512, 0.587512]
[0.586701, 0.587512, 0.586701, 0.586701, 0.586701, 0.587428, 0.586701, 0.587512]
[0.586931, 0.586931, 0.586701, 0.586701, 0.586931, 0.586931, 0.586931, 0.586931]
[0.586931, 0.586931, 0.586931, 0.586931, 0.586931, 0.586931, 0.586931, 0.586931]
[0.586931, 0.586931, 0.586931, 0.586931, 0.586931, 0.586931, 0.586931, 0.586931]
[0.586931, 0.586931, 0.586931, 0.586931, 0.586931, 0.586931, 0.586931, 0.586931]
[0.586931, 0.586931, 0.586931, 0.586931, 0.586931, 0.586931, 0.586931, 0.586931]
[0.586931, 0.586931, 0.586931, 0.586931, 0.586931, 0.586931, 0.586931, 0.586931]
[0.586931, 0.586931, 0.586931, 0.586931, 0.586931, 0.586931, 0.586931, 0.586931]
[0.586931, 0.586931, 0.586931, 0.586931, 0.586931, 0.586931, 0.586931, 0.586931]
[0.586931, 0.586931, 0.586931, 0.586931, 0.586931, 0.586931, 0.586931, 0.586931]
[0.586931, 0.586931, 0.586931, 0.586931, 0.586931, 0.586931, 0.586931, 0.586931]
[0.586931, 0.586931, 0.586931, 0.586931, 0.586931, 0.586931, 0.586931, 0.586931]
[0.586931, 0.586931, 0.586931, 0.586931, 0.586931, 0.586931, 0.586931, 0.586931]
[0.586931, 0.586931, 0.586931, 0.586931, 0.586931, 0.586931, 0.586931, 0.586931]
[0.586931, 0.586931, 0.586931, 0.586931, 0.586931, 0.586931, 0.586931, 0.586931]
[0.586931, 0.586931, 0.586931, 0.586931, 0.586931, 0.586931, 0.586931, 0.586931]
[0.586931, 0.586931, 0.586931, 0.586105, 0.586105, 0.586931, 0.586931, 0.586931]
[0.586931, 0.586931, 0.586105, 0.586105, 0.586105, 0.586105, 0.586931, 0.586931]
[0.587185, 0.586931, 0.586105, 0.58636, 0.58636, 0.58636, 0.587185, 0.587185]
[0.585084, 0.58636, 0.58636, 0.58636, 0.58636, 0.585084, 0.585084, 0.58636]
[0.585084, 0.585084, 0.58636, 0.58636, 0.585084, 0.585084, 0.585084, 0.585084]
[0.585084, 0.585084, 0.585084, 0.585084, 0.585084, 0.585084, 0.585084, 0.585084]
[0.585084, 0.585084, 0.585084, 0.585084, 0.585084, 0.585084, 0.585084, 0.585084]
[0.585084, 0.585084, 0.585084, 0.585084, 0.585084, 0.585084, 0.585084, 0.585084]
[0.585084, 0.585084, 0.585084, 0.585084, 0.585084, 0.585084, 0.585084, 0.585084]
[0.585084, 0.585084, 0.585084, 0.585084, 0.585084, 0.585084, 0.585084, 0.585084]
[0.585084, 0.585084, 0.585084, 0.585389, 0.585389, 0.585389, 0.585084, 0.585084]
[0.585084, 0.585084, 0.585084, 0.585389, 0.585389, 0.585389, 0.585389, 0.585084]
[0.585389, 0.585389, 0.585389, 0.586118, 0.586118, 0.585389, 0.585389, 0.585389]
[0.585389, 0.585389, 0.586118, 0.586118, 0.586118, 0.586118, 0.586118, 0.585389]
[0.586118, 0.586118, 0.586118, 0.586118, 0.584622, 0.586118, 0.586118, 0.586118]
[0.586118, 0.586118, 0.586118, 0.584622, 0.584622, 0.584622, 0.586118, 0.586118]
[0.584622, 0.584622, 0.584622, 0.584622, 0.584622, 0.584622, 0.584622, 0.584622]
[0.584622, 0.584622, 0.583815, 0.583815, 0.584622, 0.584622, 0.584622, 0.584622]
[0.584622, 0.583815, 0.583815, 0.583815, 0.583815, 0.584622, 0.584622, 0.584622]
[0.584622, 0.583815, 0.583815, 0.583815, 0.583815, 0.584622, 0.584622, 0.583815]
[0.583815, 0.583815, 0.583815, 0.583815, 0.583815, 0.583815, 0.584622, 0.583815]
[0.583815, 0.583815, 0.583815, 0.583815, 0.58522, 0.583815, 0.583815, 0.583815]
[0.583815, 0.583815, 0.583815, 0.58522, 0.58522, 0.58522, 0.583815, 0.583815]
[0.58522, 0.58522, 0.58522, 0.58522, 0.58522, 0.58522, 0.58522, 0.58522]
[0.58522, 0.58522, 0.58522, 0.58522, 0.58522, 0.58522, 0.58522, 0.58522]
[0.58522, 0.58522, 0.58522, 0.58522, 0.58522, 0.58522, 0.58522, 0.58522]
[0.58522, 0.58522, 0.58522, 0.58522, 0.58522, 0.58522, 0.58522, 0.58522]
[0.58522, 0.58522, 0.58522, 0.58522, 0.58522, 0.58522, 0.58522, 0.58522]
[0.58522, 0.584724, 0.584724, 0.584724, 0.58522, 0.58522, 0.58522, 0.584724]
[0.584724, 0.584724, 0.584724, 0.584724, 0.584724, 0.584724, 0.584724, 0.584724]
[0.584724, 0.584724, 0.584724, 0.584724, 0.584724, 0.584724, 0.584724, 0.584724]
[0.584724, 0.584724, 0.584724, 0.584419, 0.584724, 0.584724, 0.584724, 0.584724]
[0.584724, 0.584724, 0.584724, 0.584419, 0.584419, 0.584724, 0.584724, 0.584724]
[0.584724, 0.584724, 0.584724, 0.584419, 0.584419, 0.584724, 0.584724, 0.584724]
[0.584724, 0.584724, 0.584419, 0.584419, 0.584419, 0.584419, 0.584724, 0.584724]
[0.584724, 0.584724, 0.584419, 0.584419, 0.584419, 0.584419, 0.584724, 0.584724]
[0.584724, 0.584419, 0.584419, 0.584419, 0.584419, 0.584419, 0.584419, 0.584419]
[0.584419, 0.584419, 0.584419, 0.584419, 0.584419, 0.584419, 0.584419, 0.584419]
[0.584419, 0.584419, 0.584419, 0.584419, 0.584419, 0.584419, 0.584419, 0.584419]
[0.584419, 0.584419, 0.584419, 0.584419, 0.584419, 0.584419, 0.584419, 0.584419]
[0.584419, 0.584419, 0.584419, 0.584419, 0.584419, 0.584419, 0.584419, 0.584419]
[0.584419, 0.584419, 0.584419, 0.584419, 0.584419, 0.584419, 0.58321, 0.584419]
[0.583711, 0.584419, 0.584419, 0.584419, 0.584919, 0.583711, 0.583711, 0.58321]
[0.583711, 0.583711, 0.583711, 0.583711, 0.583711, 0.583711, 0.583711, 0.583711]
[0.583711, 0.583711, 0.583711, 0.583711, 0.583711, 0.583711, 0.583711, 0.583711]
[0.583711, 0.583711, 0.583711, 0.583711, 0.583711, 0.583711, 0.583711, 0.583711]
[0.583214, 0.583711, 0.583711, 0.583711, 0.583711, 0.583214, 0.583214, 0.583711]
[0.583214, 0.583214, 0.583214, 0.583214, 0.583214, 0.583214, 0.583214, 0.583214]
[0.583214, 0.583214, 0.583214, 0.583214, 0.583214, 0.583214, 0.583214, 0.583214]
[0.583214, 0.583214, 0.583214, 0.583214, 0.583214, 0.583214, 0.583214, 0.583214]
[0.583214, 0.583214, 0.583214, 0.583214, 0.583214, 0.583214, 0.583214, 0.583214]
[0.583214, 0.583214, 0.583214, 0.583214, 0.583214, 0.583214, 0.583214, 0.583214]
[0.583214, 0.583214, 0.583214, 0.583214, 0.583214, 0.583214, 0.583214, 0.583214]
[0.583214, 0.583214, 0.583214, 0.583214, 0.583214, 0.583214, 0.583214, 0.583214]
[0.583214, 0.583214, 0.583214, 0.583214, 0.583214, 0.583214, 0.583214, 0.583214]
[0.583214, 0.583214, 0.583214, 0.583214, 0.583214, 0.583214, 0.583214, 0.583214]
[0.583214, 0.583214, 0.583214, 0.583214, 0.583214, 0.583214, 0.583214, 0.583214]
[0.583214, 0.583214, 0.583214, 0.583214, 0.583214, 0.583214, 0.583214, 0.583214]
[0.583214, 0.583214, 0.583214, 0.583214, 0.583214, 0.583214, 0.583214, 0.583214]
[0.583214, 0.583214, 0.583214, 0.583214, 0.583214, 0.583214, 0.583214, 0.583214]
[0.583534, 0.583214, 0.583214, 0.583214, 0.583214, 0.583534, 0.583534, 0.583214]
[0.583534, 0.583214, 0.583214, 0.583214, 0.583214, 0.583534, 0.583534, 0.583214]
[0.583534, 0.583534, 0.583214, 0.583214, 0.583534, 0.583534, 0.583534, 0.583534]
[0.583534, 0.583534, 0.583534, 0.583214, 0.582922, 0.583534, 0.583534, 0.583534]
[0.583534, 0.583534, 0.583534, 0.583534, 0.582922, 0.583534, 0.583534, 0.583534]
[0.583534, 0.583034, 0.583034, 0.582424, 0.582424, 0.582424, 0.583534, 0.583534]
[0.583034, 0.583034, 0.583034, 0.582424, 0.582424, 0.582424, 0.583034, 0.583034]
[0.583034, 0.583034, 0.583034, 0.582424, 0.582424, 0.582424, 0.583034, 0.583034]
[0.583034, 0.583034, 0.582932, 0.582322, 0.582424, 0.582424, 0.583034, 0.583034]
[0.583034, 0.582932, 0.582932, 0.582322, 0.581923, 0.581923, 0.583034, 0.582932]
[0.582428, 0.582932, 0.582932, 0.581821, 0.581821, 0.581923, 0.582428, 0.582932]
[0.582757, 0.582428, 0.582428, 0.581821, 0.581821, 0.581821, 0.582428, 0.582757]
[0.582757, 0.582757, 0.582428, 0.581821, 0.581821, 0.581821, 0.582757, 0.582757]
[0.582757, 0.582757, 0.582757, 0.581821, 0.581821, 0.582152, 0.582152, 0.582757]
[0.582757, 0.582757, 0.582757, 0.581821, 0.581821, 0.582152, 0.582152, 0.582757]
[0.582757, 0.582757, 0.582152, 0.582152, 0.582152, 0.582152, 0.582152, 0.582757]
[0.582152, 0.583263, 0.582656, 0.582152, 0.582152, 0.582152, 0.582152, 0.582656]
[0.582656, 0.582656, 0.582656, 0.582656, 0.582656, 0.582656, 0.582656, 0.582656]
[0.582656, 0.582656, 0.582656, 0.582656, 0.582656, 0.582656, 0.582656, 0.582656]
[0.582431, 0.582431, 0.582431, 0.583335, 0.582431, 0.582431, 0.582431, 0.582431]
[0.582431, 0.582431, 0.582431, 0.583335, 0.582431, 0.582431, 0.582431, 0.582431]
[0.582431, 0.582431, 0.582431, 0.583335, 0.583335, 0.582431, 0.582431, 0.582431]
[0.582431, 0.582431, 0.582431, 0.583335, 0.583335, 0.582431, 0.582431, 0.582431]
[0.582431, 0.582431, 0.582431, 0.583335, 0.582431, 0.581927, 0.581927, 0.582431]
[0.581927, 0.581927, 0.582431, 0.582828, 0.581927, 0.581927, 0.581927, 0.581927]
[0.581927, 0.581927, 0.581927, 0.582828, 0.580862, 0.581927, 0.581927, 0.581927]
[0.580862, 0.581927, 0.580862, 0.581762, 0.580862, 0.580862, 0.580862, 0.581927]
[0.580862, 0.580862, 0.580025, 0.581762, 0.581762, 0.580862, 0.580862, 0.580862]
[0.580025, 0.580025, 0.580025, 0.580926, 0.580926, 0.580862, 0.580025, 0.580025]
[0.580025, 0.580025, 0.580025, 0.580926, 0.580926, 0.580025, 0.580025, 0.580025]
[0.580025, 0.580025, 0.580025, 0.580926, 0.580926, 0.580025, 0.580025, 0.580025]
[0.580249, 0.580249, 0.580249, 0.581147, 0.581147, 0.580249, 0.580249, 0.580249]
[0.580249, 0.580249, 0.581362, 0.582257, 0.580888, 0.580465, 0.580249, 0.580249]
[0.580465, 0.581362, 0.581362, 0.582896, 0.58111, 0.580465, 0.580465, 0.580249]
[0.580465, 0.580249, 0.581362, 0.583112, 0.582005, 0.58111, 0.580465, 0.580465]
[0.580465, 0.581575, 0.582219, 0.583112, 0.582219, 0.58111, 0.580465, 0.580465]
[0.582219, 0.582219, 0.582219, 0.583112, 0.582219, 0.58111, 0.58111, 0.582219]
[0.582219, 0.582219, 0.582219, 0.583112, 0.582219, 0.582219, 0.582219, 0.582219]
[0.582219, 0.582219, 0.582219, 0.582219, 0.582219, 0.582219, 0.582219, 0.582219]
[0.582219, 0.582219, 0.582219, 0.582219, 0.582219, 0.582219, 0.582219, 0.582219]
[0.582219, 0.582219, 0.582219, 0.582219, 0.582219, 0.58225, 0.582219, 0.582219]
[0.582219, 0.582219, 0.582219, 0.582219, 0.582219, 0.58225, 0.58225, 0.582219]
[0.581965, 0.581965, 0.581965, 0.581965, 0.581965, 0.581965, 0.581965, 0.581965]
[0.581965, 0.581965, 0.581965, 0.581965, 0.581965, 0.581965, 0.581965, 0.581965]
[0.581965, 0.581965, 0.581965, 0.581965, 0.581965, 0.581965, 0.581965, 0.581965]
[0.581965, 0.581965, 0.581965, 0.581965, 0.581965, 0.581965, 0.581965, 0.581965]
[0.581965, 0.581965, 0.581965, 0.581965, 0.581965, 0.581965, 0.581965, 0.581965]
[0.581965, 0.581965, 0.581965, 0.581965, 0.581965, 0.580556, 0.581965, 0.581965]
[0.580556, 0.581965, 0.581965, 0.581965, 0.580556, 0.580556, 0.580556, 0.581965]
[0.580556, 0.580556, 0.580556, 0.580556, 0.580556, 0.580556, 0.580556, 0.580556]
[0.580067, 0.580067, 0.580067, 0.580067, 0.580067, 0.580067, 0.580067, 0.580067]
[0.580067, 0.580067, 0.580067, 0.580067, 0.580067, 0.580067, 0.580067, 0.580067]
[0.580067, 0.580067, 0.580067, 0.580067, 0.580067, 0.580067, 0.580067, 0.580067]
[0.580067, 0.580067, 0.580067, 0.580067, 0.580067, 0.580067, 0.580067, 0.580067]
[0.580067, 0.580067, 0.579334, 0.579334, 0.579334, 0.580067, 0.580067, 0.580067]
[0.580067, 0.579334, 0.579334, 0.579334, 0.579334, 0.579334, 0.580067, 0.579334]
[0.58089, 0.579334, 0.579334, 0.579334, 0.579334, 0.58089, 0.58089, 0.579334]
[0.58089, 0.579334, 0.579334, 0.579334, 0.58089, 0.58089, 0.58089, 0.579334]
[0.58089, 0.579334, 0.579334, 0.579334, 0.58089, 0.58089, 0.58089, 0.579334]
[0.58089, 0.58089, 0.579334, 0.579334, 0.58089, 0.58089, 0.58089, 0.58089]
[0.58089, 0.58089, 0.579334, 0.58089, 0.58089, 0.58089, 0.58089, 0.58089]
[0.58089, 0.58089, 0.58089, 0.58089, 0.58089, 0.58089, 0.58089, 0.58089]
[0.58089, 0.58089, 0.58089, 0.58089, 0.58089, 0.58089, 0.58089, 0.58089]
[0.58089, 0.58089, 0.58089, 0.58089, 0.58089, 0.58089, 0.58089, 0.58089]
[0.58089, 0.58089, 0.58089, 0.58089, 0.58089, 0.58089, 0.58089, 0.58089]
[0.58089, 0.58089, 0.58089, 0.58089, 0.58089, 0.58089, 0.58089, 0.58089]
[0.58089, 0.58089, 0.58089, 0.58089, 0.58089, 0.58089, 0.58089, 0.58089]
[0.58089, 0.58089, 0.58089, 0.58089, 0.58089, 0.58089, 0.58089, 0.58089]
[0.58089, 0.58089, 0.58089, 0.58089, 0.58089, 0.58089, 0.58089, 0.58089]
[0.58089, 0.58089, 0.58089, 0.58089, 0.58089, 0.58089, 0.58089, 0.58089]
[0.58089, 0.58089, 0.58089, 0.58089, 0.58089, 0.58089, 0.58089, 0.58089]
[0.58089, 0.58089, 0.58089, 0.58089, 0.58089, 0.58089, 0.58089, 0.58089]
[0.58089, 0.58089, 0.58089, 0.58089, 0.58089, 0.58089, 0.58089, 0.58089]
[0.58089, 0.58089, 0.58089, 0.58089, 0.58089, 0.58089, 0.58089, 0.58089]
[0.58089, 0.58089, 0.58089, 0.58089, 0.58089, 0.58089, 0.58089, 0.58089]
[0.58089, 0.58089, 0.58089, 0.58089, 0.58089, 0.58089, 0.58089, 0.58089]
[0.58089, 0.58089, 0.58089, 0.58089, 0.58089, 0.58089, 0.58089, 0.58089]
[0.58089, 0.58089, 0.58089, 0.58089, 0.58089, 0.58089, 0.58089, 0.58089]
[0.58089, 0.58089, 0.58089, 0.58089, 0.58089, 0.58089, 0.58089, 0.58089]
[0.58089, 0.58089, 0.58089, 0.58089, 0.58089, 0.58089, 0.58089, 0.58089]
[0.58089, 0.58089, 0.58089, 0.58089, 0.58089, 0.58089, 0.58089, 0.58089]
[0.58089, 0.58089, 0.58089, 0.58089, 0.58089, 0.58089, 0.58089, 0.58089]
[0.58089, 0.58089, 0.58089, 0.58089, 0.58089, 0.58089, 0.58089, 0.58089]
[0.58089, 0.58089, 0.58089, 0.58089, 0.58089, 0.58089, 0.58089, 0.58089]
[0.58089, 0.58089, 0.58089, 0.58089, 0.58089, 0.58089, 0.58089, 0.58089]
[0.58089, 0.58089, 0.58089, 0.58089, 0.58089, 0.58089, 0.58089, 0.58089]
[0.58089, 0.58089, 0.58089, 0.58089, 0.581404, 0.581404, 0.58089, 0.58089]
[0.58089, 0.58089, 0.58089, 0.58089, 0.581404, 0.581404, 0.58089, 0.58089]
[0.58089, 0.58089, 0.58089, 0.581404, 0.581404, 0.581404, 0.581404, 0.58089]
[0.581404, 0.58089, 0.58089, 0.581404, 0.581404, 0.581404, 0.581404, 0.58089]
[0.581404, 0.58089, 0.581404, 0.581404, 0.581404, 0.581404, 0.581404, 0.581404]
[0.581404, 0.581404, 0.581084, 0.581084, 0.581404, 0.581404, 0.581404, 0.581404]
[0.581404, 0.581404, 0.581084, 0.581084, 0.581404, 0.581404, 0.581404, 0.581404]
[0.581404, 0.581404, 0.581084, 0.581084, 0.581084, 0.581404, 0.581404, 0.581404]
[0.581404, 0.581084, 0.581084, 0.581084, 0.581084, 0.581404, 0.581404, 0.581084]
[0.581404, 0.581084, 0.581084, 0.581084, 0.581084, 0.581404, 0.581404, 0.581084]
[0.581084, 0.581084, 0.581084, 0.581084, 0.581084, 0.581084, 0.581084, 0.581084]
[0.581084, 0.581084, 0.581084, 0.58097, 0.58097, 0.58097, 0.581084, 0.581084]
[0.58097, 0.58097, 0.58097, 0.58097, 0.58097, 0.58097, 0.58097, 0.58097]
[0.58097, 0.58097, 0.58097, 0.58097, 0.58097, 0.58097, 0.58097, 0.58097]
[0.580917, 0.580917, 0.580917, 0.580917, 0.580917, 0.58117, 0.580917, 0.580917]
[0.58117, 0.580917, 0.580917, 0.580917, 0.580917, 0.58117, 0.58117, 0.580917]
[0.58117, 0.58117, 0.580917, 0.580917, 0.58117, 0.58117, 0.58117, 0.58117]
[0.58117, 0.58117, 0.58117, 0.58117, 0.58117, 0.58117, 0.58117, 0.58117]
[0.58117, 0.58117, 0.58117, 0.58117, 0.58117, 0.58117, 0.58117, 0.58117]
[0.58117, 0.58117, 0.58117, 0.58117, 0.58117, 0.58117, 0.58117, 0.58117]
[0.58117, 0.58117, 0.58117, 0.58117, 0.58117, 0.58117, 0.58117, 0.58117]
[0.58117, 0.58117, 0.58117, 0.58117, 0.58117, 0.58117, 0.58117, 0.58117]
[0.58117, 0.58117, 0.58117, 0.58117, 0.58117, 0.58117, 0.58117, 0.58117]
[0.58117, 0.58117, 0.58117, 0.58117, 0.58117, 0.58117, 0.58117, 0.58117]
[0.58117, 0.58117, 0.58117, 0.58117, 0.58117, 0.58117, 0.58117, 0.58117]
[0.58117, 0.58117, 0.58117, 0.58117, 0.58117, 0.58117, 0.58117, 0.58117]
[0.58117, 0.58117, 0.58117, 0.58117, 0.58117, 0.58117, 0.58117, 0.58117]
[0.58117, 0.58117, 0.58117, 0.58117, 0.58117, 0.58117, 0.58117, 0.58117]
[0.58117, 0.58117, 0.58117, 0.58117, 0.58117, 0.58117, 0.58117, 0.58117]
[0.58117, 0.58117, 0.58117, 0.58117, 0.58117, 0.58117, 0.58117, 0.58117]
[0.58117, 0.58117, 0.58117, 0.58117, 0.58117, 0.58117, 0.58117, 0.58117]
[0.58117, 0.58117, 0.58117, 0.58117, 0.58117, 0.58117, 0.58117, 0.58117]
[0.58117, 0.58117, 0.58117, 0.58117, 0.58117, 0.58117, 0.58117, 0.58117]
[0.58117, 0.58117, 0.58117, 0.58117, 0.58117, 0.58117, 0.58117, 0.58117]
[0.58117, 0.58117, 0.58117, 0.58117, 0.58117, 0.58117, 0.58117, 0.58117]
[0.580437, 0.580437, 0.580437, 0.580437, 0.580437, 0.580437, 0.580437, 0.580437]
[0.580437, 0.579883, 0.580437, 0.580437, 0.580437, 0.580437, 0.580437, 0.580437]
[0.580437, 0.579883, 0.580437, 0.580437, 0.580437, 0.580437, 0.580437, 0.580437]
[0.579883, 0.579883, 0.579883, 0.580437, 0.580437, 0.580437, 0.580437, 0.579883]
[0.579883, 0.579883, 0.579883, 0.580437, 0.580437, 0.580437, 0.580437, 0.579883]
[0.578816, 0.578816, 0.578816, 0.579512, 0.580066, 0.580066, 0.579883, 0.578816]
[0.578444, 0.578444, 0.578444, 0.578444, 0.580066, 0.580066, 0.578444, 0.578444]
[0.578444, 0.578444, 0.578444, 0.578444, 0.578998, 0.578444, 0.578444, 0.578444]
[0.578444, 0.578444, 0.578444, 0.578444, 0.578444, 0.578444, 0.578444, 0.578444]
[0.578444, 0.578444, 0.578444, 0.578444, 0.578444, 0.578444, 0.578444, 0.578444]
[0.578444, 0.578444, 0.578444, 0.578444, 0.578444, 0.578444, 0.578444, 0.578444]
[0.578444, 0.578444, 0.578444, 0.578444, 0.578444, 0.578444, 0.578444, 0.578444]
[0.578444, 0.578444, 0.578444, 0.578444, 0.578444, 0.578444, 0.578444, 0.578444]
[0.578444, 0.578444, 0.578444, 0.578444, 0.578444, 0.578444, 0.578444, 0.578444]
[0.578444, 0.578444, 0.578444, 0.578444, 0.578444, 0.578444, 0.578444, 0.578444]
[0.578444, 0.578444, 0.578444, 0.578444, 0.578444, 0.578444, 0.578444, 0.578444]
[0.578444, 0.578444, 0.578444, 0.578444, 0.578444, 0.578444, 0.578444, 0.578444]
[0.578444, 0.578444, 0.578444, 0.578444, 0.578444, 0.578444, 0.578444, 0.578444]
[0.578444, 0.578444, 0.578444, 0.578444, 0.578444, 0.578444, 0.578444, 0.578444]
[0.578444, 0.578444, 0.578444, 0.578444, 0.578444, 0.578444, 0.578444, 0.578444]
[0.578444, 0.578444, 0.578444, 0.578444, 0.578444, 0.578444, 0.578444, 0.578444]
[0.578444, 0.578444, 0.578444, 0.578444, 0.578444, 0.577071, 0.578444, 0.578444]
[0.577071, 0.578444, 0.578444, 0.578444, 0.578444, 0.577071, 0.577071, 0.578444]
[0.577071, 0.578444, 0.578444, 0.578444, 0.577071, 0.577071, 0.577071, 0.578444]
[0.577071, 0.578444, 0.578444, 0.578444, 0.577071, 0.577071, 0.577071, 0.577071]
[0.577071, 0.577071, 0.578444, 0.578444, 0.577071, 0.577071, 0.577071, 0.577071]
[0.577071, 0.577071, 0.578444, 0.577071, 0.577071, 0.577071, 0.577071, 0.577071]
[0.577071, 0.577071, 0.577071, 0.577071, 0.577071, 0.577071, 0.577071, 0.577071]
[0.577071, 0.577071, 0.577071, 0.577071, 0.577071, 0.577071, 0.577071, 0.577071]
[0.577071, 0.577071, 0.577071, 0.577071, 0.577071, 0.577071, 0.577071, 0.577071]
[0.577071, 0.577071, 0.577071, 0.577071, 0.577071, 0.577071, 0.577071, 0.577071]
[0.577071, 0.577071, 0.577071, 0.577071, 0.577071, 0.577071, 0.577071, 0.577071]
[0.577071, 0.577071, 0.577071, 0.577071, 0.577071, 0.577584, 0.577584, 0.577071]
[0.577584, 0.577071, 0.577071, 0.577071, 0.577071, 0.577584, 0.577584, 0.577071]
[0.577584, 0.577071, 0.577071, 0.577071, 0.577259, 0.577584, 0.577584, 0.577071]
[0.577584, 0.577071, 0.577071, 0.577259, 0.577259, 0.577584, 0.577584, 0.577071]
[0.577771, 0.577071, 0.577259, 0.577259, 0.577259, 0.577771, 0.577584, 0.577071]
[0.577771, 0.577259, 0.577259, 0.577259, 0.577259, 0.577771, 0.577771, 0.577771]
[0.577771, 0.577259, 0.577259, 0.577259, 0.577259, 0.577771, 0.577771, 0.577771]
[0.577771, 0.577771, 0.577259, 0.577259, 0.577771, 0.577771, 0.577771, 0.577771]
[0.577771, 0.577771, 0.577259, 0.577259, 0.577771, 0.577771, 0.577771, 0.577771]
[0.577771, 0.577771, 0.577259, 0.577259, 0.577771, 0.577771, 0.577771, 0.577771]
[0.577771, 0.577771, 0.577259, 0.577259, 0.577771, 0.577771, 0.577771, 0.577771]
[0.577771, 0.577771, 0.577259, 0.577259, 0.577198, 0.577771, 0.577771, 0.577771]
[0.577771, 0.577771, 0.577259, 0.577259, 0.577198, 0.577771, 0.577771, 0.577771]
[0.577771, 0.577771, 0.577259, 0.577259, 0.577198, 0.577771, 0.577771, 0.577771]
[0.577771, 0.577771, 0.577259, 0.577259, 0.577198, 0.577771, 0.577771, 0.577771]
[0.577771, 0.577771, 0.577259, 0.577259, 0.577198, 0.577771, 0.577771, 0.577771]
[0.577771, 0.577771, 0.577771, 0.577771, 0.577198, 0.577771, 0.577771, 0.577771]
[0.577771, 0.577771, 0.577771, 0.577771, 0.577198, 0.577771, 0.577771, 0.577771]
[0.577771, 0.577771, 0.577771, 0.577771, 0.577198, 0.577771, 0.577771, 0.577771]
[0.577771, 0.577771, 0.577771, 0.577771, 0.577198, 0.577771, 0.577771, 0.577771]
[0.577771, 0.577771, 0.577771, 0.577771, 0.577198, 0.577198, 0.577771, 0.577771]
[0.577771, 0.577771, 0.577771, 0.577198, 0.577198, 0.577198, 0.577771, 0.577771]
[0.577771, 0.577771, 0.577771, 0.577198, 0.577198, 0.577198, 0.577771, 0.577771]
[0.577771, 0.577771, 0.577771, 0.577198, 0.577198, 0.577198, 0.577771, 0.577771]
[0.577771, 0.577771, 0.577771, 0.577771, 0.577198, 0.577771, 0.577771, 0.577771]
[0.577771, 0.577771, 0.577771, 0.577198, 0.577198, 0.577198, 0.577771, 0.577771]
[0.577771, 0.577771, 0.577771, 0.577771, 0.577771, 0.577771, 0.577771, 0.577771]
[0.577771, 0.577771, 0.577771, 0.577771, 0.577771, 0.577316, 0.577771, 0.577771]
[0.577771, 0.577771, 0.577771, 0.577771, 0.577771, 0.577316, 0.577316, 0.577771]
[0.577553, 0.5775, 0.5775, 0.577771, 0.577316, 0.577825, 0.577553, 0.5775]
[0.578925, 0.5775, 0.5775, 0.578872, 0.579196, 0.578925, 0.578925, 0.577553]
[0.578925, 0.578925, 0.579079, 0.57914, 0.578925, 0.578925, 0.578925, 0.578925]
[0.578925, 0.57914, 0.57914, 0.57914, 0.57914, 0.578925, 0.578925, 0.57914]
[0.57914, 0.57914, 0.57914, 0.57914, 0.57914, 0.578925, 0.57914, 0.57914]
[0.57914, 0.57914, 0.57914, 0.57914, 0.57914, 0.57914, 0.57914, 0.57914]
[0.57914, 0.57914, 0.57914, 0.57914, 0.57914, 0.57914, 0.57914, 0.57914]
[0.57914, 0.57914, 0.57914, 0.57914, 0.57914, 0.57914, 0.57914, 0.57914]
[0.57914, 0.57914, 0.57914, 0.57914, 0.57914, 0.57914, 0.57914, 0.57914]
[0.57914, 0.57914, 0.57914, 0.57914, 0.57914, 0.57914, 0.57914, 0.57914]
[0.57914, 0.57914, 0.57914, 0.57914, 0.57914, 0.57914, 0.57914, 0.57914]
[0.57914, 0.57914, 0.57914, 0.57914, 0.57914, 0.57914, 0.57914, 0.57914]
[0.57914, 0.57914, 0.57914, 0.57914, 0.57914, 0.57914, 0.57914, 0.57914]
[0.57914, 0.57914, 0.57914, 0.57914, 0.57914, 0.57914, 0.57914, 0.57914]
[0.57914, 0.57914, 0.57914, 0.57914, 0.57914, 0.57914, 0.57914, 0.57914]
[0.57914, 0.57914, 0.57914, 0.57914, 0.57914, 0.57914, 0.57914, 0.57914]
[0.57914, 0.57914, 0.57914, 0.57914, 0.578073, 0.578073, 0.57914, 0.57914]
[0.578073, 0.57914, 0.578073, 0.578073, 0.578073, 0.578073, 0.578073, 0.57914]
[0.578073, 0.578073, 0.578073, 0.578073, 0.578073, 0.578073, 0.578073, 0.578073]
[0.578073, 0.578073, 0.578073, 0.578073, 0.578073, 0.578073, 0.578073, 0.578073]
[0.578073, 0.578073, 0.578073, 0.578073, 0.578073, 0.578073, 0.578073, 0.578073]
[0.578073, 0.578073, 0.578073, 0.578073, 0.578073, 0.578073, 0.578073, 0.578073]
[0.578073, 0.578073, 0.578073, 0.578073, 0.578073, 0.578073, 0.578073, 0.578073]
[0.578073, 0.578073, 0.578073, 0.578073, 0.578073, 0.578632, 0.578073, 0.578073]
[0.578632, 0.578073, 0.578073, 0.578632, 0.578632, 0.578632, 0.578632, 0.578073]
[0.578632, 0.578632, 0.577689, 0.578632, 0.578632, 0.578632, 0.578632, 0.578632]
[0.578632, 0.577689, 0.577689, 0.577689, 0.578632, 0.578632, 0.578632, 0.578632]
[0.578632, 0.577689, 0.577689, 0.577689, 0.578632, 0.578632, 0.578632, 0.577689]
[0.577689, 0.577689, 0.577689, 0.577689, 0.577689, 0.578632, 0.578632, 0.577689]
[0.577689, 0.576686, 0.577689, 0.577689, 0.577689, 0.578632, 0.577689, 0.576686]
[0.576686, 0.576686, 0.576686, 0.576686, 0.577689, 0.577689, 0.576686, 0.576686]
[0.576686, 0.576686, 0.576686, 0.576686, 0.576686, 0.576686, 0.576686, 0.576686]
[0.576957, 0.576686, 0.576686, 0.576686, 0.576686, 0.576686, 0.576686, 0.576686]
[0.576957, 0.576726, 0.576726, 0.576726, 0.576957, 0.576957, 0.576957, 0.576454]
[0.576726, 0.576726, 0.576726, 0.576726, 0.576726, 0.576957, 0.576726, 0.576454]
[0.576726, 0.576726, 0.576726, 0.576726, 0.576726, 0.576726, 0.576726, 0.576726]
[0.576726, 0.576389, 0.576389, 0.576389, 0.576389, 0.576726, 0.576726, 0.576389]
[0.575529, 0.575529, 0.575529, 0.575529, 0.576389, 0.576389, 0.575529, 0.575529]
[0.575529, 0.575529, 0.575529, 0.575529, 0.575529, 0.575529, 0.575529, 0.575529]
[0.575529, 0.575529, 0.575529, 0.575529, 0.575529, 0.575529, 0.575529, 0.575529]
[0.575529, 0.575529, 0.575529, 0.575529, 0.575529, 0.575529, 0.575529, 0.575529]
[0.575529, 0.575529, 0.575529, 0.575529, 0.575529, 0.575529, 0.575529, 0.575529]
[0.575021, 0.575529, 0.575529, 0.575021, 0.575021, 0.575021, 0.575021, 0.575529]
[0.575021, 0.575021, 0.575021, 0.575021, 0.575021, 0.575021, 0.575021, 0.575021]
[0.575021, 0.575021, 0.575021, 0.575021, 0.575021, 0.575021, 0.575021, 0.575021]
[0.575021, 0.575021, 0.575021, 0.575021, 0.575021, 0.575021, 0.575021, 0.575021]
[0.575021, 0.575021, 0.575021, 0.575021, 0.575021, 0.575021, 0.575021, 0.575021]
[0.575021, 0.575021, 0.575021, 0.575021, 0.575021, 0.575021, 0.575021, 0.575021]
[0.575021, 0.575021, 0.575021, 0.575021, 0.574017, 0.575021, 0.575021, 0.575021]
[0.575021, 0.575021, 0.575021, 0.575021, 0.574017, 0.574017, 0.575021, 0.575021]
[0.575021, 0.575021, 0.575021, 0.575021, 0.574017, 0.574017, 0.575021, 0.575021]
[0.575021, 0.575021, 0.575021, 0.573746, 0.574017, 0.574017, 0.575021, 0.57475]
[0.575021, 0.57451, 0.574239, 0.573746, 0.573746, 0.573746, 0.57475, 0.57475]
[0.57475, 0.574239, 0.574239, 0.573746, 0.573746, 0.573746, 0.57475, 0.574239]
[0.574239, 0.574239, 0.574239, 0.573746, 0.573746, 0.573746, 0.57475, 0.574239]
[0.574239, 0.574239, 0.574239, 0.573234, 0.573746, 0.573746, 0.574239, 0.574239]
[0.574239, 0.574239, 0.574239, 0.573234, 0.573746, 0.573746, 0.574239, 0.574239]
[0.574239, 0.574239, 0.574239, 0.574239, 0.573234, 0.573234, 0.574239, 0.574239]
[0.574199, 0.574199, 0.574239, 0.574239, 0.573234, 0.573194, 0.574199, 0.574199]
[0.573894, 0.573894, 0.574199, 0.574199, 0.573194, 0.573194, 0.573894, 0.573894]
[0.573894, 0.573894, 0.573329, 0.574199, 0.573194, 0.573194, 0.573894, 0.573894]
[0.574373, 0.574373, 0.573024, 0.573329, 0.573194, 0.57338, 0.574373, 0.574373]
[0.574373, 0.573503, 0.573503, 0.573503, 0.57338, 0.57338, 0.574373, 0.574373]
[0.574373, 0.573503, 0.573503, 0.573503, 0.572509, 0.57338, 0.574373, 0.573503]
[0.574373, 0.573503, 0.573503, 0.573503, 0.572509, 0.574373, 0.574373, 0.573503]
[0.573503, 0.573459, 0.573459, 0.573459, 0.572509, 0.574373, 0.573503, 0.573459]
[0.573459, 0.573459, 0.573459, 0.573459, 0.572465, 0.573459, 0.573459, 0.573459]
[0.573459, 0.573459, 0.573459, 0.573459, 0.572465, 0.573459, 0.573459, 0.573459]
[0.573459, 0.573459, 0.573459, 0.573459, 0.572465, 0.573459, 0.573459, 0.573459]
[0.573459, 0.573459, 0.573459, 0.573459, 0.572465, 0.573459, 0.573459, 0.573459]
[0.573459, 0.573459, 0.573459, 0.573459, 0.572465, 0.573459, 0.573459, 0.573459]
[0.573459, 0.573459, 0.573459, 0.573459, 0.572465, 0.573459, 0.573459, 0.573459]
[0.573459, 0.573459, 0.573459, 0.573459, 0.572465, 0.573459, 0.573459, 0.573459]
[0.573459, 0.573459, 0.573459, 0.573459, 0.572465, 0.573459, 0.573459, 0.573459]
[0.573459, 0.573459, 0.573459, 0.573459, 0.572465, 0.572465, 0.573459, 0.573459]
[0.573459, 0.573459, 0.572941, 0.572941, 0.571947, 0.571947, 0.573459, 0.572941]
[0.57242, 0.57242, 0.572941, 0.572941, 0.571947, 0.571947, 0.57242, 0.57242]
[0.572524, 0.57242, 0.57242, 0.571947, 0.571947, 0.571947, 0.572524, 0.57242]
[0.572524, 0.572524, 0.57242, 0.571947, 0.571947, 0.57154, 0.572524, 0.572524]
[0.572524, 0.572524, 0.57242, 0.571425, 0.571425, 0.57154, 0.572524, 0.572524]
[0.572524, 0.572524, 0.57242, 0.571425, 0.57154, 0.57154, 0.57154, 0.572524]
[0.570792, 0.571776, 0.571776, 0.570677, 0.57154, 0.57154, 0.57154, 0.571776]
[0.570792, 0.571776, 0.57114, 0.57114, 0.571894, 0.571894, 0.570792, 0.571776]
[0.57114, 0.572124, 0.57114, 0.57114, 0.57114, 0.57114, 0.57114, 0.572124]
[0.57114, 0.57114, 0.57114, 0.57114, 0.57114, 0.57114, 0.57114, 0.57114]
[0.571083, 0.571083, 0.57114, 0.57114, 0.57114, 0.57114, 0.571083, 0.571083]
[0.571083, 0.571083, 0.571083, 0.571083, 0.571083, 0.571083, 0.571083, 0.571083]
[0.571083, 0.571083, 0.571083, 0.571083, 0.571083, 0.571083, 0.571083, 0.571083]
[0.57046, 0.571083, 0.571083, 0.571083, 0.571083, 0.571083, 0.571083, 0.57046]
[0.57046, 0.57046, 0.571083, 0.571879, 0.571879, 0.571083, 0.57046, 0.57046]
[0.57046, 0.57046, 0.571083, 0.571879, 0.571879, 0.571879, 0.57046, 0.57046]
[0.570737, 0.570737, 0.571256, 0.571879, 0.571879, 0.571879, 0.570737, 0.570737]
[0.570737, 0.570737, 0.571534, 0.572152, 0.572152, 0.571534, 0.571534, 0.571534]
[0.571534, 0.571534, 0.571534, 0.572152, 0.572152, 0.571534, 0.571534, 0.571534]
[0.571534, 0.572415, 0.571534, 0.572152, 0.572152, 0.571534, 0.571534, 0.572415]
[0.571534, 0.572415, 0.572415, 0.571534, 0.571534, 0.571534, 0.571534, 0.572415]
[0.572415, 0.572415, 0.572415, 0.571534, 0.571534, 0.571534, 0.572415, 0.572415]
[0.572415, 0.572415, 0.572415, 0.572415, 0.571534, 0.572415, 0.572415, 0.572415]
[0.572415, 0.572415, 0.572415, 0.572415, 0.572415, 0.572936, 0.572936, 0.572415]
[0.573808, 0.573808, 0.572936, 0.572936, 0.572936, 0.572936, 0.573808, 0.573808]
[0.573808, 0.573808, 0.573808, 0.573808, 0.573808, 0.573808, 0.573808, 0.573808]
[0.573808, 0.573808, 0.574079, 0.573808, 0.573808, 0.573808, 0.573808, 0.573808]
[0.573808, 0.574079, 0.574079, 0.574079, 0.573808, 0.573808, 0.573808, 0.574079]
[0.574079, 0.574079, 0.574079, 0.574079, 0.574079, 0.574079, 0.574079, 0.574079]
[0.574079, 0.574079, 0.574079, 0.574079, 0.574079, 0.574079, 0.574079, 0.574079]
[0.574079, 0.574079, 0.574079, 0.574079, 0.574079, 0.574079, 0.574079, 0.574079]
[0.574079, 0.574079, 0.574079, 0.574079, 0.574079, 0.574079, 0.574079, 0.574079]
[0.574079, 0.574079, 0.574079, 0.572993, 0.572993, 0.574079, 0.574079, 0.574079]
[0.574079, 0.574079, 0.572993, 0.572993, 0.572993, 0.574079, 0.574079, 0.574079]
[0.574079, 0.572993, 0.572993, 0.572993, 0.572993, 0.572993, 0.574079, 0.574079]
[0.572993, 0.572993, 0.572993, 0.572993, 0.572993, 0.572993, 0.572993, 0.572993]
[0.572993, 0.572993, 0.572993, 0.572993, 0.572993, 0.572993, 0.572993, 0.572993]
[0.572993, 0.572666, 0.572666, 0.572993, 0.572993, 0.572993, 0.572993, 0.572666]
[0.572666, 0.572666, 0.572666, 0.572666, 0.572993, 0.572993, 0.572666, 0.572666]
[0.572666, 0.572666, 0.572666, 0.572666, 0.572666, 0.572666, 0.572666, 0.572666]
[0.572666, 0.572666, 0.572666, 0.572666, 0.572666, 0.572666, 0.572666, 0.572666]
[0.572666, 0.572666, 0.572666, 0.572666, 0.572666, 0.572666, 0.572666, 0.572666]
[0.572666, 0.572666, 0.572666, 0.572666, 0.572666, 0.572666, 0.572666, 0.572666]
[0.572666, 0.572666, 0.572666, 0.572666, 0.572666, 0.572666, 0.572666, 0.572666]
[0.572666, 0.572666, 0.572666, 0.572666, 0.572666, 0.572666, 0.572666, 0.572666]
[0.572666, 0.572666, 0.572666, 0.57262, 0.57262, 0.572666, 0.572666, 0.572666]
[0.572666, 0.572666, 0.57262, 0.57262, 0.57262, 0.572666, 0.572666, 0.572666]
[0.572666, 0.572666, 0.57262, 0.57262, 0.57262, 0.572666, 0.572666, 0.572666]
[0.572666, 0.57262, 0.57262, 0.57262, 0.57262, 0.57262, 0.572666, 0.572666]
[0.572666, 0.57262, 0.57262, 0.57262, 0.57262, 0.57262, 0.572666, 0.57262]
[0.57262, 0.57262, 0.57262, 0.57262, 0.57262, 0.57262, 0.57262, 0.57262]
[0.57262, 0.57262, 0.57262, 0.57262, 0.57262, 0.57262, 0.57262, 0.57262]
[0.57262, 0.57262, 0.573149, 0.573149, 0.57262, 0.57262, 0.57262, 0.57262]
[0.573149, 0.573149, 0.573149, 0.573149, 0.573149, 0.573149, 0.573149, 0.573149]
[0.573149, 0.573149, 0.573149, 0.573149, 0.573149, 0.573149, 0.573149, 0.573149]
[0.573149, 0.573149, 0.573149, 0.573149, 0.573149, 0.573149, 0.573149, 0.573149]
[0.573149, 0.573149, 0.573149, 0.573149, 0.573149, 0.573149, 0.573149, 0.573149]
[0.573149, 0.573149, 0.573149, 0.573492, 0.573492, 0.573492, 0.573149, 0.573149]
[0.573492, 0.573149, 0.573492, 0.573492, 0.573492, 0.573492, 0.573492, 0.573149]
[0.573492, 0.573492, 0.573492, 0.573492, 0.573492, 0.573492, 0.573492, 0.573492]
[0.573492, 0.573492, 0.573492, 0.573492, 0.573492, 0.573492, 0.573492, 0.573492]
[0.573492, 0.573492, 0.573492, 0.573492, 0.573492, 0.573492, 0.573492, 0.573492]
[0.573492, 0.573255, 0.573492, 0.573492, 0.573492, 0.573492, 0.573492, 0.573492]
[0.573773, 0.573255, 0.573255, 0.573492, 0.573492, 0.573492, 0.573492, 0.573255]
[0.573773, 0.573255, 0.573255, 0.573492, 0.573492, 0.573492, 0.573773, 0.573255]
[0.573773, 0.573773, 0.573255, 0.573255, 0.573492, 0.574013, 0.573773, 0.573773]
[0.573773, 0.573773, 0.573255, 0.573255, 0.573492, 0.574013, 0.573773, 0.573773]
[0.573773, 0.573773, 0.573773, 0.573255, 0.573773, 0.573773, 0.573773, 0.573773]
[0.573773, 0.573773, 0.573773, 0.573773, 0.573773, 0.573773, 0.573773, 0.573773]
[0.572639, 0.573773, 0.573773, 0.573773, 0.573773, 0.573773, 0.572639, 0.572639]
[0.572639, 0.572639, 0.573773, 0.573773, 0.573773, 0.572639, 0.572639, 0.572639]
[0.572639, 0.572639, 0.572639, 0.573773, 0.573773, 0.572639, 0.572639, 0.572639]
[0.572639, 0.572639, 0.572639, 0.572639, 0.572639, 0.572639, 0.572639, 0.572639]
[0.572639, 0.572639, 0.572639, 0.572639, 0.572639, 0.572639, 0.572639, 0.572639]
[0.572639, 0.572639, 0.572639, 0.572639, 0.572639, 0.572639, 0.572639, 0.572639]
[0.572639, 0.572639, 0.572639, 0.572639, 0.572639, 0.572639, 0.572639, 0.572639]
[0.572639, 0.572639, 0.572639, 0.572639, 0.572639, 0.572639, 0.572639, 0.572639]
[0.572452, 0.572452, 0.572639, 0.573154, 0.573154, 0.573154, 0.572639, 0.572639]
[0.572967, 0.572967, 0.572967, 0.572967, 0.572967, 0.572967, 0.572967, 0.572452]
[0.572967, 0.572967, 0.572967, 0.572967, 0.572967, 0.572967, 0.572967, 0.572967]
[0.572967, 0.572967, 0.573337, 0.572967, 0.572967, 0.572967, 0.572967, 0.572967]
[0.572967, 0.573337, 0.573337, 0.573337, 0.573337, 0.572967, 0.572967, 0.572967]
[0.573337, 0.573337, 0.573337, 0.573337, 0.573337, 0.573337, 0.572967, 0.573337]
[0.573337, 0.573337, 0.573337, 0.573337, 0.573337, 0.573337, 0.573337, 0.573337]
[0.573337, 0.573337, 0.573337, 0.573337, 0.573337, 0.573337, 0.573337, 0.573337]
[0.573337, 0.573337, 0.573337, 0.573337, 0.573337, 0.573337, 0.573337, 0.573337]
[0.573337, 0.573337, 0.573337, 0.573337, 0.573337, 0.573337, 0.573337, 0.573337]
[0.573337, 0.573337, 0.573337, 0.573337, 0.573337, 0.573337, 0.573337, 0.573337]
[0.573337, 0.573337, 0.573337, 0.573337, 0.573337, 0.573337, 0.573337, 0.573337]
[0.573337, 0.573337, 0.573337, 0.573337, 0.573337, 0.573337, 0.573337, 0.573337]
[0.573337, 0.573337, 0.573337, 0.573337, 0.573337, 0.573337, 0.573337, 0.573337]
[0.573337, 0.573337, 0.573337, 0.573337, 0.573337, 0.573337, 0.573337, 0.573337]
[0.573337, 0.573337, 0.573337, 0.573337, 0.573337, 0.573337, 0.573337, 0.573337]
[0.573337, 0.573337, 0.573337, 0.573337, 0.573337, 0.573337, 0.573337, 0.573337]
[0.573337, 0.573337, 0.573337, 0.573337, 0.573337, 0.573337, 0.573337, 0.573337]
[0.573337, 0.573337, 0.573337, 0.573337, 0.573337, 0.573337, 0.573337, 0.573337]
[0.573337, 0.573337, 0.573337, 0.573337, 0.573337, 0.573337, 0.573337, 0.573337]
[0.573337, 0.573337, 0.573337, 0.573337, 0.573337, 0.573337, 0.573337, 0.573337]
[0.573337, 0.573337, 0.573337, 0.573337, 0.573337, 0.573337, 0.573337, 0.573337]
[0.573337, 0.573337, 0.573337, 0.574197, 0.573337, 0.573337, 0.573337, 0.573337]
[0.573337, 0.573337, 0.573337, 0.574197, 0.573337, 0.573337, 0.573337, 0.573337]
[0.573337, 0.573337, 0.573337, 0.574197, 0.573337, 0.573337, 0.573337, 0.573337]
[0.573337, 0.573337, 0.574197, 0.574197, 0.574197, 0.573337, 0.573337, 0.573337]
[0.573337, 0.573337, 0.574197, 0.574197, 0.574197, 0.573337, 0.573337, 0.573337]
[0.573337, 0.574197, 0.574197, 0.574197, 0.574197, 0.574197, 0.573337, 0.573337]
[0.573337, 0.574197, 0.573126, 0.574197, 0.574197, 0.574197, 0.573337, 0.573337]
[0.574197, 0.574197, 0.573126, 0.574197, 0.574197, 0.574197, 0.573337, 0.574197]
[0.574197, 0.573126, 0.573126, 0.573126, 0.574197, 0.574197, 0.574197, 0.574197]
[0.574197, 0.573126, 0.573126, 0.573126, 0.574197, 0.574197, 0.57314, 0.573126]
[0.57314, 0.573126, 0.573126, 0.573126, 0.574197, 0.57314, 0.57314, 0.572069]
[0.572069, 0.572069, 0.573126, 0.573126, 0.573126, 0.57314, 0.572069, 0.572069]
[0.572069, 0.572069, 0.573126, 0.573126, 0.572069, 0.572069, 0.572069, 0.572069]
[0.572069, 0.572069, 0.572069, 0.572069, 0.572069, 0.572069, 0.572069, 0.572069]
[0.572069, 0.572069, 0.572069, 0.572069, 0.572069, 0.572069, 0.572069, 0.572069]
[0.572069, 0.572069, 0.572069, 0.572069, 0.572069, 0.572069, 0.572069, 0.572069]
[0.572069, 0.572069, 0.572069, 0.572069, 0.572069, 0.572069, 0.572069, 0.572069]
[0.572069, 0.572069, 0.572069, 0.572069, 0.572069, 0.572069, 0.572069, 0.572069]
[0.572069, 0.572069, 0.572069, 0.572069, 0.572069, 0.572069, 0.572069, 0.572069]
[0.572069, 0.572069, 0.572069, 0.572069, 0.572069, 0.572069, 0.572069, 0.572069]
[0.572069, 0.572069, 0.572069, 0.572069, 0.572069, 0.572069, 0.572069, 0.572069]
[0.570725, 0.570725, 0.570725, 0.570725, 0.570622, 0.570622, 0.570622, 0.570725]
[0.570622, 0.570622, 0.570725, 0.570622, 0.570622, 0.570622, 0.570622, 0.570622]
[0.570622, 0.570622, 0.570622, 0.570622, 0.570622, 0.570622, 0.570622, 0.570622]
[0.570622, 0.570622, 0.570622, 0.570622, 0.570622, 0.570622, 0.570622, 0.570622]
[0.570622, 0.570622, 0.570622, 0.570622, 0.570622, 0.570622, 0.570622, 0.570622]
[0.570622, 0.570622, 0.570622, 0.570622, 0.570622, 0.570622, 0.570622, 0.570622]
[0.570622, 0.570622, 0.570622, 0.570622, 0.570532, 0.570532, 0.570622, 0.570622]
[0.570532, 0.570622, 0.570622, 0.570622, 0.570532, 0.570532, 0.570532, 0.570622]
[0.570532, 0.570532, 0.570622, 0.570532, 0.570532, 0.570532, 0.570532, 0.570532]
[0.570532, 0.570532, 0.570532, 0.570017, 0.570017, 0.570532, 0.570532, 0.570532]
[0.570532, 0.570532, 0.570017, 0.570017, 0.570017, 0.570532, 0.570532, 0.570532]
[0.570017, 0.570017, 0.569924, 0.569924, 0.570017, 0.570017, 0.570017, 0.570017]
[0.570017, 0.570017, 0.569924, 0.569924, 0.570017, 0.570017, 0.570017, 0.570017]
[0.570017, 0.569924, 0.569924, 0.569924, 0.569924, 0.570017, 0.570017, 0.570017]
[0.569924, 0.569924, 0.569924, 0.569924, 0.569924, 0.570017, 0.570017, 0.569924]
[0.569924, 0.569924, 0.569924, 0.568157, 0.569153, 0.569924, 0.569924, 0.569924]
[0.569924, 0.569924, 0.569153, 0.568157, 0.567639, 0.568636, 0.569924, 0.569924]
[0.569153, 0.569153, 0.568157, 0.568157, 0.567639, 0.567639, 0.569153, 0.569153]
[0.569153, 0.568157, 0.568157, 0.567639, 0.567639, 0.567639, 0.569153, 0.568157]
[0.568157, 0.568157, 0.568157, 0.567639, 0.567639, 0.567639, 0.567639, 0.568157]
[0.567639, 0.568157, 0.568157, 0.567639, 0.567639, 0.567639, 0.567639, 0.568157]
[0.567639, 0.568157, 0.567639, 0.567639, 0.567639, 0.567639, 0.567639, 0.567639]
[0.567639, 0.567639, 0.567639, 0.567639, 0.567938, 0.567938, 0.567639, 0.567639]
[0.567639, 0.567639, 0.567639, 0.567938, 0.567938, 0.567938, 0.567938, 0.567639]
[0.567938, 0.567938, 0.567938, 0.567938, 0.567938, 0.567938, 0.567938, 0.567938]
[0.567938, 0.568934, 0.567938, 0.567938, 0.567938, 0.567938, 0.567938, 0.568934]
[0.567938, 0.568934, 0.567938, 0.567938, 0.567938, 0.567938, 0.567938, 0.568934]
[0.567938, 0.568934, 0.568934, 0.567938, 0.567938, 0.567938, 0.567938, 0.569728]
[0.567938, 0.569728, 0.569728, 0.567938, 0.567938, 0.567938, 0.567938, 0.569728]
[0.568934, 0.569728, 0.569728, 0.567938, 0.567938, 0.567938, 0.567938, 0.569728]
[0.569728, 0.569728, 0.569728, 0.568731, 0.567938, 0.567938, 0.568731, 0.569728]
[0.569728, 0.569728, 0.569728, 0.568731, 0.567938, 0.567938, 0.568731, 0.569728]
[0.569728, 0.569728, 0.569728, 0.568731, 0.567938, 0.567938, 0.569728, 0.569728]
[0.569728, 0.569728, 0.569728, 0.568731, 0.568731, 0.568731, 0.569728, 0.569728]
[0.569728, 0.569728, 0.569728, 0.568731, 0.568731, 0.568731, 0.569728, 0.569728]
[0.569728, 0.569728, 0.569728, 0.568731, 0.568731, 0.568731, 0.569728, 0.569728]
[0.569728, 0.569728, 0.569728, 0.568731, 0.568731, 0.568731, 0.569728, 0.569728]
[0.569728, 0.569728, 0.569728, 0.568731, 0.568731, 0.568731, 0.569728, 0.569728]
[0.569728, 0.569728, 0.569728, 0.569205, 0.569205, 0.568731, 0.569728, 0.569728]
[0.569728, 0.569728, 0.569728, 0.569205, 0.569205, 0.568731, 0.569728, 0.569728]
[0.569728, 0.569728, 0.569728, 0.57019, 0.569205, 0.568731, 0.569728, 0.569728]
[0.569728, 0.569728, 0.569728, 0.57019, 0.569205, 0.568731, 0.569728, 0.569728]
[0.569728, 0.569728, 0.568904, 0.569369, 0.569205, 0.568731, 0.569728, 0.569728]
[0.568904, 0.568904, 0.568904, 0.569369, 0.568383, 0.568731, 0.568904, 0.568904]
[0.568904, 0.568904, 0.568904, 0.569369, 0.568383, 0.568904, 0.568904, 0.568904]
[0.568904, 0.568904, 0.568904, 0.569369, 0.568383, 0.568904, 0.568904, 0.568904]
[0.568904, 0.568904, 0.568904, 0.569369, 0.569369, 0.569369, 0.568904, 0.568904]
[0.568904, 0.568904, 0.569369, 0.569369, 0.569369, 0.569369, 0.568904, 0.568904]
[0.568904, 0.568904, 0.569369, 0.569369, 0.569369, 0.569369, 0.568904, 0.568904]
[0.568904, 0.568904, 0.569369, 0.569369, 0.569369, 0.569369, 0.568904, 0.568904]
[0.568904, 0.568904, 0.569369, 0.569369, 0.569161, 0.569161, 0.568904, 0.568904]
[0.568695, 0.568904, 0.569369, 0.569161, 0.569161, 0.569161, 0.568695, 0.568695]
