[0.063091, 0.063149, 0.063135, 0.06317, 0.063344, 0.063258, 0.063242, 0.063116]
[0.063095, 0.063112, 0.063117, 0.063159, 0.063306, 0.063217, 0.063203, 0.063089]
[0.063092, 0.063081, 0.063096, 0.063161, 0.063287, 0.063209, 0.063179, 0.063078]
[0.063056, 0.063088, 0.063125, 0.063157, 0.063292, 0.063178, 0.063135, 0.063051]
[0.063057, 0.063099, 0.063116, 0.063135, 0.063261, 0.063142, 0.063116, 0.063056]
[0.063051, 0.063103, 0.063115, 0.063137, 0.063245, 0.063114, 0.063128, 0.063062]
[0.063053, 0.0631, 0.063103, 0.063111, 0.063233, 0.063128, 0.063124, 0.063062]
[0.063058, 0.063101, 0.063108, 0.063126, 0.063228, 0.06313, 0.063134, 0.06307]
[0.063058, 0.063108, 0.063109, 0.06311, 0.063227, 0.063109, 0.063122, 0.063078]
[0.063062, 0.063107, 0.063113, 0.063109, 0.063216, 0.063133, 0.063133, 0.06307]
[0.06306, 0.06311, 0.063117, 0.06312, 0.063226, 0.063121, 0.063128, 0.063069]
[0.063062, 0.063116, 0.063118, 0.063104, 0.063233, 0.06312, 0.063123, 0.063075]
[0.063067, 0.063109, 0.063115, 0.063116, 0.063226, 0.063129, 0.063144, 0.063081]
[0.063066, 0.06311, 0.063111, 0.063112, 0.063237, 0.063136, 0.063142, 0.06308]
[0.06306, 0.06311, 0.063123, 0.063119, 0.063229, 0.063128, 0.063129, 0.063085]
[0.063062, 0.063119, 0.063124, 0.063119, 0.063232, 0.063121, 0.063145, 0.063081]
[0.063062, 0.063108, 0.063123, 0.06312, 0.063234, 0.063125, 0.06314, 0.063078]
[0.063062, 0.06311, 0.063109, 0.063105, 0.063221, 0.063127, 0.063134, 0.063079]
[0.063065, 0.063112, 0.063109, 0.063111, 0.063232, 0.063122, 0.063133, 0.063083]
[0.063062, 0.063112, 0.063111, 0.063117, 0.063228, 0.063114, 0.063133, 0.06307]
[0.063061, 0.063111, 0.063109, 0.063118, 0.063222, 0.063119, 0.063129, 0.063067]
[0.063061, 0.063109, 0.063114, 0.063129, 0.063216, 0.063116, 0.063143, 0.063094]
[0.063058, 0.063096, 0.063116, 0.063123, 0.063243, 0.063127, 0.063133, 0.063083]
[0.063058, 0.063104, 0.0631, 0.063115, 0.063238, 0.063129, 0.063135, 0.063076]
[0.06306, 0.06311, 0.063108, 0.063117, 0.063223, 0.063124, 0.063135, 0.063073]
[0.06306, 0.063106, 0.063112, 0.063121, 0.06323, 0.063103, 0.063115, 0.063077]
[0.06306, 0.063109, 0.063117, 0.063127, 0.063234, 0.06312, 0.063139, 0.06307]
[0.063061, 0.063103, 0.06311, 0.06311, 0.063222, 0.063116, 0.063141, 0.063078]
[0.063065, 0.063101, 0.063108, 0.063117, 0.063225, 0.063121, 0.063153, 0.063078]
[0.063064, 0.063112, 0.063096, 0.063113, 0.063228, 0.06313, 0.063153, 0.06307]
[0.063062, 0.063113, 0.063106, 0.063108, 0.063227, 0.063124, 0.063134, 0.06307]
[0.063061, 0.063107, 0.063109, 0.063122, 0.063227, 0.06312, 0.063143, 0.063076]
[0.06306, 0.063114, 0.063108, 0.063118, 0.06323, 0.063109, 0.063127, 0.063085]
[0.063058, 0.063115, 0.063112, 0.063127, 0.063237, 0.063115, 0.063132, 0.063084]
[0.063059, 0.063105, 0.063111, 0.063115, 0.063236, 0.063128, 0.063139, 0.063077]
[0.063064, 0.063106, 0.063108, 0.063112, 0.063231, 0.063124, 0.063144, 0.063071]
[0.063085, 0.063122, 0.063138, 0.063172, 0.063296, 0.063165, 0.063181, 0.06311]
[0.063065, 0.063096, 0.063118, 0.063143, 0.063258, 0.06314, 0.06314, 0.063066]
[0.06306, 0.063094, 0.063114, 0.06314, 0.063255, 0.063139, 0.06313, 0.06306]
[0.063062, 0.063095, 0.063118, 0.063125, 0.063244, 0.063143, 0.063137, 0.063074]
[0.063057, 0.063102, 0.063122, 0.063134, 0.063227, 0.063109, 0.063124, 0.063063]
[0.063055, 0.063106, 0.063122, 0.063123, 0.063234, 0.063111, 0.063121, 0.063071]
[0.063058, 0.063105, 0.063115, 0.063134, 0.063233, 0.063099, 0.063113, 0.06307]
[0.063057, 0.063104, 0.063114, 0.063127, 0.063232, 0.063119, 0.063129, 0.063078]
[0.063059, 0.063099, 0.063112, 0.063121, 0.063225, 0.063126, 0.063136, 0.063065]
[0.063062, 0.063112, 0.063133, 0.063126, 0.063217, 0.063115, 0.063129, 0.063077]
[0.063065, 0.063107, 0.063114, 0.063122, 0.06323, 0.063121, 0.063132, 0.063074]
[0.063063, 0.063114, 0.063127, 0.063123, 0.063232, 0.06311, 0.063125, 0.063074]
[0.063061, 0.063117, 0.063116, 0.063133, 0.063222, 0.063112, 0.063143, 0.063075]
[0.063064, 0.063111, 0.063111, 0.063124, 0.063228, 0.063126, 0.063139, 0.063085]
[0.06306, 0.063118, 0.063132, 0.063137, 0.063232, 0.063106, 0.063119, 0.063085]
[0.063058, 0.06312, 0.063127, 0.063135, 0.063235, 0.063099, 0.063132, 0.063086]
[0.063058, 0.06311, 0.063122, 0.063135, 0.063241, 0.063124, 0.063139, 0.063086]
[0.063059, 0.063111, 0.063119, 0.063118, 0.063237, 0.063128, 0.063141, 0.06308]
[0.063062, 0.06311, 0.063127, 0.063122, 0.063218, 0.063111, 0.063129, 0.063094]
[0.063062, 0.063116, 0.063132, 0.063119, 0.063232, 0.063112, 0.063121, 0.063088]
[0.063061, 0.063106, 0.063122, 0.063125, 0.063223, 0.063107, 0.063137, 0.063085]
[0.063065, 0.063115, 0.063127, 0.063117, 0.063227, 0.063122, 0.063148, 0.063086]
[0.063063, 0.063119, 0.063131, 0.063129, 0.063231, 0.063102, 0.063129, 0.063081]
[0.063058, 0.063113, 0.063127, 0.06312, 0.063221, 0.063105, 0.063123, 0.063094]
[0.063057, 0.063105, 0.063117, 0.063122, 0.063215, 0.063119, 0.063123, 0.063087]
[0.063055, 0.063104, 0.063116, 0.063126, 0.063238, 0.063126, 0.063139, 0.063059]
[0.063057, 0.063108, 0.063119, 0.06312, 0.063231, 0.063119, 0.063123, 0.063078]
[0.063059, 0.063106, 0.063119, 0.063124, 0.063227, 0.06312, 0.063122, 0.063086]
[0.063062, 0.063118, 0.063117, 0.063109, 0.063231, 0.063141, 0.063145, 0.063079]
[0.063061, 0.063121, 0.06312, 0.063123, 0.063236, 0.063127, 0.063132, 0.063097]
[0.063058, 0.063105, 0.063109, 0.063128, 0.063225, 0.063131, 0.06314, 0.063073]
[0.063083, 0.063105, 0.063122, 0.063125, 0.063225, 0.063138, 0.063151, 0.063086]
[0.063112, 0.063113, 0.063136, 0.063135, 0.063254, 0.063153, 0.063176, 0.063099]
[0.063157, 0.063137, 0.063166, 0.063161, 0.063256, 0.063196, 0.063218, 0.063173]
[0.063224, 0.063188, 0.063206, 0.063194, 0.063273, 0.063237, 0.063264, 0.063219]
[0.063302, 0.06327, 0.063255, 0.063227, 0.063314, 0.063285, 0.063343, 0.063321]
[0.063367, 0.063344, 0.063325, 0.0633, 0.063356, 0.063329, 0.063389, 0.063413]
[0.063457, 0.063446, 0.063398, 0.063373, 0.06339, 0.063389, 0.063463, 0.063518]
[0.063591, 0.063574, 0.063464, 0.063415, 0.063434, 0.06347, 0.063572, 0.063661]
[0.063721, 0.06373, 0.063558, 0.063477, 0.063495, 0.06355, 0.063694, 0.063797]
[0.06387, 0.063896, 0.063686, 0.063557, 0.063572, 0.063633, 0.063825, 0.063949]
[0.064034, 0.064057, 0.063829, 0.063659, 0.063662, 0.063742, 0.063976, 0.06411]
[0.064205, 0.064241, 0.063983, 0.063767, 0.06375, 0.063853, 0.064132, 0.064287]
[0.064385, 0.064429, 0.064154, 0.0639, 0.063848, 0.063983, 0.0643, 0.064481]
[0.064578, 0.064627, 0.064333, 0.064048, 0.063959, 0.064117, 0.064488, 0.064677]
[0.064782, 0.064846, 0.064542, 0.064218, 0.064099, 0.064276, 0.064668, 0.064892]
[0.064997, 0.065079, 0.064752, 0.064388, 0.064236, 0.064447, 0.064883, 0.065126]
[0.065237, 0.065337, 0.064987, 0.064592, 0.064413, 0.064656, 0.065121, 0.06538]
[0.06552, 0.065634, 0.065258, 0.064831, 0.064629, 0.064895, 0.065393, 0.065673]
[0.065798, 0.065927, 0.065533, 0.065072, 0.064872, 0.065127, 0.065668, 0.065949]
[0.06611, 0.06625, 0.065841, 0.065348, 0.065129, 0.065406, 0.065969, 0.066281]
[0.066453, 0.066606, 0.066175, 0.065648, 0.065436, 0.065735, 0.066314, 0.066651]
[0.066807, 0.066982, 0.06654, 0.065976, 0.065758, 0.066068, 0.066663, 0.067026]
[0.0672, 0.067382, 0.066933, 0.06636, 0.066123, 0.066443, 0.067051, 0.06743]
[0.067624, 0.067815, 0.067364, 0.066779, 0.066516, 0.066845, 0.067472, 0.067859]
[0.068048, 0.068243, 0.067796, 0.0672, 0.066928, 0.067252, 0.067895, 0.068292]
[0.068518, 0.068698, 0.068258, 0.067645, 0.067383, 0.06771, 0.068359, 0.068755]
[0.068996, 0.069176, 0.068733, 0.068132, 0.067854, 0.068178, 0.068835, 0.069226]
[0.069493, 0.069659, 0.069222, 0.068624, 0.06835, 0.068684, 0.069344, 0.069715]
[0.070002, 0.070164, 0.069729, 0.069143, 0.068875, 0.069196, 0.069851, 0.070222]
[0.070517, 0.070668, 0.070229, 0.069659, 0.069401, 0.069717, 0.070364, 0.070731]
[0.071028, 0.071177, 0.070735, 0.070179, 0.069925, 0.070225, 0.070877, 0.071245]
[0.071539, 0.071691, 0.071251, 0.070697, 0.070441, 0.07074, 0.071384, 0.071756]
[0.07205, 0.072199, 0.071762, 0.071205, 0.070954, 0.071245, 0.071899, 0.072267]
[0.07255, 0.072699, 0.07227, 0.071702, 0.071468, 0.071749, 0.072396, 0.072777]
[0.073055, 0.073204, 0.072776, 0.072209, 0.071965, 0.072239, 0.0729, 0.073284]
[0.073575, 0.07373, 0.073298, 0.07272, 0.072477, 0.072751, 0.073419, 0.073805]
[0.074093, 0.074252, 0.073823, 0.073236, 0.072982, 0.073253, 0.073935, 0.074336]
[0.074611, 0.074772, 0.074343, 0.073729, 0.073459, 0.073736, 0.074452, 0.074857]
[0.075161, 0.075329, 0.074885, 0.074263, 0.073985, 0.074256, 0.074988, 0.075415]
[0.075709, 0.075893, 0.075437, 0.074792, 0.074486, 0.07477, 0.075522, 0.075974]
[0.076268, 0.076475, 0.075998, 0.075334, 0.074999, 0.075281, 0.076053, 0.076542]
[0.076829, 0.077033, 0.07652, 0.075832, 0.075493, 0.075801, 0.076617, 0.077113]
[0.077387, 0.077589, 0.077058, 0.076335, 0.075981, 0.076308, 0.077164, 0.077673]
[0.077939, 0.078153, 0.07759, 0.076842, 0.076463, 0.07681, 0.077696, 0.078236]
[0.078485, 0.078701, 0.07811, 0.07733, 0.076952, 0.077311, 0.078235, 0.07878]
[0.079027, 0.079243, 0.078631, 0.077819, 0.077434, 0.077812, 0.078767, 0.079316]
[0.079578, 0.079804, 0.07916, 0.078322, 0.077928, 0.078316, 0.079309, 0.079866]
[0.080125, 0.080351, 0.079684, 0.078812, 0.078408, 0.078825, 0.079849, 0.080421]
[0.080669, 0.080894, 0.080213, 0.079312, 0.078913, 0.079346, 0.080384, 0.080971]
[0.081233, 0.081451, 0.080745, 0.079822, 0.079405, 0.079875, 0.080949, 0.081529]
[0.08181, 0.082024, 0.081296, 0.080355, 0.079939, 0.080427, 0.08152, 0.0821]
[0.082393, 0.082597, 0.081852, 0.080892, 0.080474, 0.080993, 0.082102, 0.08269]
[0.082983, 0.083171, 0.082404, 0.081439, 0.081036, 0.081572, 0.082702, 0.083277]
[0.083575, 0.083756, 0.082983, 0.082006, 0.081607, 0.082161, 0.083298, 0.083862]
[0.084168, 0.08434, 0.083554, 0.082575, 0.082192, 0.082762, 0.083896, 0.08445]
[0.084767, 0.084924, 0.084131, 0.083143, 0.082771, 0.083358, 0.084502, 0.085041]
[0.085368, 0.085511, 0.084714, 0.083732, 0.083371, 0.083966, 0.085115, 0.085628]
[0.085972, 0.086107, 0.085301, 0.08432, 0.083973, 0.084581, 0.085723, 0.086227]
[0.086579, 0.086709, 0.085906, 0.084929, 0.084583, 0.08519, 0.086342, 0.086837]
[0.087186, 0.08731, 0.086504, 0.085518, 0.085173, 0.085782, 0.08694, 0.087444]
[0.087788, 0.087918, 0.087109, 0.086116, 0.085771, 0.086385, 0.08754, 0.088056]
[0.088381, 0.088515, 0.087707, 0.0867, 0.086355, 0.086959, 0.088122, 0.088654]
[0.088972, 0.089113, 0.088312, 0.087291, 0.086933, 0.087527, 0.088713, 0.089256]
[0.08956, 0.089716, 0.088907, 0.087872, 0.087502, 0.088103, 0.089292, 0.089866]
[0.090163, 0.090341, 0.089531, 0.088503, 0.088118, 0.088699, 0.089893, 0.09048]
[0.090763, 0.090955, 0.090137, 0.089084, 0.08868, 0.08927, 0.090501, 0.091106]
[0.091365, 0.091573, 0.090754, 0.089686, 0.089266, 0.08984, 0.091088, 0.091718]
[0.09198, 0.092211, 0.091381, 0.090305, 0.089868, 0.090437, 0.09169, 0.092346]
[0.092588, 0.092833, 0.092002, 0.0909, 0.090426, 0.091015, 0.092289, 0.092967]
[0.093206, 0.093454, 0.092618, 0.091508, 0.091023, 0.091595, 0.092896, 0.093598]
[0.093827, 0.094089, 0.093239, 0.092103, 0.091604, 0.092189, 0.093512, 0.094229]
[0.094442, 0.094712, 0.093848, 0.092702, 0.092191, 0.092781, 0.094119, 0.094837]
[0.095054, 0.09531, 0.094436, 0.093274, 0.092771, 0.093378, 0.094734, 0.095448]
[0.095675, 0.09593, 0.095026, 0.093848, 0.093348, 0.093974, 0.09535, 0.096061]
[0.096294, 0.096536, 0.095616, 0.094423, 0.09392, 0.094571, 0.09597, 0.096679]
[0.096927, 0.097173, 0.096231, 0.09501, 0.094504, 0.095179, 0.096595, 0.097321]
[0.097471, 0.097703, 0.096735, 0.095494, 0.094994, 0.095678, 0.09716, 0.097879]
[0.098178, 0.098405, 0.097426, 0.096189, 0.095686, 0.096394, 0.09786, 0.098569]
[0.09885, 0.099064, 0.098065, 0.096809, 0.096323, 0.097071, 0.098525, 0.09923]
[0.099492, 0.099705, 0.098689, 0.097423, 0.096933, 0.097693, 0.099172, 0.099878]
[0.100123, 0.100337, 0.099318, 0.098031, 0.097538, 0.098311, 0.099799, 0.10052]
[0.10075, 0.100981, 0.099948, 0.098648, 0.098142, 0.098919, 0.100419, 0.101157]
[0.101368, 0.101613, 0.10058, 0.09927, 0.098754, 0.099534, 0.101049, 0.101787]
[0.101979, 0.102235, 0.101217, 0.099895, 0.099373, 0.100141, 0.10165, 0.10241]
[0.102599, 0.102863, 0.101844, 0.100523, 0.099986, 0.100752, 0.10227, 0.103039]
[0.103207, 0.103492, 0.102484, 0.101138, 0.100581, 0.101332, 0.102869, 0.103664]
[0.103837, 0.104125, 0.103105, 0.101752, 0.101208, 0.101963, 0.103506, 0.104295]
[0.104456, 0.104739, 0.103719, 0.102373, 0.101824, 0.102573, 0.10412, 0.104918]
[0.10507, 0.10536, 0.104351, 0.103003, 0.10244, 0.103175, 0.104729, 0.105532]
[0.105716, 0.106016, 0.104997, 0.103643, 0.103074, 0.10381, 0.105374, 0.106188]
[0.10638, 0.106662, 0.105639, 0.104283, 0.10373, 0.104478, 0.106035, 0.106838]
[0.107037, 0.107291, 0.106243, 0.104902, 0.104378, 0.105163, 0.106713, 0.107477]
[0.107696, 0.107919, 0.106855, 0.105535, 0.105028, 0.10583, 0.107376, 0.108108]
[0.108355, 0.108536, 0.107452, 0.106144, 0.105671, 0.106504, 0.108051, 0.108747]
[0.109017, 0.109199, 0.108112, 0.106809, 0.106351, 0.107177, 0.108712, 0.109407]
[0.109687, 0.109853, 0.108747, 0.107439, 0.106973, 0.107828, 0.109383, 0.110079]
[0.110354, 0.110521, 0.109402, 0.108073, 0.107616, 0.108479, 0.110052, 0.11075]
[0.111006, 0.111164, 0.110013, 0.108674, 0.108219, 0.109101, 0.110695, 0.111403]
[0.111653, 0.111836, 0.110694, 0.109322, 0.108834, 0.109708, 0.11133, 0.112077]
[0.112308, 0.112531, 0.111386, 0.10998, 0.109469, 0.110325, 0.111971, 0.112749]
[0.112937, 0.113179, 0.112031, 0.110595, 0.11005, 0.110908, 0.112585, 0.113395]
[0.11355, 0.113844, 0.112699, 0.111228, 0.110635, 0.111468, 0.113178, 0.11405]
[0.114181, 0.114521, 0.113373, 0.111857, 0.111208, 0.112034, 0.113777, 0.114699]
[0.114838, 0.115193, 0.114032, 0.112489, 0.11183, 0.11266, 0.114428, 0.115379]
[0.115506, 0.115866, 0.114697, 0.113141, 0.112463, 0.113303, 0.115089, 0.11605]
[0.116196, 0.116558, 0.115375, 0.113796, 0.113106, 0.113963, 0.115781, 0.116745]
[0.116859, 0.117199, 0.116001, 0.114428, 0.113764, 0.114624, 0.116443, 0.117394]
[0.117547, 0.117858, 0.116637, 0.115067, 0.114431, 0.115326, 0.117143, 0.118065]
[0.11823, 0.118511, 0.117285, 0.115722, 0.115109, 0.11602, 0.117828, 0.118728]
[0.118995, 0.119248, 0.118009, 0.11646, 0.115864, 0.116786, 0.118602, 0.119476]
[0.119726, 0.119948, 0.118686, 0.117164, 0.11661, 0.117555, 0.119345, 0.120172]
[0.120435, 0.120643, 0.119381, 0.117859, 0.117329, 0.118272, 0.120059, 0.120879]
[0.120998, 0.121291, 0.120062, 0.118499, 0.117864, 0.118769, 0.12061, 0.12153]
[0.121863, 0.122078, 0.120801, 0.119259, 0.118703, 0.119665, 0.121481, 0.122322]
[0.122591, 0.122805, 0.121518, 0.11997, 0.119415, 0.120393, 0.122211, 0.123045]
[0.123283, 0.1235, 0.122214, 0.120651, 0.120103, 0.121069, 0.122899, 0.123754]
[0.12399, 0.124215, 0.122908, 0.121324, 0.120767, 0.121747, 0.123598, 0.124471]
[0.124683, 0.12493, 0.123617, 0.122004, 0.121433, 0.12241, 0.124292, 0.125185]
[0.12535, 0.125642, 0.124314, 0.122666, 0.122045, 0.123007, 0.124922, 0.125879]
[0.126001, 0.126331, 0.124999, 0.123309, 0.122644, 0.123604, 0.125562, 0.126566]
[0.126696, 0.127066, 0.125745, 0.124035, 0.123329, 0.124264, 0.126242, 0.127286]
[0.127326, 0.12771, 0.126361, 0.124609, 0.123887, 0.124842, 0.126882, 0.12794]
[0.127965, 0.128365, 0.127006, 0.125224, 0.12447, 0.125438, 0.1275, 0.128591]
[0.128642, 0.129057, 0.1277, 0.125895, 0.125112, 0.126071, 0.128177, 0.129293]
[0.129321, 0.129736, 0.128361, 0.126553, 0.125753, 0.12673, 0.128857, 0.129985]
[0.130128, 0.130535, 0.129161, 0.127339, 0.126542, 0.127526, 0.129645, 0.130764]
[0.130867, 0.131226, 0.129818, 0.128018, 0.127267, 0.128286, 0.130403, 0.131474]
[0.13162, 0.13193, 0.130483, 0.128703, 0.128006, 0.129058, 0.131167, 0.132194]
[0.132398, 0.132655, 0.131189, 0.129422, 0.12878, 0.129874, 0.131968, 0.132938]
[0.133197, 0.13343, 0.131954, 0.130211, 0.129595, 0.130698, 0.132766, 0.133717]
[0.134037, 0.134254, 0.132779, 0.131048, 0.130442, 0.131553, 0.133605, 0.134533]
[0.134785, 0.13502, 0.133546, 0.131803, 0.131191, 0.132279, 0.134343, 0.135285]
[0.135516, 0.13577, 0.134302, 0.132542, 0.131894, 0.132975, 0.135052, 0.136039]
[0.136307, 0.136595, 0.135132, 0.133334, 0.132668, 0.133729, 0.135845, 0.136861]
[0.136987, 0.13731, 0.135828, 0.133996, 0.133288, 0.134356, 0.136511, 0.137574]
[0.13763, 0.138003, 0.13652, 0.134626, 0.133852, 0.134915, 0.137138, 0.138264]
[0.138208, 0.13866, 0.137185, 0.135229, 0.134373, 0.135417, 0.13769, 0.138909]
[0.138753, 0.139256, 0.137764, 0.135745, 0.134825, 0.135866, 0.138222, 0.139505]
[0.139452, 0.139984, 0.138488, 0.136451, 0.135508, 0.136533, 0.138912, 0.140226]
[0.140187, 0.140704, 0.139197, 0.137152, 0.136208, 0.137255, 0.139645, 0.140943]
[0.140905, 0.14138, 0.139838, 0.137793, 0.136875, 0.137961, 0.140368, 0.141641]
[0.141735, 0.142201, 0.140654, 0.138625, 0.137732, 0.138822, 0.141204, 0.14245]
[0.142662, 0.143066, 0.141502, 0.139526, 0.138696, 0.139802, 0.142152, 0.143322]
[0.143512, 0.143859, 0.142289, 0.140333, 0.139564, 0.140693, 0.143015, 0.144142]
[0.14435, 0.14467, 0.143082, 0.141153, 0.14042, 0.141567, 0.143858, 0.144948]
[0.14512, 0.145407, 0.14382, 0.141894, 0.141179, 0.142353, 0.144647, 0.145701]
[0.146016, 0.146249, 0.144648, 0.142749, 0.142074, 0.143272, 0.145547, 0.146556]
[0.146635, 0.146928, 0.145325, 0.143376, 0.142653, 0.14384, 0.146169, 0.147239]
[0.146973, 0.147461, 0.145883, 0.143779, 0.142822, 0.143966, 0.146468, 0.147758]
[0.147848, 0.148323, 0.146736, 0.144642, 0.143691, 0.144838, 0.147319, 0.148602]
[0.148758, 0.149224, 0.147645, 0.145553, 0.144611, 0.145746, 0.148215, 0.149492]
[0.149457, 0.149982, 0.148399, 0.146258, 0.145268, 0.146384, 0.148905, 0.150229]
[0.150125, 0.150705, 0.149145, 0.146955, 0.145906, 0.14701, 0.149558, 0.150944]
[0.150777, 0.151398, 0.149838, 0.147609, 0.146506, 0.147613, 0.150186, 0.151627]
[0.151403, 0.152046, 0.150459, 0.148211, 0.147098, 0.148203, 0.150822, 0.152287]
[0.1523, 0.1529, 0.151298, 0.149074, 0.14799, 0.149121, 0.151719, 0.15314]
[0.153119, 0.153687, 0.152093, 0.149883, 0.148826, 0.149957, 0.15254, 0.153929]
[0.154016, 0.154503, 0.152885, 0.150737, 0.149763, 0.150932, 0.153475, 0.154772]
[0.154831, 0.155282, 0.153647, 0.151525, 0.150582, 0.151775, 0.154291, 0.155554]
[0.155817, 0.156191, 0.154552, 0.152495, 0.151624, 0.152825, 0.155295, 0.156483]
[0.156755, 0.157071, 0.155435, 0.153419, 0.152599, 0.153808, 0.15624, 0.157365]
[0.157668, 0.157937, 0.156299, 0.154308, 0.153544, 0.154793, 0.157176, 0.158243]
[0.158501, 0.15873, 0.157071, 0.155083, 0.154342, 0.155616, 0.158013, 0.159051]
[0.159131, 0.15945, 0.157806, 0.155771, 0.154947, 0.156188, 0.158635, 0.159757]
[0.159756, 0.160137, 0.158497, 0.156403, 0.155517, 0.156737, 0.159225, 0.160431]
[0.160544, 0.160958, 0.15933, 0.157225, 0.15629, 0.157493, 0.159999, 0.161229]
[0.160995, 0.161482, 0.159848, 0.157669, 0.156683, 0.157857, 0.160425, 0.161749]
[0.161408, 0.161996, 0.160396, 0.158147, 0.157048, 0.158171, 0.160805, 0.162243]
[0.162144, 0.162741, 0.161129, 0.158867, 0.157753, 0.158891, 0.161545, 0.162982]
[0.162797, 0.16341, 0.161797, 0.15952, 0.158397, 0.159511, 0.162182, 0.163646]
[0.163577, 0.164176, 0.162566, 0.160304, 0.15919, 0.160324, 0.162976, 0.164418]
[0.164488, 0.165046, 0.163445, 0.161222, 0.160137, 0.161275, 0.1639, 0.165302]
[0.165197, 0.165719, 0.164102, 0.161892, 0.160847, 0.162008, 0.164632, 0.165988]
[0.166286, 0.166719, 0.165115, 0.162981, 0.162027, 0.16321, 0.165738, 0.167005]
[0.167187, 0.167577, 0.165973, 0.16387, 0.162982, 0.164187, 0.16666, 0.167865]
[0.168038, 0.168415, 0.166824, 0.164752, 0.163889, 0.165078, 0.167523, 0.168703]
[0.168882, 0.169222, 0.167621, 0.165572, 0.16475, 0.165955, 0.16837, 0.169512]
[0.169585, 0.169939, 0.16835, 0.166303, 0.165454, 0.166637, 0.169065, 0.170223]
[0.170145, 0.170552, 0.168959, 0.16689, 0.166003, 0.167154, 0.169615, 0.170831]
[0.170763, 0.171197, 0.169621, 0.167527, 0.166604, 0.167751, 0.17022, 0.171466]
[0.171526, 0.171974, 0.170405, 0.168306, 0.167375, 0.168503, 0.170979, 0.17223]
[0.172197, 0.172667, 0.171085, 0.168968, 0.168024, 0.169148, 0.17164, 0.17292]
[0.172911, 0.173385, 0.171789, 0.169665, 0.168721, 0.169848, 0.172356, 0.173641]
[0.173605, 0.174099, 0.172504, 0.170357, 0.169389, 0.170521, 0.173041, 0.174349]
[0.17394, 0.174584, 0.173033, 0.17082, 0.169704, 0.170744, 0.173351, 0.174809]
[0.174814, 0.175424, 0.17386, 0.171663, 0.170584, 0.171639, 0.174228, 0.17565]
[0.175933, 0.176426, 0.174816, 0.172683, 0.171722, 0.172858, 0.175375, 0.176679]
[0.176801, 0.177254, 0.175642, 0.173506, 0.172594, 0.173754, 0.176258, 0.177526]
[0.177757, 0.178174, 0.176544, 0.174449, 0.17357, 0.174751, 0.177214, 0.178453]
[0.178536, 0.17895, 0.177325, 0.175238, 0.174353, 0.17554, 0.178011, 0.179236]
[0.179341, 0.179753, 0.178133, 0.176036, 0.175147, 0.176346, 0.178808, 0.180046]
[0.180306, 0.180682, 0.17904, 0.176966, 0.176114, 0.177334, 0.179781, 0.180974]
[0.181127, 0.181506, 0.179858, 0.177776, 0.176912, 0.178133, 0.180596, 0.181801]
[0.181742, 0.182184, 0.180552, 0.178433, 0.177523, 0.178714, 0.181197, 0.182479]
[0.182444, 0.182937, 0.181314, 0.179178, 0.178223, 0.179371, 0.181886, 0.183205]
[0.183093, 0.183616, 0.182002, 0.179857, 0.178853, 0.179992, 0.182513, 0.183872]
[0.183865, 0.184394, 0.182797, 0.180643, 0.179636, 0.180746, 0.183264, 0.184639]
[0.184674, 0.185206, 0.183614, 0.181465, 0.180443, 0.181543, 0.184065, 0.185439]
[0.185567, 0.186073, 0.184474, 0.182317, 0.18132, 0.182436, 0.184965, 0.186307]
[0.186232, 0.186748, 0.185159, 0.183008, 0.182004, 0.183111, 0.185632, 0.186987]
[0.187028, 0.187521, 0.185931, 0.183798, 0.182814, 0.183937, 0.186439, 0.187761]
[0.187976, 0.188428, 0.186838, 0.184728, 0.183806, 0.184926, 0.187399, 0.188675]
[0.188853, 0.189273, 0.187678, 0.185595, 0.184698, 0.185837, 0.188284, 0.189538]
[0.189681, 0.190098, 0.188495, 0.186413, 0.185526, 0.186681, 0.18913, 0.190363]
[0.190496, 0.19091, 0.189308, 0.18723, 0.186337, 0.187488, 0.189943, 0.191179]
[0.191359, 0.191757, 0.190151, 0.188061, 0.187192, 0.188354, 0.190815, 0.19204]
[0.192155, 0.192579, 0.190967, 0.188877, 0.187979, 0.189137, 0.191599, 0.192847]
[0.193014, 0.193458, 0.191849, 0.189751, 0.188837, 0.189988, 0.192457, 0.193718]
[0.193967, 0.194396, 0.192779, 0.190679, 0.189761, 0.190918, 0.193398, 0.194657]
[0.194746, 0.195217, 0.193622, 0.191488, 0.190542, 0.191673, 0.194162, 0.195474]
[0.195516, 0.196025, 0.194448, 0.192299, 0.191312, 0.192417, 0.194929, 0.196276]
[0.196335, 0.196871, 0.195304, 0.193164, 0.192148, 0.193234, 0.195744, 0.197107]
[0.197239, 0.197768, 0.196206, 0.19406, 0.193055, 0.194141, 0.196645, 0.197995]
[0.198135, 0.198669, 0.197121, 0.194984, 0.193969, 0.195045, 0.197535, 0.198891]
[0.199091, 0.199597, 0.198037, 0.195903, 0.194921, 0.196013, 0.198488, 0.199826]
[0.199979, 0.200483, 0.198943, 0.196814, 0.195835, 0.196921, 0.199386, 0.200722]
[0.200935, 0.201416, 0.199865, 0.197756, 0.196799, 0.19789, 0.200348, 0.201646]
[0.201847, 0.202327, 0.200769, 0.198678, 0.19773, 0.198828, 0.201269, 0.202553]
[0.202831, 0.203285, 0.201708, 0.199617, 0.198695, 0.199826, 0.202259, 0.203525]
[0.20374, 0.204194, 0.202605, 0.200508, 0.199586, 0.20073, 0.203174, 0.204434]
[0.204273, 0.204845, 0.203321, 0.201204, 0.200173, 0.201225, 0.203699, 0.205072]
[0.205189, 0.205763, 0.204246, 0.202126, 0.201083, 0.20213, 0.204607, 0.20599]
[0.206338, 0.206836, 0.205262, 0.20315, 0.202207, 0.203308, 0.205762, 0.207072]
[0.207297, 0.207782, 0.206192, 0.204088, 0.203151, 0.204272, 0.206727, 0.208024]
[0.208293, 0.208752, 0.207148, 0.205035, 0.204128, 0.205271, 0.207735, 0.209009]
[0.209196, 0.209662, 0.208055, 0.205944, 0.205023, 0.206163, 0.208623, 0.209913]
[0.210167, 0.210623, 0.209009, 0.206884, 0.205979, 0.207127, 0.209594, 0.210881]
[0.211117, 0.211582, 0.209961, 0.207829, 0.206911, 0.208052, 0.210536, 0.211837]
[0.211991, 0.212478, 0.210867, 0.208738, 0.207801, 0.208918, 0.211402, 0.212729]
[0.212958, 0.213454, 0.211848, 0.2097, 0.208747, 0.209865, 0.212357, 0.213704]
[0.213934, 0.214429, 0.212813, 0.210658, 0.209706, 0.210827, 0.21333, 0.214676]
[0.214772, 0.215288, 0.213679, 0.211507, 0.210549, 0.211653, 0.214165, 0.215528]
[0.215621, 0.216153, 0.214553, 0.212389, 0.211426, 0.212506, 0.215021, 0.216388]
[0.216609, 0.217137, 0.215521, 0.213343, 0.212386, 0.213482, 0.215993, 0.217355]
[0.217614, 0.218114, 0.216489, 0.214319, 0.213381, 0.214503, 0.217014, 0.218361]
[0.218607, 0.219082, 0.217441, 0.215287, 0.214385, 0.215528, 0.218026, 0.219338]
[0.219497, 0.219965, 0.218327, 0.216192, 0.215296, 0.216445, 0.218933, 0.220231]
[0.22044, 0.220892, 0.219237, 0.21711, 0.216239, 0.217406, 0.219884, 0.221145]
[0.221435, 0.22186, 0.220199, 0.218094, 0.217246, 0.218417, 0.220877, 0.222128]
[0.222391, 0.222798, 0.221138, 0.219026, 0.218188, 0.21938, 0.221848, 0.223082]
[0.223365, 0.223775, 0.222099, 0.219989, 0.219158, 0.220351, 0.222825, 0.224041]
[0.224374, 0.224767, 0.223091, 0.220969, 0.220148, 0.221355, 0.223829, 0.22504]
[0.22532, 0.225701, 0.224018, 0.221893, 0.221089, 0.222301, 0.224771, 0.225969]
[0.226208, 0.2266, 0.224917, 0.222797, 0.221963, 0.223184, 0.22566, 0.226875]
[0.227118, 0.227523, 0.22585, 0.223721, 0.22287, 0.224082, 0.226562, 0.227796]
[0.227988, 0.228419, 0.226744, 0.224604, 0.223723, 0.224926, 0.227419, 0.228671]
[0.228859, 0.229308, 0.227639, 0.225494, 0.224593, 0.225777, 0.228273, 0.229557]
[0.229734, 0.230215, 0.228563, 0.226401, 0.225465, 0.226621, 0.229134, 0.230452]
[0.230583, 0.231102, 0.22948, 0.227315, 0.226342, 0.227448, 0.229969, 0.231315]
[0.231494, 0.232018, 0.230407, 0.228247, 0.227268, 0.228365, 0.230874, 0.232224]
[0.232446, 0.232971, 0.231368, 0.229229, 0.228265, 0.229346, 0.23183, 0.233168]
[0.233437, 0.233945, 0.232348, 0.230219, 0.229273, 0.230358, 0.232828, 0.234156]
[0.234436, 0.234911, 0.233318, 0.231213, 0.230304, 0.231387, 0.233836, 0.235133]
[0.235441, 0.235899, 0.234314, 0.232234, 0.231341, 0.232434, 0.234858, 0.23613]
[0.236404, 0.236854, 0.23527, 0.233214, 0.232341, 0.233429, 0.235828, 0.237091]
[0.237307, 0.237748, 0.236181, 0.23414, 0.233278, 0.234349, 0.23674, 0.237991]
[0.237943, 0.238479, 0.236974, 0.234942, 0.233993, 0.234978, 0.237366, 0.238697]
[0.239052, 0.239531, 0.237998, 0.235971, 0.23506, 0.236088, 0.238469, 0.239759]
[0.240208, 0.240617, 0.239009, 0.236949, 0.236097, 0.237225, 0.239626, 0.240861]
[0.24116, 0.241561, 0.239946, 0.237897, 0.237047, 0.238183, 0.240584, 0.24181]
[0.242013, 0.242449, 0.240853, 0.238795, 0.237911, 0.239021, 0.241431, 0.242677]
[0.242934, 0.243369, 0.241741, 0.23967, 0.238788, 0.23991, 0.242331, 0.243598]
[0.243943, 0.244353, 0.242699, 0.240601, 0.23973, 0.240897, 0.243343, 0.244602]
[0.244817, 0.245237, 0.243606, 0.241531, 0.240642, 0.241783, 0.244214, 0.24547]
[0.245676, 0.246111, 0.244494, 0.242417, 0.241524, 0.242651, 0.245069, 0.246342]
[0.246692, 0.247099, 0.245449, 0.243363, 0.242498, 0.243654, 0.246089, 0.247333]
[0.247695, 0.248092, 0.246429, 0.244324, 0.243462, 0.244638, 0.247091, 0.248337]
[0.248697, 0.249097, 0.247424, 0.245311, 0.244438, 0.245633, 0.248094, 0.249339]
[0.249693, 0.250088, 0.248426, 0.246314, 0.245464, 0.246641, 0.249104, 0.250349]
[0.250719, 0.251112, 0.24942, 0.247281, 0.246421, 0.247632, 0.25012, 0.251363]
[0.251734, 0.252139, 0.250452, 0.248308, 0.247438, 0.248627, 0.251117, 0.252386]
[0.252639, 0.25308, 0.25143, 0.24931, 0.248445, 0.249589, 0.252041, 0.253325]
[0.253668, 0.254111, 0.252451, 0.250324, 0.249453, 0.250614, 0.253068, 0.254342]
[0.2546, 0.25506, 0.253426, 0.251299, 0.250424, 0.251559, 0.254005, 0.25528]
[0.255588, 0.256051, 0.254415, 0.2523, 0.251433, 0.252567, 0.254992, 0.256276]
[0.256588, 0.25705, 0.255419, 0.253302, 0.252441, 0.253565, 0.255985, 0.257266]
[0.257548, 0.258016, 0.256396, 0.254304, 0.253441, 0.254547, 0.256946, 0.258228]
[0.258584, 0.259035, 0.25739, 0.255287, 0.254429, 0.25558, 0.257992, 0.259262]
[0.259599, 0.260043, 0.258398, 0.256306, 0.255469, 0.256618, 0.259021, 0.260272]
[0.260599, 0.26103, 0.259379, 0.257307, 0.256475, 0.25763, 0.260016, 0.261273]
[0.261623, 0.262031, 0.260382, 0.258303, 0.257513, 0.258686, 0.261055, 0.26228]
[0.262685, 0.263075, 0.261404, 0.259313, 0.258532, 0.259721, 0.262107, 0.263321]
[0.2637, 0.264094, 0.262436, 0.260349, 0.259563, 0.260735, 0.26312, 0.264329]
[0.264751, 0.265141, 0.263488, 0.261403, 0.260618, 0.261788, 0.264169, 0.265378]
[0.265793, 0.266178, 0.26451, 0.262418, 0.261647, 0.262822, 0.265214, 0.266421]
[0.266771, 0.267166, 0.265502, 0.263415, 0.262638, 0.2638, 0.266187, 0.267398]
[0.267776, 0.268172, 0.266504, 0.264416, 0.263645, 0.264792, 0.267184, 0.268392]
[0.268841, 0.269216, 0.267534, 0.265446, 0.264685, 0.265863, 0.268254, 0.269453]
[0.269897, 0.270261, 0.268556, 0.266458, 0.265713, 0.266912, 0.269314, 0.270495]
[0.270937, 0.271301, 0.269599, 0.267516, 0.266777, 0.267966, 0.270351, 0.271538]
[0.272, 0.272358, 0.270633, 0.268528, 0.267785, 0.269, 0.271423, 0.272612]
[0.273005, 0.273364, 0.271632, 0.269496, 0.268765, 0.269992, 0.272424, 0.273625]
[0.27392, 0.274312, 0.272605, 0.270496, 0.269717, 0.270905, 0.273327, 0.274556]
[0.274489, 0.275013, 0.273448, 0.271392, 0.270505, 0.271511, 0.273882, 0.275221]
[0.27542, 0.275928, 0.274338, 0.272261, 0.271389, 0.272409, 0.274797, 0.27613]
[0.276575, 0.276997, 0.275289, 0.273145, 0.272327, 0.273504, 0.275949, 0.277227]
[0.277427, 0.277878, 0.276209, 0.274086, 0.273242, 0.274348, 0.276803, 0.278093]
[0.278423, 0.278864, 0.277181, 0.275028, 0.274184, 0.275329, 0.277797, 0.279081]
[0.279418, 0.279841, 0.278141, 0.275998, 0.275169, 0.276344, 0.278805, 0.280073]
[0.28042, 0.280839, 0.279144, 0.276976, 0.276124, 0.277306, 0.279794, 0.281084]
[0.281403, 0.281824, 0.280136, 0.27797, 0.277123, 0.278289, 0.280783, 0.282064]
[0.282356, 0.282783, 0.28108, 0.278884, 0.278036, 0.279223, 0.281732, 0.283031]
[0.28336, 0.283778, 0.282085, 0.279916, 0.279075, 0.280242, 0.282742, 0.284027]
[0.284351, 0.284772, 0.283082, 0.280907, 0.280074, 0.281241, 0.283735, 0.285021]
[0.285354, 0.285799, 0.28411, 0.28193, 0.281075, 0.282231, 0.284735, 0.286036]
[0.286387, 0.286841, 0.285137, 0.282937, 0.282072, 0.283229, 0.285765, 0.287083]
[0.287399, 0.287852, 0.286168, 0.283996, 0.283136, 0.284287, 0.286772, 0.288086]
[0.288365, 0.288828, 0.287163, 0.285023, 0.284163, 0.285292, 0.287746, 0.289063]
[0.289418, 0.289855, 0.288177, 0.286023, 0.285202, 0.28635, 0.2888, 0.290096]
[0.290421, 0.29085, 0.289167, 0.286993, 0.286168, 0.287338, 0.289807, 0.291101]
[0.291424, 0.291846, 0.290176, 0.288046, 0.287235, 0.288394, 0.290829, 0.292095]
[0.29251, 0.292915, 0.291239, 0.289079, 0.28827, 0.289457, 0.29191, 0.293161]
[0.293546, 0.293932, 0.292249, 0.290111, 0.289331, 0.290531, 0.292956, 0.29419]
[0.294627, 0.295005, 0.293304, 0.291146, 0.290362, 0.291587, 0.294037, 0.295265]
[0.295674, 0.296044, 0.294307, 0.292109, 0.291325, 0.292591, 0.295083, 0.296322]
[0.296649, 0.297025, 0.29527, 0.293055, 0.29226, 0.293544, 0.296056, 0.297304]
[0.297594, 0.298, 0.296273, 0.294086, 0.293257, 0.294496, 0.296991, 0.298267]
[0.298533, 0.298935, 0.29721, 0.295009, 0.294195, 0.295434, 0.297932, 0.299198]
[0.299455, 0.299892, 0.298197, 0.296001, 0.295144, 0.296349, 0.298852, 0.300144]
[0.300389, 0.300842, 0.299163, 0.296972, 0.296099, 0.297272, 0.299773, 0.30107]
[0.301393, 0.301851, 0.300181, 0.298018, 0.297157, 0.298317, 0.300783, 0.302093]
[0.30246, 0.302913, 0.301255, 0.299083, 0.298209, 0.299375, 0.301843, 0.303139]
[0.303519, 0.303964, 0.302317, 0.300147, 0.29929, 0.300438, 0.302903, 0.304202]
[0.304551, 0.30501, 0.303371, 0.301227, 0.300357, 0.301491, 0.30394, 0.305237]
[0.305614, 0.306058, 0.304414, 0.302263, 0.301422, 0.30256, 0.305005, 0.306297]
[0.306692, 0.307125, 0.305482, 0.303334, 0.302491, 0.30365, 0.306092, 0.307368]
[0.307767, 0.308185, 0.306535, 0.304395, 0.303559, 0.304726, 0.307171, 0.308441]
[0.308824, 0.309235, 0.307574, 0.305448, 0.304633, 0.305792, 0.308223, 0.309487]
[0.309789, 0.310236, 0.308611, 0.306514, 0.305684, 0.306789, 0.309186, 0.310477]
[0.3107, 0.311203, 0.309629, 0.307553, 0.306679, 0.307705, 0.310086, 0.311421]
[0.311789, 0.312307, 0.310717, 0.308622, 0.307742, 0.308768, 0.311166, 0.312506]
[0.312891, 0.313403, 0.311793, 0.309692, 0.308815, 0.309849, 0.312254, 0.313601]
[0.314222, 0.314625, 0.312739, 0.31037, 0.309496, 0.310863, 0.313554, 0.314884]
[0.315325, 0.315712, 0.313795, 0.31139, 0.310537, 0.311938, 0.314678, 0.316014]
[0.316419, 0.316811, 0.314837, 0.312346, 0.311459, 0.312931, 0.315771, 0.317138]
[0.317579, 0.318007, 0.316089, 0.313633, 0.312727, 0.314135, 0.316931, 0.318324]
[0.318682, 0.319155, 0.317256, 0.314801, 0.313871, 0.315255, 0.318057, 0.319467]
[0.319813, 0.320277, 0.318353, 0.315853, 0.314907, 0.31633, 0.319172, 0.3206]
[0.320962, 0.321429, 0.319538, 0.317089, 0.316167, 0.31755, 0.320332, 0.321742]
[0.322064, 0.322547, 0.320729, 0.318357, 0.317448, 0.318767, 0.32146, 0.322842]
[0.323156, 0.323631, 0.321767, 0.319347, 0.318423, 0.319778, 0.322526, 0.32393]
[0.32422, 0.324695, 0.322774, 0.320294, 0.319339, 0.32078, 0.323593, 0.325028]
[0.325347, 0.325811, 0.323873, 0.3214, 0.320465, 0.32192, 0.324742, 0.326175]
[0.326456, 0.326891, 0.324889, 0.322356, 0.321446, 0.322958, 0.325844, 0.327275]
[0.327565, 0.327983, 0.325955, 0.323397, 0.322484, 0.324044, 0.326966, 0.328398]
[0.328729, 0.329156, 0.327151, 0.324629, 0.323727, 0.325253, 0.328148, 0.329558]
[0.329864, 0.33027, 0.328271, 0.325749, 0.324871, 0.326398, 0.329279, 0.330683]
[0.330982, 0.331377, 0.329427, 0.327003, 0.326158, 0.327625, 0.330403, 0.331757]
[0.332005, 0.332399, 0.330394, 0.327884, 0.327015, 0.328552, 0.3314, 0.332787]
[0.33314, 0.333552, 0.331583, 0.329108, 0.328237, 0.32972, 0.332531, 0.333917]
[0.334221, 0.334662, 0.332698, 0.330212, 0.329312, 0.330768, 0.333601, 0.335014]
[0.335277, 0.335723, 0.333801, 0.331352, 0.330443, 0.331863, 0.334646, 0.336058]
[0.336327, 0.336762, 0.334764, 0.332202, 0.331271, 0.332769, 0.335662, 0.337106]
[0.337442, 0.337898, 0.335961, 0.333484, 0.332551, 0.333973, 0.336802, 0.338222]
[0.338485, 0.338919, 0.336925, 0.334393, 0.333471, 0.33495, 0.337831, 0.339265]
[0.339529, 0.339954, 0.33789, 0.335288, 0.334351, 0.335909, 0.338874, 0.340329]
[0.340712, 0.341133, 0.339122, 0.336601, 0.335676, 0.337184, 0.340077, 0.341507]
[0.341725, 0.342139, 0.340086, 0.337513, 0.336593, 0.33815, 0.341103, 0.342537]
[0.342768, 0.343179, 0.34119, 0.338718, 0.33784, 0.339315, 0.342172, 0.343568]
[0.343758, 0.344159, 0.342136, 0.339638, 0.338762, 0.340275, 0.34316, 0.344544]
[0.344728, 0.34514, 0.343158, 0.340714, 0.339833, 0.341301, 0.344131, 0.345522]
[0.345697, 0.346135, 0.344207, 0.341793, 0.340918, 0.342325, 0.345098, 0.346502]
[0.346734, 0.347187, 0.345274, 0.342892, 0.342021, 0.343397, 0.346135, 0.347538]
[0.347736, 0.348153, 0.34618, 0.34373, 0.342858, 0.344323, 0.347134, 0.348524]
[0.348623, 0.349109, 0.347289, 0.344986, 0.3441, 0.345372, 0.34802, 0.349419]
[0.349338, 0.349875, 0.348189, 0.346001, 0.345101, 0.346221, 0.348734, 0.350133]
[0.350565, 0.351001, 0.349174, 0.346901, 0.346062, 0.347345, 0.349938, 0.351287]
[0.351472, 0.351905, 0.350002, 0.347626, 0.346756, 0.348103, 0.350827, 0.352225]
[0.352351, 0.352814, 0.35097, 0.34862, 0.34773, 0.349025, 0.351712, 0.353127]
[0.353246, 0.353718, 0.35186, 0.3495, 0.348598, 0.349886, 0.35259, 0.354017]
[0.354139, 0.354618, 0.352787, 0.350452, 0.349553, 0.350817, 0.353499, 0.354915]
[0.355021, 0.355504, 0.353623, 0.3512, 0.35028, 0.351601, 0.354364, 0.355818]
[0.355883, 0.356366, 0.354482, 0.352072, 0.351152, 0.352465, 0.355238, 0.356694]
[0.356776, 0.35726, 0.355407, 0.353044, 0.352142, 0.353427, 0.35614, 0.357572]
[0.357634, 0.358124, 0.356286, 0.353944, 0.353033, 0.354306, 0.356984, 0.35842]
[0.358607, 0.359083, 0.357253, 0.35493, 0.35405, 0.355316, 0.357973, 0.359383]
[0.359495, 0.359976, 0.35817, 0.355862, 0.354979, 0.356215, 0.358859, 0.360267]
[0.360365, 0.360845, 0.358997, 0.356651, 0.355766, 0.357037, 0.359726, 0.361144]
[0.361304, 0.361756, 0.359874, 0.357498, 0.356631, 0.357958, 0.36068, 0.362081]
[0.362263, 0.362707, 0.360836, 0.358499, 0.357666, 0.358974, 0.36165, 0.363026]
[0.363204, 0.363611, 0.361633, 0.359173, 0.358349, 0.359792, 0.362592, 0.363974]
[0.36418, 0.3646, 0.362618, 0.360153, 0.359312, 0.360762, 0.363576, 0.364964]
[0.365101, 0.365523, 0.363522, 0.361032, 0.360194, 0.361668, 0.364493, 0.365897]
[0.365979, 0.366391, 0.364351, 0.361854, 0.361035, 0.362538, 0.365371, 0.366765]
[0.366824, 0.367237, 0.365221, 0.362741, 0.36192, 0.363404, 0.366222, 0.36762]
[0.367695, 0.368128, 0.366132, 0.36366, 0.362815, 0.364276, 0.367082, 0.36849]
[0.368549, 0.368996, 0.367036, 0.364592, 0.363738, 0.365155, 0.367933, 0.369344]
[0.36942, 0.369876, 0.36794, 0.365497, 0.364641, 0.366034, 0.368789, 0.370212]
[0.370236, 0.3707, 0.368784, 0.366351, 0.36548, 0.366853, 0.369596, 0.371029]
[0.371035, 0.371501, 0.369602, 0.367198, 0.366347, 0.367695, 0.370398, 0.371807]
[0.371866, 0.372305, 0.370405, 0.368029, 0.367208, 0.368562, 0.371233, 0.372603]
[0.37268, 0.373137, 0.371276, 0.368923, 0.368078, 0.369385, 0.372043, 0.373438]
[0.373498, 0.373938, 0.37207, 0.369738, 0.368912, 0.370219, 0.372867, 0.374235]
[0.374366, 0.374788, 0.372907, 0.370553, 0.369733, 0.371075, 0.373734, 0.375109]
[0.375193, 0.375594, 0.373696, 0.371355, 0.370551, 0.3719, 0.374569, 0.375921]
[0.376024, 0.376435, 0.374559, 0.372227, 0.371419, 0.372749, 0.37541, 0.376771]
[0.376898, 0.377303, 0.375421, 0.37311, 0.372327, 0.373664, 0.376293, 0.377627]
[0.377765, 0.378163, 0.37627, 0.373928, 0.373132, 0.374489, 0.377157, 0.378505]
[0.378706, 0.379091, 0.377228, 0.374931, 0.374158, 0.375489, 0.378097, 0.379404]
[0.379542, 0.379949, 0.378027, 0.375639, 0.374815, 0.3762, 0.378898, 0.380256]
[0.380476, 0.380935, 0.379118, 0.376799, 0.375944, 0.377201, 0.379819, 0.381211]
[0.381133, 0.381661, 0.380001, 0.377819, 0.376922, 0.377993, 0.380468, 0.381875]
[0.382175, 0.382669, 0.380919, 0.378645, 0.377764, 0.378927, 0.381483, 0.38289]
[0.383131, 0.383606, 0.381783, 0.37945, 0.378576, 0.379802, 0.382432, 0.383843]
[0.383998, 0.384485, 0.382649, 0.380297, 0.379402, 0.380649, 0.383295, 0.38473]
[0.384851, 0.385333, 0.383439, 0.381029, 0.380136, 0.381446, 0.384153, 0.385593]
[0.385734, 0.386179, 0.384286, 0.381925, 0.381086, 0.382403, 0.385072, 0.386455]
[0.386515, 0.386985, 0.385073, 0.38265, 0.381789, 0.38313, 0.385839, 0.387258]
[0.387338, 0.387805, 0.385875, 0.383427, 0.382566, 0.383946, 0.386676, 0.388099]
[0.388153, 0.388629, 0.386681, 0.38422, 0.38336, 0.384749, 0.387503, 0.388936]
[0.389014, 0.389488, 0.387553, 0.385093, 0.384228, 0.385627, 0.388374, 0.389806]
[0.389947, 0.390413, 0.38849, 0.386056, 0.385222, 0.386599, 0.389322, 0.390735]
[0.390878, 0.391344, 0.389433, 0.387025, 0.386189, 0.387561, 0.390266, 0.391667]
[0.391816, 0.392272, 0.390372, 0.387982, 0.387139, 0.388504, 0.39121, 0.392605]
[0.392727, 0.39318, 0.391271, 0.38886, 0.388014, 0.389391, 0.392105, 0.393504]
[0.39365, 0.3941, 0.392199, 0.389803, 0.388962, 0.390325, 0.393039, 0.394431]
[0.394596, 0.395043, 0.393131, 0.390742, 0.389903, 0.391261, 0.393979, 0.395377]
[0.395505, 0.395958, 0.394047, 0.391657, 0.390808, 0.392164, 0.394879, 0.396284]
[0.396357, 0.396806, 0.394933, 0.392595, 0.391769, 0.393084, 0.395742, 0.397124]
[0.397294, 0.397759, 0.395883, 0.393508, 0.392633, 0.393962, 0.396659, 0.398073]
[0.398164, 0.398636, 0.396758, 0.394402, 0.393531, 0.394846, 0.397532, 0.398949]
[0.398961, 0.39941, 0.397589, 0.395309, 0.394489, 0.395759, 0.398346, 0.399711]
[0.399788, 0.400226, 0.398377, 0.396072, 0.395249, 0.396548, 0.399172, 0.400537]
[0.400652, 0.401082, 0.399233, 0.396958, 0.396167, 0.397453, 0.400036, 0.401387]
[0.401493, 0.401923, 0.400054, 0.397756, 0.396962, 0.398265, 0.400876, 0.402227]
[0.402319, 0.402724, 0.400809, 0.398504, 0.397732, 0.399082, 0.401706, 0.40304]
[0.403178, 0.40358, 0.401681, 0.399385, 0.398624, 0.399959, 0.402563, 0.403894]
[0.404079, 0.404481, 0.402566, 0.400255, 0.399493, 0.400841, 0.403459, 0.40479]
[0.404968, 0.405364, 0.403462, 0.401177, 0.400427, 0.401757, 0.404348, 0.405674]
[0.405908, 0.406286, 0.404347, 0.402014, 0.401266, 0.402644, 0.405274, 0.4066]
[0.406874, 0.407254, 0.405303, 0.402944, 0.402184, 0.403578, 0.406233, 0.407564]
[0.407844, 0.408219, 0.40623, 0.403834, 0.403051, 0.404482, 0.407199, 0.40854]
[0.408807, 0.409187, 0.407219, 0.404845, 0.404077, 0.405473, 0.408152, 0.409499]
[0.409712, 0.410131, 0.408183, 0.405802, 0.404982, 0.406341, 0.409042, 0.410421]
[0.410653, 0.411082, 0.409139, 0.40673, 0.405883, 0.407249, 0.409974, 0.411372]
[0.411602, 0.412024, 0.410053, 0.407623, 0.406795, 0.408182, 0.410924, 0.412316]
[0.412512, 0.412926, 0.410936, 0.40848, 0.40765, 0.409047, 0.41183, 0.413225]
[0.41343, 0.413851, 0.411825, 0.409328, 0.408482, 0.409915, 0.412734, 0.414151]
[0.41398, 0.414506, 0.412663, 0.410307, 0.409409, 0.410624, 0.41328, 0.414737]
[0.414919, 0.415423, 0.413544, 0.41118, 0.41029, 0.411539, 0.414199, 0.415646]
[0.415974, 0.416408, 0.414404, 0.411948, 0.411108, 0.412492, 0.415252, 0.416673]
[0.416892, 0.417317, 0.415309, 0.412872, 0.412043, 0.413421, 0.416175, 0.417589]
[0.417832, 0.418257, 0.416252, 0.413814, 0.412977, 0.414349, 0.417109, 0.418532]
[0.418815, 0.419247, 0.417221, 0.414764, 0.413914, 0.415303, 0.418085, 0.419521]
[0.419761, 0.420196, 0.418173, 0.415716, 0.414863, 0.416254, 0.419042, 0.420476]
[0.420746, 0.421172, 0.419153, 0.4167, 0.415846, 0.417236, 0.420036, 0.421466]
[0.42172, 0.422151, 0.420147, 0.417708, 0.41684, 0.418235, 0.421014, 0.422437]
[0.42268, 0.423112, 0.421145, 0.418727, 0.417865, 0.419216, 0.421981, 0.423404]
[0.423644, 0.424122, 0.422195, 0.419793, 0.418888, 0.420185, 0.422931, 0.424384]
[0.424654, 0.425126, 0.42322, 0.420836, 0.419942, 0.421217, 0.423947, 0.425399]
[0.425646, 0.426105, 0.424241, 0.421926, 0.421067, 0.422319, 0.424962, 0.426369]
[0.426662, 0.427103, 0.425263, 0.422993, 0.422161, 0.423396, 0.425995, 0.42737]
[0.427643, 0.428081, 0.426273, 0.42403, 0.4232, 0.424398, 0.426976, 0.428346]
[0.428672, 0.42911, 0.427325, 0.425093, 0.424268, 0.425456, 0.428014, 0.429375]
[0.42974, 0.430159, 0.428303, 0.426033, 0.42522, 0.426473, 0.429093, 0.430441]
[0.430718, 0.431114, 0.429269, 0.427031, 0.426243, 0.427494, 0.430077, 0.43139]
[0.431702, 0.432085, 0.430226, 0.427967, 0.427182, 0.42846, 0.431066, 0.432377]
[0.432621, 0.432991, 0.431092, 0.428788, 0.428004, 0.429335, 0.431976, 0.433289]
[0.433579, 0.433953, 0.432052, 0.429752, 0.428982, 0.430306, 0.432937, 0.434249]
[0.434447, 0.434816, 0.432931, 0.430641, 0.429878, 0.431193, 0.433798, 0.435102]
[0.435307, 0.435698, 0.433783, 0.431464, 0.430688, 0.432023, 0.43464, 0.435969]
[0.436114, 0.436525, 0.434637, 0.432317, 0.431514, 0.432824, 0.435447, 0.436781]
[0.43697, 0.437381, 0.435471, 0.433137, 0.43233, 0.433654, 0.436288, 0.437644]
[0.437792, 0.438182, 0.436259, 0.433925, 0.43313, 0.434478, 0.437107, 0.438441]
[0.43856, 0.438957, 0.437024, 0.434661, 0.433848, 0.435198, 0.437856, 0.439202]
[0.439311, 0.43971, 0.437751, 0.435369, 0.434538, 0.43591, 0.438601, 0.439964]
[0.440056, 0.440414, 0.438421, 0.43601, 0.435223, 0.436636, 0.439351, 0.440684]
[0.440837, 0.441186, 0.439164, 0.43672, 0.435934, 0.437384, 0.440131, 0.44147]
[0.441602, 0.441973, 0.439957, 0.437522, 0.436728, 0.438167, 0.440903, 0.442245]
[0.442449, 0.442813, 0.440748, 0.438273, 0.437474, 0.438953, 0.441753, 0.443106]
[0.443328, 0.443702, 0.441612, 0.439103, 0.438289, 0.439796, 0.442634, 0.443995]
[0.444212, 0.444559, 0.44246, 0.439964, 0.439172, 0.440701, 0.443531, 0.444877]
[0.445142, 0.445496, 0.443391, 0.440875, 0.44008, 0.441621, 0.44446, 0.445819]
[0.446027, 0.446391, 0.444277, 0.441754, 0.440945, 0.442483, 0.445331, 0.446705]
[0.446801, 0.447236, 0.445232, 0.442782, 0.441912, 0.443325, 0.446093, 0.447502]
[0.447635, 0.448116, 0.446161, 0.44371, 0.442803, 0.444144, 0.446912, 0.448349]
[0.448716, 0.44912, 0.447074, 0.444595, 0.443751, 0.445193, 0.447983, 0.44938]
[0.449653, 0.450049, 0.448015, 0.445547, 0.444719, 0.446149, 0.448928, 0.450313]
[0.4506, 0.451007, 0.448969, 0.446503, 0.445672, 0.447094, 0.449869, 0.45126]
[0.451539, 0.451969, 0.449956, 0.447512, 0.446674, 0.448074, 0.450824, 0.452221]
[0.452449, 0.452882, 0.450895, 0.448455, 0.447619, 0.449002, 0.45173, 0.45312]
[0.453372, 0.453806, 0.451832, 0.449406, 0.448573, 0.449931, 0.452655, 0.454047]
[0.454307, 0.454746, 0.452787, 0.45037, 0.449535, 0.45088, 0.45359, 0.454996]
[0.455224, 0.455676, 0.453754, 0.451378, 0.450525, 0.451824, 0.454513, 0.455917]
[0.456102, 0.456555, 0.454652, 0.452295, 0.451457, 0.452731, 0.45539, 0.456796]
[0.456954, 0.457418, 0.45555, 0.453225, 0.452388, 0.453629, 0.456254, 0.457652]
[0.45781, 0.458284, 0.456458, 0.454171, 0.453326, 0.454526, 0.457113, 0.458507]
[0.458728, 0.459197, 0.457379, 0.45511, 0.454283, 0.455483, 0.458041, 0.45942]
[0.459655, 0.460113, 0.458323, 0.456082, 0.455259, 0.456439, 0.458967, 0.460338]
[0.460597, 0.461048, 0.459266, 0.457036, 0.456224, 0.457402, 0.459911, 0.461266]
[0.461562, 0.462011, 0.460228, 0.458005, 0.457198, 0.458373, 0.460876, 0.462216]
[0.462567, 0.463002, 0.461209, 0.459011, 0.4582, 0.459385, 0.461877, 0.463212]
[0.463558, 0.463972, 0.462178, 0.45996, 0.459167, 0.46038, 0.462872, 0.464187]
[0.464472, 0.464881, 0.463083, 0.460872, 0.460098, 0.461299, 0.463789, 0.465111]
[0.465395, 0.465791, 0.463988, 0.461771, 0.461006, 0.462223, 0.464719, 0.46602]
[0.466339, 0.46672, 0.464879, 0.462643, 0.461895, 0.463143, 0.465658, 0.466947]
[0.467187, 0.467575, 0.465728, 0.463488, 0.462732, 0.463977, 0.4665, 0.467804]
[0.468026, 0.468418, 0.466565, 0.464299, 0.463526, 0.464781, 0.467324, 0.468633]
[0.46878, 0.469188, 0.467356, 0.46511, 0.464318, 0.46555, 0.468069, 0.469393]
[0.469623, 0.470042, 0.468203, 0.465927, 0.465132, 0.466371, 0.468909, 0.47023]
[0.470509, 0.47093, 0.469076, 0.466785, 0.465976, 0.467221, 0.469781, 0.471115]
[0.471406, 0.471839, 0.469976, 0.467663, 0.466854, 0.468096, 0.470678, 0.472021]
[0.472327, 0.472763, 0.470899, 0.468571, 0.467739, 0.468992, 0.471591, 0.472963]
[0.473225, 0.473668, 0.471777, 0.469434, 0.468592, 0.469858, 0.472483, 0.47387]
[0.474161, 0.474602, 0.472686, 0.470324, 0.469501, 0.470783, 0.473426, 0.474808]
[0.475094, 0.475551, 0.473623, 0.471244, 0.470404, 0.471696, 0.474359, 0.475761]
[0.476054, 0.476513, 0.474558, 0.472152, 0.471303, 0.47262, 0.475311, 0.476723]
[0.476922, 0.477394, 0.47544, 0.473018, 0.472158, 0.47348, 0.476178, 0.477608]
[0.477762, 0.478246, 0.476293, 0.473885, 0.473001, 0.474314, 0.477021, 0.478459]
[0.478521, 0.479056, 0.477161, 0.474761, 0.473845, 0.475068, 0.477769, 0.479247]
[0.47942, 0.479968, 0.478086, 0.475671, 0.474731, 0.475955, 0.478661, 0.48014]
[0.480459, 0.480942, 0.478991, 0.476554, 0.475673, 0.476987, 0.47971, 0.481153]
[0.48138, 0.481846, 0.479886, 0.47745, 0.476587, 0.477916, 0.480643, 0.482059]
[0.482343, 0.482807, 0.480839, 0.478404, 0.477534, 0.478875, 0.481601, 0.483027]
[0.483299, 0.483751, 0.481772, 0.479338, 0.478482, 0.479838, 0.482573, 0.483978]
[0.484214, 0.484659, 0.482695, 0.48027, 0.479424, 0.480763, 0.48349, 0.484891]
[0.485215, 0.48565, 0.483676, 0.481249, 0.480401, 0.481753, 0.484473, 0.48588]
[0.486113, 0.486563, 0.484625, 0.482227, 0.481381, 0.482675, 0.485365, 0.486775]
[0.487043, 0.487499, 0.485584, 0.483193, 0.482327, 0.483606, 0.486292, 0.487706]
[0.487987, 0.488458, 0.486565, 0.484182, 0.483306, 0.484553, 0.487219, 0.488644]
[0.488936, 0.489414, 0.487542, 0.485165, 0.48429, 0.48551, 0.488164, 0.489597]
[0.489802, 0.490308, 0.48846, 0.486108, 0.485198, 0.486385, 0.489016, 0.49046]
[0.490707, 0.491209, 0.489375, 0.487044, 0.486142, 0.487315, 0.489918, 0.491352]
[0.491559, 0.492064, 0.490261, 0.487958, 0.487047, 0.488188, 0.490771, 0.49219]
[0.492469, 0.492971, 0.491171, 0.488889, 0.487986, 0.48911, 0.491678, 0.493096]
[0.493354, 0.493843, 0.49204, 0.489769, 0.488884, 0.490005, 0.492563, 0.493974]
[0.494249, 0.494722, 0.492919, 0.490658, 0.489796, 0.490927, 0.493475, 0.494855]
[0.495165, 0.495622, 0.493815, 0.49156, 0.490713, 0.491853, 0.494402, 0.495767]
[0.496158, 0.496584, 0.49474, 0.492485, 0.491671, 0.492856, 0.495405, 0.496756]
[0.4971, 0.497511, 0.495657, 0.493418, 0.492615, 0.493816, 0.496358, 0.497698]
[0.498052, 0.498444, 0.496586, 0.494343, 0.493563, 0.494787, 0.497325, 0.498643]
[0.49905, 0.499417, 0.497543, 0.495312, 0.494568, 0.495807, 0.498333, 0.499623]
[0.500023, 0.500372, 0.498485, 0.496269, 0.495545, 0.496807, 0.49934, 0.500606]
[0.501056, 0.501395, 0.499487, 0.49727, 0.496573, 0.497851, 0.500377, 0.501629]
[0.502115, 0.502445, 0.500552, 0.498355, 0.497663, 0.498943, 0.501446, 0.502696]
[0.503213, 0.503537, 0.501642, 0.499446, 0.498763, 0.500047, 0.502549, 0.503787]
[0.504322, 0.504649, 0.50277, 0.500588, 0.499898, 0.501165, 0.503663, 0.504904]
[0.505392, 0.505727, 0.503854, 0.501667, 0.50098, 0.502236, 0.504737, 0.505987]
[0.506411, 0.506746, 0.504865, 0.502672, 0.501987, 0.503262, 0.505763, 0.507012]
[0.507411, 0.507773, 0.505908, 0.503703, 0.502989, 0.504243, 0.506758, 0.508032]
[0.508367, 0.50874, 0.506876, 0.504645, 0.50391, 0.505176, 0.507713, 0.509001]
[0.509207, 0.509613, 0.507768, 0.505526, 0.504757, 0.506002, 0.508543, 0.509861]
[0.509973, 0.510401, 0.508575, 0.506315, 0.505524, 0.506747, 0.509299, 0.510649]
[0.510713, 0.511156, 0.509339, 0.507079, 0.506271, 0.507479, 0.510036, 0.511393]
[0.511449, 0.511945, 0.51017, 0.507908, 0.507044, 0.508196, 0.510747, 0.512147]
[0.512163, 0.512724, 0.511003, 0.50874, 0.507802, 0.508888, 0.511429, 0.512895]
[0.513069, 0.513593, 0.511832, 0.50957, 0.508678, 0.5098, 0.512333, 0.51376]
[0.513924, 0.514428, 0.512648, 0.510373, 0.509484, 0.51064, 0.513178, 0.514593]
[0.514705, 0.515204, 0.513423, 0.511142, 0.510262, 0.511414, 0.513955, 0.515374]
[0.515455, 0.515951, 0.514163, 0.511874, 0.511007, 0.512159, 0.514701, 0.516117]
[0.516165, 0.516648, 0.51485, 0.512567, 0.511708, 0.512883, 0.515423, 0.516816]
[0.516844, 0.517311, 0.515502, 0.513215, 0.512375, 0.513566, 0.516102, 0.51748]
[0.517561, 0.518034, 0.516209, 0.513919, 0.513071, 0.514266, 0.516812, 0.518202]
[0.518288, 0.518758, 0.51692, 0.514615, 0.513761, 0.514969, 0.517534, 0.518931]
[0.519046, 0.51951, 0.517657, 0.515345, 0.514498, 0.515717, 0.518291, 0.519685]
[0.519754, 0.520209, 0.518358, 0.516025, 0.515184, 0.51641, 0.518994, 0.52038]
[0.520471, 0.520946, 0.519083, 0.516744, 0.515881, 0.517103, 0.519697, 0.521109]
[0.521125, 0.521606, 0.519747, 0.5174, 0.516506, 0.517739, 0.520346, 0.521767]
[0.521735, 0.52221, 0.520333, 0.517992, 0.517117, 0.51835, 0.520955, 0.522359]
[0.522342, 0.522815, 0.520943, 0.518601, 0.517731, 0.518949, 0.521563, 0.522967]
[0.522989, 0.52346, 0.521591, 0.519235, 0.518357, 0.519579, 0.522199, 0.523612]
[0.523634, 0.524104, 0.52222, 0.519876, 0.519004, 0.520229, 0.522844, 0.52425]
[0.524258, 0.52472, 0.522834, 0.520488, 0.519625, 0.520859, 0.523471, 0.524865]
[0.524953, 0.525406, 0.523509, 0.521159, 0.520298, 0.52155, 0.524171, 0.525562]
[0.525689, 0.526142, 0.524241, 0.52187, 0.521003, 0.522262, 0.524902, 0.526302]
[0.526351, 0.526815, 0.524922, 0.522536, 0.521658, 0.522916, 0.525565, 0.526972]
[0.526976, 0.527441, 0.525537, 0.523143, 0.522277, 0.523546, 0.526195, 0.527597]
[0.52753, 0.528011, 0.526118, 0.523726, 0.522854, 0.524107, 0.526752, 0.528154]
[0.528069, 0.528544, 0.526654, 0.524257, 0.523392, 0.524655, 0.527286, 0.528692]
[0.52865, 0.529137, 0.527254, 0.524862, 0.523996, 0.525229, 0.527867, 0.529279]
[0.529271, 0.529774, 0.527913, 0.525525, 0.524641, 0.525856, 0.528486, 0.529908]
[0.52987, 0.530377, 0.528542, 0.526183, 0.525291, 0.526485, 0.529086, 0.530508]
[0.530483, 0.530993, 0.529165, 0.526819, 0.525929, 0.52712, 0.52971, 0.531126]
[0.531178, 0.531683, 0.529868, 0.527534, 0.526655, 0.527832, 0.53041, 0.53182]
[0.531863, 0.532372, 0.530564, 0.528235, 0.527358, 0.528529, 0.531098, 0.532512]
[0.532572, 0.533084, 0.531285, 0.528981, 0.528107, 0.529271, 0.531817, 0.533227]
[0.533277, 0.533789, 0.532004, 0.529703, 0.528832, 0.529976, 0.532521, 0.533942]
[0.533996, 0.534525, 0.53275, 0.530452, 0.529578, 0.53071, 0.53324, 0.534678]
[0.534634, 0.535176, 0.533409, 0.531111, 0.530241, 0.531365, 0.533894, 0.53534]
[0.535248, 0.535795, 0.534034, 0.531731, 0.530844, 0.531975, 0.534507, 0.535963]
[0.535825, 0.536395, 0.534647, 0.532356, 0.531446, 0.532559, 0.53509, 0.536559]
[0.536265, 0.536895, 0.535214, 0.53294, 0.531977, 0.533008, 0.535517, 0.537027]
[0.536792, 0.537439, 0.535783, 0.533523, 0.532535, 0.533534, 0.536035, 0.537557]
[0.53756, 0.538133, 0.536402, 0.53413, 0.533218, 0.534301, 0.536812, 0.538272]
[0.53814, 0.538709, 0.536982, 0.53472, 0.533787, 0.534881, 0.537395, 0.538857]
[0.538793, 0.539357, 0.537625, 0.535341, 0.534399, 0.535497, 0.538039, 0.539508]
[0.53947, 0.54001, 0.538254, 0.535963, 0.535037, 0.536162, 0.538723, 0.540173]
[0.540102, 0.540644, 0.538878, 0.536577, 0.535651, 0.536797, 0.539357, 0.540805]
[0.540768, 0.541299, 0.5395, 0.537187, 0.536269, 0.537435, 0.540013, 0.541463]
[0.541451, 0.541933, 0.540099, 0.537775, 0.53691, 0.538122, 0.540707, 0.542113]
[0.542139, 0.54263, 0.540793, 0.538464, 0.537602, 0.538808, 0.54138, 0.542798]
[0.542813, 0.543284, 0.541448, 0.539126, 0.538285, 0.539498, 0.542065, 0.543464]
[0.543568, 0.544021, 0.542157, 0.539843, 0.53901, 0.540246, 0.542818, 0.5442]
[0.544279, 0.544734, 0.542873, 0.540538, 0.539709, 0.540947, 0.543536, 0.544912]
[0.544946, 0.545365, 0.543496, 0.541184, 0.540384, 0.541647, 0.544213, 0.545552]
[0.545578, 0.545976, 0.544097, 0.541799, 0.541024, 0.542289, 0.544852, 0.546174]
[0.546243, 0.546636, 0.544745, 0.542429, 0.541654, 0.542939, 0.545517, 0.546832]
[0.546896, 0.547276, 0.545355, 0.543028, 0.542268, 0.543585, 0.546173, 0.547483]
[0.54751, 0.547922, 0.546008, 0.543668, 0.542869, 0.544163, 0.546777, 0.548123]
[0.548067, 0.548463, 0.546539, 0.544205, 0.543435, 0.544748, 0.547346, 0.548672]
[0.548599, 0.549004, 0.547086, 0.544749, 0.543967, 0.545272, 0.54787, 0.549212]
[0.54912, 0.549538, 0.54763, 0.545292, 0.544501, 0.545787, 0.548384, 0.549737]
[0.549645, 0.550077, 0.548186, 0.545846, 0.545037, 0.546303, 0.548896, 0.550263]
[0.55021, 0.550648, 0.548749, 0.546391, 0.545561, 0.546844, 0.549464, 0.550831]
[0.550704, 0.551158, 0.549272, 0.546928, 0.546082, 0.547337, 0.549949, 0.551335]
[0.551371, 0.551823, 0.549913, 0.547523, 0.546684, 0.547955, 0.550605, 0.552012]
[0.551932, 0.552403, 0.55051, 0.548142, 0.547289, 0.548544, 0.551171, 0.552584]
[0.552555, 0.553027, 0.551126, 0.548745, 0.547896, 0.54916, 0.551792, 0.553201]
[0.553207, 0.553685, 0.551776, 0.549373, 0.548506, 0.549774, 0.552442, 0.553868]
[0.55388, 0.554402, 0.552506, 0.550073, 0.549152, 0.550409, 0.553096, 0.554568]
[0.554562, 0.555089, 0.553201, 0.550767, 0.549852, 0.55109, 0.553783, 0.555265]
[0.555291, 0.55583, 0.553949, 0.551503, 0.550562, 0.551811, 0.55451, 0.555997]
[0.555956, 0.556513, 0.554653, 0.55222, 0.551259, 0.552478, 0.555167, 0.556664]
[0.556649, 0.557227, 0.555391, 0.552951, 0.55197, 0.553157, 0.555852, 0.557373]
[0.557414, 0.557992, 0.556152, 0.553711, 0.552712, 0.553914, 0.556609, 0.558136]
[0.558164, 0.558754, 0.556915, 0.554463, 0.553463, 0.554649, 0.557358, 0.558891]
[0.558907, 0.559485, 0.557635, 0.555184, 0.55419, 0.555391, 0.558108, 0.559637]
[0.559454, 0.560088, 0.558306, 0.555884, 0.554837, 0.555962, 0.558648, 0.560209]
[0.560178, 0.560831, 0.559052, 0.556621, 0.555558, 0.556665, 0.559363, 0.560949]
[0.561143, 0.561689, 0.559808, 0.557365, 0.556401, 0.557636, 0.560341, 0.561839]
[0.561884, 0.562394, 0.56048, 0.558028, 0.557109, 0.558377, 0.56109, 0.56256]
[0.562532, 0.563032, 0.561117, 0.558668, 0.557749, 0.559031, 0.561744, 0.563193]
[0.563146, 0.563647, 0.561732, 0.55928, 0.558362, 0.559635, 0.562364, 0.563808]
[0.563757, 0.564256, 0.562326, 0.559859, 0.558953, 0.560245, 0.562966, 0.564411]
[0.56439, 0.564878, 0.562945, 0.56049, 0.559586, 0.560896, 0.563609, 0.565037]
[0.565007, 0.565487, 0.56355, 0.561103, 0.560213, 0.561521, 0.564208, 0.565645]
[0.565645, 0.56609, 0.564137, 0.561695, 0.560843, 0.562183, 0.564867, 0.566266]
[0.566216, 0.566659, 0.564707, 0.56228, 0.561445, 0.562775, 0.565446, 0.566838]
[0.566895, 0.567329, 0.565377, 0.562963, 0.562138, 0.563471, 0.566128, 0.567506]
[0.567577, 0.567996, 0.566038, 0.563631, 0.562834, 0.564171, 0.566821, 0.56819]
[0.568251, 0.568665, 0.566706, 0.564306, 0.563515, 0.564853, 0.567506, 0.56886]
[0.568968, 0.56939, 0.567448, 0.565053, 0.564244, 0.565578, 0.568222, 0.569592]
[0.569635, 0.570043, 0.56809, 0.565707, 0.564915, 0.566258, 0.568907, 0.570258]
[0.57022, 0.570661, 0.568735, 0.566356, 0.565531, 0.566847, 0.569483, 0.570859]
[0.570792, 0.571253, 0.569353, 0.56699, 0.566151, 0.567427, 0.570049, 0.571443]
[0.571354, 0.571824, 0.569931, 0.567562, 0.566704, 0.567977, 0.570605, 0.57201]
[0.571905, 0.572389, 0.570512, 0.568142, 0.567268, 0.568524, 0.571154, 0.57257]
[0.57251, 0.573, 0.571123, 0.56874, 0.567875, 0.569122, 0.571758, 0.57318]
[0.573123, 0.573619, 0.571755, 0.569363, 0.568484, 0.569719, 0.572354, 0.573787]
[0.573777, 0.57429, 0.572428, 0.570039, 0.569133, 0.570361, 0.572997, 0.574453]
[0.574437, 0.574951, 0.573087, 0.570693, 0.569787, 0.571009, 0.573654, 0.57511]
[0.575065, 0.575608, 0.57375, 0.571344, 0.570411, 0.571619, 0.574276, 0.575751]
[0.575765, 0.576326, 0.574458, 0.572022, 0.571063, 0.572271, 0.574958, 0.576461]
[0.576395, 0.576978, 0.575119, 0.572678, 0.571703, 0.572898, 0.575586, 0.577111]
[0.577076, 0.577663, 0.575806, 0.573355, 0.572365, 0.573558, 0.576255, 0.577784]
[0.57766, 0.57828, 0.576445, 0.573985, 0.57296, 0.574119, 0.576814, 0.578378]
[0.578308, 0.578934, 0.577088, 0.574603, 0.573573, 0.574738, 0.577452, 0.579019]
[0.578994, 0.579627, 0.577783, 0.575285, 0.574228, 0.575401, 0.578118, 0.579704]
[0.579713, 0.58034, 0.57848, 0.575965, 0.574904, 0.576092, 0.578828, 0.580413]
[0.58049, 0.581115, 0.579241, 0.576725, 0.575664, 0.576858, 0.579604, 0.581179]
[0.581291, 0.581897, 0.580004, 0.577476, 0.576429, 0.577643, 0.580409, 0.581977]
[0.582031, 0.582636, 0.580739, 0.578195, 0.577155, 0.578367, 0.581137, 0.582713]
[0.582742, 0.583342, 0.581428, 0.578882, 0.577848, 0.579071, 0.581851, 0.583408]
[0.58339, 0.583996, 0.582086, 0.579544, 0.578501, 0.579728, 0.582502, 0.584063]
[0.583887, 0.584589, 0.582765, 0.580233, 0.579103, 0.58022, 0.582974, 0.584617]
[0.584692, 0.585343, 0.583511, 0.580995, 0.579912, 0.581054, 0.583792, 0.585383]
[0.585581, 0.586144, 0.58425, 0.581741, 0.580743, 0.581972, 0.584707, 0.586228]
[0.586334, 0.586898, 0.585017, 0.582527, 0.581538, 0.582754, 0.585471, 0.58698]
[0.587123, 0.587667, 0.585773, 0.583309, 0.582347, 0.583578, 0.586279, 0.58776]
[0.587862, 0.588413, 0.586554, 0.584114, 0.583148, 0.584352, 0.587033, 0.588512]
[0.588721, 0.589234, 0.587361, 0.584933, 0.584009, 0.585236, 0.58791, 0.589361]
[0.589475, 0.589984, 0.588109, 0.585703, 0.58479, 0.586016, 0.588679, 0.590116]
[0.590169, 0.59067, 0.588799, 0.58641, 0.585504, 0.586726, 0.589386, 0.590816]
[0.590784, 0.591298, 0.589446, 0.587068, 0.586159, 0.58736, 0.590001, 0.591448]
[0.591361, 0.59189, 0.590057, 0.587697, 0.586777, 0.587963, 0.590579, 0.592035]
[0.591962, 0.592494, 0.590668, 0.588314, 0.5874, 0.588582, 0.59119, 0.592637]
[0.592605, 0.593144, 0.59133, 0.588981, 0.588059, 0.589226, 0.591824, 0.593272]
[0.593302, 0.593841, 0.592031, 0.589687, 0.588765, 0.589929, 0.59252, 0.593974]
[0.593994, 0.594539, 0.592731, 0.590384, 0.589461, 0.59062, 0.593213, 0.594669]
[0.594706, 0.595252, 0.593443, 0.591078, 0.590155, 0.591326, 0.59392, 0.595382]
[0.595457, 0.596013, 0.594208, 0.591843, 0.590895, 0.592059, 0.594662, 0.596138]
[0.596173, 0.596751, 0.594951, 0.592575, 0.591617, 0.592751, 0.595366, 0.596863]
[0.596839, 0.59743, 0.59564, 0.593254, 0.592269, 0.593397, 0.596019, 0.597538]
[0.597458, 0.598058, 0.596272, 0.593888, 0.592884, 0.59401, 0.59664, 0.598161]
[0.598006, 0.598623, 0.596851, 0.594452, 0.593434, 0.594544, 0.59718, 0.598707]
[0.59859, 0.599209, 0.597432, 0.595021, 0.593994, 0.595108, 0.597767, 0.599302]
[0.599141, 0.599774, 0.598005, 0.595601, 0.59456, 0.595662, 0.598304, 0.599849]
[0.599802, 0.600435, 0.598662, 0.596249, 0.595211, 0.59632, 0.598972, 0.600515]
[0.60042, 0.60106, 0.599295, 0.596887, 0.595835, 0.596941, 0.599592, 0.601133]
[0.601081, 0.601713, 0.599934, 0.597515, 0.596481, 0.597603, 0.600247, 0.601798]
[0.601803, 0.602428, 0.600637, 0.598219, 0.597183, 0.598323, 0.600982, 0.602525]
[0.602499, 0.603107, 0.601309, 0.598881, 0.597861, 0.599019, 0.60168, 0.603215]
[0.603184, 0.603795, 0.601989, 0.599567, 0.598539, 0.5997, 0.602366, 0.603896]
[0.603881, 0.604488, 0.602668, 0.60024, 0.599216, 0.600392, 0.603063, 0.604594]
[0.60459, 0.60518, 0.603347, 0.600916, 0.599907, 0.601098, 0.603776, 0.60528]
[0.605294, 0.605871, 0.604045, 0.601613, 0.600612, 0.601802, 0.604476, 0.605979]
[0.606004, 0.606578, 0.604759, 0.602339, 0.601342, 0.60252, 0.60518, 0.60668]
[0.606753, 0.607308, 0.605479, 0.603064, 0.60208, 0.60328, 0.605922, 0.60741]
[0.607528, 0.608052, 0.606215, 0.603802, 0.602847, 0.604063, 0.606704, 0.608174]
[0.608118, 0.608736, 0.606959, 0.604553, 0.603523, 0.604637, 0.60728, 0.608816]
[0.608883, 0.60948, 0.607703, 0.605309, 0.604291, 0.60542, 0.608052, 0.609577]
[0.609779, 0.610293, 0.608458, 0.606076, 0.60516, 0.606363, 0.608973, 0.610411]
[0.610493, 0.610992, 0.609166, 0.6068, 0.6059, 0.607109, 0.609694, 0.611114]
[0.611223, 0.611708, 0.609876, 0.607523, 0.60664, 0.607858, 0.610438, 0.611841]
[0.611921, 0.612414, 0.610585, 0.608241, 0.607357, 0.608568, 0.611139, 0.612535]
[0.612626, 0.613115, 0.611294, 0.608967, 0.608088, 0.60929, 0.611849, 0.61324]
[0.613356, 0.613848, 0.612037, 0.609716, 0.608837, 0.610031, 0.61258, 0.613974]
[0.614092, 0.614585, 0.612778, 0.610461, 0.609584, 0.610774, 0.613322, 0.614714]
[0.614821, 0.615303, 0.613486, 0.611175, 0.610302, 0.611493, 0.614047, 0.615439]
[0.615541, 0.616025, 0.614203, 0.611877, 0.611014, 0.612216, 0.614773, 0.616158]
[0.616235, 0.616726, 0.614911, 0.612576, 0.611698, 0.612902, 0.615461, 0.616856]
[0.616905, 0.617393, 0.615562, 0.613213, 0.61233, 0.613546, 0.61613, 0.617539]
[0.617444, 0.617955, 0.616153, 0.613818, 0.612923, 0.614109, 0.616682, 0.618089]
[0.618028, 0.618558, 0.616767, 0.614423, 0.613506, 0.614678, 0.617257, 0.618683]
[0.618665, 0.619193, 0.61739, 0.615042, 0.614126, 0.615307, 0.617892, 0.619334]
[0.619312, 0.619842, 0.618038, 0.615686, 0.614754, 0.615943, 0.618545, 0.619989]
[0.619935, 0.620486, 0.618686, 0.616315, 0.615363, 0.616542, 0.619157, 0.620619]
[0.620601, 0.621154, 0.61934, 0.616953, 0.616003, 0.617182, 0.61982, 0.621288]
[0.621275, 0.621841, 0.62003, 0.617621, 0.616664, 0.617845, 0.620488, 0.621979]
[0.621957, 0.622523, 0.620685, 0.618258, 0.617301, 0.618511, 0.621172, 0.622667]
[0.62254, 0.623126, 0.62131, 0.618872, 0.617886, 0.619087, 0.621752, 0.623253]
[0.623164, 0.623768, 0.621958, 0.619519, 0.618515, 0.619689, 0.622361, 0.623883]
[0.623785, 0.624404, 0.622608, 0.620156, 0.619125, 0.620287, 0.622966, 0.624511]
[0.624481, 0.625102, 0.623304, 0.620849, 0.619808, 0.620971, 0.623656, 0.625208]
[0.625139, 0.625771, 0.623976, 0.621517, 0.620478, 0.621637, 0.624314, 0.625866]
[0.625812, 0.626454, 0.62466, 0.622204, 0.621148, 0.622301, 0.624983, 0.626538]
[0.626442, 0.627091, 0.625298, 0.622843, 0.621785, 0.622929, 0.625614, 0.627182]
[0.62707, 0.627712, 0.625915, 0.623461, 0.622412, 0.623563, 0.626243, 0.627802]
[0.627668, 0.62832, 0.626543, 0.624099, 0.623041, 0.624175, 0.626851, 0.628409]
[0.628275, 0.628918, 0.627154, 0.624726, 0.623685, 0.624811, 0.627455, 0.629014]
[0.628868, 0.629496, 0.627739, 0.625329, 0.624299, 0.625426, 0.628057, 0.62959]
[0.629439, 0.630065, 0.628316, 0.625909, 0.624891, 0.626005, 0.628636, 0.630159]
[0.63002, 0.630625, 0.628864, 0.626481, 0.625473, 0.626603, 0.629218, 0.630729]
[0.63065, 0.631233, 0.629451, 0.627071, 0.626098, 0.627256, 0.629867, 0.631349]
[0.631238, 0.63182, 0.630049, 0.627678, 0.6267, 0.627853, 0.630445, 0.63193]
[0.631623, 0.632293, 0.630599, 0.628232, 0.627154, 0.628205, 0.630808, 0.632367]
[0.632115, 0.632793, 0.631109, 0.62874, 0.627645, 0.628685, 0.631293, 0.632863]
[0.632773, 0.63336, 0.631603, 0.629229, 0.628229, 0.629371, 0.631978, 0.633459]
[0.633298, 0.633877, 0.632116, 0.629757, 0.628768, 0.629903, 0.632498, 0.633978]
[0.633857, 0.634426, 0.632639, 0.630257, 0.629278, 0.630442, 0.633067, 0.634541]
[0.634353, 0.634947, 0.633195, 0.630825, 0.62982, 0.630951, 0.633561, 0.635051]
[0.634924, 0.635512, 0.633754, 0.631383, 0.630387, 0.631523, 0.634127, 0.635619]
[0.635552, 0.63613, 0.634355, 0.631996, 0.631014, 0.63216, 0.63477, 0.636237]
[0.636093, 0.636684, 0.634917, 0.632552, 0.631563, 0.632706, 0.635314, 0.636798]
[0.636611, 0.637204, 0.635431, 0.63305, 0.632064, 0.633218, 0.635836, 0.637324]
[0.637107, 0.637698, 0.635945, 0.633567, 0.632564, 0.633706, 0.636317, 0.637816]
[0.637579, 0.6382, 0.636464, 0.634095, 0.633061, 0.634172, 0.636783, 0.638302]
[0.638139, 0.638755, 0.637022, 0.634665, 0.633644, 0.634743, 0.637341, 0.638843]
[0.638662, 0.639285, 0.637558, 0.635202, 0.63417, 0.63527, 0.637862, 0.639378]
[0.639182, 0.639805, 0.638077, 0.635715, 0.634683, 0.635787, 0.638382, 0.639891]
[0.639681, 0.640297, 0.638571, 0.63621, 0.63519, 0.636304, 0.638894, 0.640395]
[0.640163, 0.640772, 0.639044, 0.636695, 0.635686, 0.636796, 0.639377, 0.640867]
[0.640682, 0.641277, 0.639538, 0.637194, 0.636209, 0.637328, 0.63991, 0.641384]
[0.641223, 0.641796, 0.640045, 0.637707, 0.63672, 0.637863, 0.640445, 0.641916]
[0.64169, 0.642261, 0.640523, 0.638178, 0.637199, 0.638338, 0.640928, 0.642383]
[0.642118, 0.642702, 0.640963, 0.638614, 0.637616, 0.63875, 0.641343, 0.642813]
[0.642569, 0.643138, 0.641378, 0.639021, 0.638038, 0.639198, 0.641796, 0.643258]
[0.642956, 0.643541, 0.641797, 0.639449, 0.63844, 0.639587, 0.64218, 0.643649]
[0.643395, 0.64399, 0.642248, 0.639878, 0.638861, 0.640004, 0.642611, 0.644095]
[0.643882, 0.644478, 0.642728, 0.640357, 0.639332, 0.640489, 0.6431, 0.644587]
[0.644377, 0.644972, 0.643228, 0.640869, 0.639855, 0.641002, 0.643602, 0.645076]
[0.644923, 0.645488, 0.64372, 0.641357, 0.640382, 0.641554, 0.644145, 0.645598]
[0.645488, 0.64604, 0.64426, 0.641895, 0.640927, 0.642114, 0.644715, 0.646165]
[0.645993, 0.646551, 0.644771, 0.642405, 0.641432, 0.642623, 0.645218, 0.646668]
[0.646583, 0.647132, 0.645331, 0.642943, 0.641983, 0.643198, 0.645808, 0.647254]
[0.647086, 0.64764, 0.645846, 0.643467, 0.64251, 0.6437, 0.646307, 0.647756]
[0.647607, 0.648165, 0.646378, 0.643997, 0.643027, 0.644214, 0.646815, 0.648273]
[0.648131, 0.648691, 0.646896, 0.644521, 0.643559, 0.644737, 0.647341, 0.648798]
[0.648718, 0.64929, 0.647482, 0.645076, 0.644087, 0.645273, 0.647916, 0.649392]
[0.649257, 0.649832, 0.648033, 0.645632, 0.644646, 0.645831, 0.648452, 0.649928]
[0.649804, 0.650372, 0.648571, 0.646178, 0.645205, 0.646386, 0.649007, 0.650473]
[0.650188, 0.650855, 0.649128, 0.646715, 0.645629, 0.646728, 0.649372, 0.65093]
[0.650853, 0.651493, 0.649746, 0.647345, 0.646296, 0.647415, 0.650038, 0.65157]
[0.651614, 0.652159, 0.650338, 0.647943, 0.647006, 0.648221, 0.650824, 0.652268]
[0.652163, 0.652688, 0.650851, 0.648476, 0.647551, 0.648777, 0.651375, 0.652804]
[0.652626, 0.653159, 0.651346, 0.648977, 0.648038, 0.649247, 0.651831, 0.653263]
[0.653092, 0.653628, 0.651835, 0.649473, 0.648535, 0.64972, 0.6523, 0.653731]
[0.653618, 0.654162, 0.652378, 0.650032, 0.649096, 0.65027, 0.652826, 0.654254]
[0.654157, 0.654712, 0.652937, 0.650595, 0.649647, 0.650813, 0.65337, 0.654799]
[0.65474, 0.655288, 0.653519, 0.651173, 0.650247, 0.651413, 0.653959, 0.655384]
[0.655355, 0.655899, 0.654134, 0.651787, 0.650856, 0.652029, 0.654586, 0.65601]
[0.655907, 0.656457, 0.654713, 0.652394, 0.651472, 0.652623, 0.655148, 0.656564]
[0.656535, 0.65707, 0.65532, 0.653014, 0.652112, 0.653281, 0.655788, 0.657193]
[0.657102, 0.657628, 0.655884, 0.653581, 0.652686, 0.65386, 0.656367, 0.657753]
[0.657608, 0.65814, 0.656428, 0.65415, 0.653253, 0.654396, 0.65688, 0.658267]
[0.658171, 0.658693, 0.656992, 0.654732, 0.653849, 0.654987, 0.657453, 0.658824]
[0.658727, 0.659249, 0.657557, 0.655304, 0.654415, 0.655539, 0.658004, 0.659378]
[0.659244, 0.659784, 0.658116, 0.655879, 0.654962, 0.656061, 0.658521, 0.659901]
[0.659854, 0.660391, 0.658725, 0.656482, 0.655568, 0.656675, 0.659132, 0.660511]
[0.660456, 0.66099, 0.659325, 0.657088, 0.656168, 0.65727, 0.659731, 0.66111]
[0.661028, 0.661586, 0.659932, 0.657691, 0.656741, 0.65783, 0.660292, 0.661695]
[0.661563, 0.662134, 0.660486, 0.658241, 0.657283, 0.658359, 0.660825, 0.662234]
[0.662123, 0.662696, 0.661054, 0.658808, 0.65784, 0.65892, 0.661381, 0.662791]
[0.662612, 0.663213, 0.66159, 0.659347, 0.658357, 0.659404, 0.66186, 0.663291]
[0.663138, 0.663744, 0.662113, 0.659866, 0.658874, 0.659914, 0.662377, 0.663816]
[0.663675, 0.664279, 0.662657, 0.660413, 0.659408, 0.660444, 0.662903, 0.664341]
[0.664225, 0.664829, 0.663198, 0.660931, 0.659922, 0.66097, 0.663448, 0.664894]
[0.664724, 0.665348, 0.663733, 0.661475, 0.66044, 0.661462, 0.663941, 0.665403]
[0.665286, 0.665914, 0.664292, 0.662023, 0.660976, 0.662003, 0.664495, 0.665967]
[0.665888, 0.666506, 0.664868, 0.662585, 0.661559, 0.662612, 0.665108, 0.666565]
[0.666429, 0.667045, 0.665402, 0.663115, 0.662085, 0.663143, 0.665641, 0.667104]
[0.66693, 0.667559, 0.665911, 0.663621, 0.66259, 0.663644, 0.666148, 0.667614]
[0.667418, 0.668042, 0.666409, 0.664112, 0.663082, 0.664123, 0.666631, 0.668106]
[0.66789, 0.668509, 0.666872, 0.664581, 0.66355, 0.664609, 0.667108, 0.668577]
[0.668357, 0.668968, 0.667317, 0.665022, 0.664005, 0.665071, 0.667578, 0.669036]
[0.668832, 0.669447, 0.667801, 0.665511, 0.664496, 0.66555, 0.668068, 0.669524]
[0.669381, 0.669971, 0.668299, 0.666002, 0.665019, 0.666108, 0.668633, 0.670065]
[0.669705, 0.67042, 0.668827, 0.6665, 0.66538, 0.666377, 0.668926, 0.670478]
[0.670249, 0.670972, 0.669366, 0.667014, 0.665878, 0.666897, 0.669473, 0.671044]
[0.670739, 0.671467, 0.669848, 0.667483, 0.666354, 0.667384, 0.669964, 0.67154]
[0.671206, 0.671914, 0.670291, 0.667933, 0.666816, 0.667866, 0.670445, 0.672001]
[0.671622, 0.672323, 0.670694, 0.668336, 0.667232, 0.668288, 0.670863, 0.672415]
[0.67207, 0.672764, 0.671142, 0.668796, 0.667699, 0.668756, 0.671319, 0.672853]
[0.672517, 0.673207, 0.671587, 0.669255, 0.668166, 0.669217, 0.671767, 0.67329]
[0.673085, 0.673703, 0.672054, 0.669764, 0.668767, 0.669856, 0.67235, 0.6738]
[0.673516, 0.674113, 0.672471, 0.670198, 0.669218, 0.670308, 0.672791, 0.674213]
[0.673932, 0.67452, 0.672886, 0.670633, 0.669657, 0.670739, 0.673212, 0.674627]
[0.674341, 0.674923, 0.673294, 0.671049, 0.670085, 0.671161, 0.673619, 0.675029]
[0.67478, 0.675349, 0.673724, 0.671494, 0.670536, 0.671611, 0.67405, 0.67545]
[0.675197, 0.675756, 0.674115, 0.671893, 0.670952, 0.672028, 0.674472, 0.675857]
[0.675548, 0.676112, 0.674486, 0.672276, 0.671329, 0.672404, 0.674824, 0.676209]
[0.67594, 0.676496, 0.674891, 0.672698, 0.671764, 0.672812, 0.675211, 0.676586]
[0.676326, 0.676876, 0.675281, 0.673111, 0.672185, 0.673224, 0.675598, 0.676959]
[0.676722, 0.677266, 0.675671, 0.673508, 0.672589, 0.673636, 0.676003, 0.67736]
[0.6771, 0.67765, 0.676063, 0.673911, 0.672996, 0.674025, 0.676379, 0.677731]
[0.67755, 0.678092, 0.676506, 0.674364, 0.673452, 0.674483, 0.676833, 0.678183]
[0.677944, 0.678482, 0.676905, 0.674762, 0.673864, 0.674878, 0.677233, 0.678574]
[0.678317, 0.678849, 0.67728, 0.675154, 0.674264, 0.675285, 0.67761, 0.678944]
[0.678657, 0.679198, 0.677645, 0.675523, 0.674615, 0.675621, 0.677945, 0.679283]
[0.679036, 0.679568, 0.678008, 0.675893, 0.674997, 0.676011, 0.678327, 0.679661]
[0.679409, 0.679925, 0.678368, 0.676258, 0.675385, 0.676402, 0.678706, 0.680018]
[0.679789, 0.680294, 0.678721, 0.676625, 0.675757, 0.676789, 0.679088, 0.680384]
[0.680166, 0.68068, 0.679112, 0.677012, 0.676143, 0.677164, 0.679467, 0.680765]
[0.680573, 0.68108, 0.679506, 0.677393, 0.676527, 0.67756, 0.67987, 0.681176]
[0.680908, 0.681425, 0.679863, 0.677767, 0.676897, 0.677921, 0.68022, 0.681516]
[0.681222, 0.681742, 0.680183, 0.67809, 0.677225, 0.678236, 0.680531, 0.681842]
[0.68154, 0.68205, 0.680488, 0.678404, 0.677549, 0.678559, 0.680855, 0.682145]
[0.681862, 0.682381, 0.680829, 0.678745, 0.67788, 0.678883, 0.681168, 0.682481]
[0.68219, 0.682705, 0.681151, 0.679073, 0.678214, 0.67921, 0.681494, 0.682798]
[0.682577, 0.683086, 0.681521, 0.679448, 0.6786, 0.679613, 0.681889, 0.683179]
[0.682989, 0.683481, 0.681911, 0.67983, 0.678995, 0.680027, 0.682298, 0.683579]
[0.683354, 0.683848, 0.68228, 0.680193, 0.679362, 0.680392, 0.682668, 0.683949]
[0.683719, 0.684212, 0.682634, 0.680543, 0.679706, 0.680751, 0.683036, 0.684314]
[0.683931, 0.684543, 0.683025, 0.680879, 0.679892, 0.680863, 0.683221, 0.684624]
[0.684323, 0.684902, 0.683362, 0.681236, 0.680298, 0.681291, 0.683624, 0.684988]
[0.684838, 0.685279, 0.683583, 0.681409, 0.680608, 0.681783, 0.684162, 0.685425]
[0.685159, 0.685647, 0.684011, 0.681853, 0.681007, 0.682116, 0.684473, 0.68577]
[0.68547, 0.685967, 0.684351, 0.682201, 0.68134, 0.682435, 0.684783, 0.686091]
[0.685781, 0.686292, 0.684672, 0.682519, 0.68165, 0.682743, 0.6851, 0.686414]
[0.686111, 0.686617, 0.684992, 0.682822, 0.681951, 0.683056, 0.685421, 0.686748]
[0.68643, 0.686955, 0.685336, 0.683153, 0.682266, 0.683364, 0.685742, 0.687081]
[0.686716, 0.687254, 0.685635, 0.68345, 0.682551, 0.683637, 0.686023, 0.687373]
[0.686989, 0.687532, 0.68592, 0.683725, 0.68282, 0.683907, 0.686301, 0.687658]
[0.687224, 0.687786, 0.686198, 0.684013, 0.683102, 0.68416, 0.686535, 0.687897]
[0.687472, 0.688054, 0.686483, 0.684309, 0.683384, 0.684421, 0.686782, 0.688158]
[0.68773, 0.688337, 0.686782, 0.684604, 0.683651, 0.684669, 0.687034, 0.688431]
[0.688015, 0.688603, 0.687027, 0.684833, 0.683897, 0.684946, 0.687328, 0.688713]
[0.68827, 0.688844, 0.687263, 0.68507, 0.684148, 0.685212, 0.687586, 0.688957]
[0.688531, 0.689114, 0.68756, 0.685392, 0.684467, 0.685495, 0.687842, 0.689218]
[0.688856, 0.689437, 0.687889, 0.68573, 0.684808, 0.685841, 0.68818, 0.689546]
[0.689192, 0.689758, 0.688211, 0.68606, 0.685151, 0.686182, 0.688519, 0.689869]
[0.68955, 0.690112, 0.68856, 0.686404, 0.685504, 0.686538, 0.688871, 0.690228]
[0.689912, 0.690502, 0.688947, 0.686777, 0.685848, 0.686869, 0.689229, 0.690606]
[0.690313, 0.690859, 0.68929, 0.687151, 0.686269, 0.68732, 0.689642, 0.690981]
[0.690626, 0.691202, 0.689677, 0.687556, 0.686658, 0.687647, 0.689956, 0.691303]
[0.691006, 0.691545, 0.689989, 0.68788, 0.687015, 0.688034, 0.690332, 0.691653]
[0.691313, 0.691872, 0.690342, 0.688239, 0.687356, 0.688354, 0.690636, 0.691968]
[0.691651, 0.692203, 0.690673, 0.688572, 0.687688, 0.688693, 0.690977, 0.692299]
[0.692013, 0.692539, 0.690985, 0.688894, 0.688044, 0.689069, 0.691347, 0.69264]
[0.692355, 0.692899, 0.691372, 0.689294, 0.688419, 0.689409, 0.691676, 0.692992]
[0.692741, 0.693269, 0.691733, 0.689656, 0.688797, 0.689801, 0.692065, 0.693368]
[0.693093, 0.693612, 0.692066, 0.689989, 0.689147, 0.690148, 0.692423, 0.693718]
[0.693422, 0.693952, 0.692418, 0.690331, 0.689463, 0.690461, 0.692743, 0.694056]
[0.693738, 0.694275, 0.692726, 0.69062, 0.689728, 0.690747, 0.693061, 0.694376]
[0.69402, 0.694577, 0.693066, 0.690978, 0.690066, 0.691042, 0.693331, 0.694665]
[0.694304, 0.694886, 0.693381, 0.691286, 0.690357, 0.691326, 0.69362, 0.694969]
[0.694617, 0.695218, 0.693712, 0.691598, 0.690639, 0.691607, 0.69392, 0.695291]
[0.694967, 0.695572, 0.694073, 0.691951, 0.690982, 0.691949, 0.694262, 0.695648]
[0.695072, 0.695815, 0.694402, 0.692247, 0.691141, 0.691998, 0.694357, 0.69586]
[0.695399, 0.696153, 0.69473, 0.692554, 0.691431, 0.692301, 0.69468, 0.696202]
[0.696047, 0.69664, 0.695051, 0.692841, 0.691889, 0.692961, 0.695361, 0.696745]
[0.696346, 0.696961, 0.69543, 0.693258, 0.692291, 0.693292, 0.69566, 0.697058]
[0.696717, 0.69729, 0.695712, 0.693533, 0.692599, 0.693661, 0.696039, 0.697404]
[0.697081, 0.697614, 0.696007, 0.693833, 0.692954, 0.694049, 0.696414, 0.697745]
[0.697412, 0.697943, 0.696356, 0.694203, 0.693325, 0.694408, 0.696753, 0.69807]
[0.697723, 0.698274, 0.696698, 0.694535, 0.693638, 0.694699, 0.697057, 0.698398]
[0.698041, 0.698603, 0.697048, 0.694901, 0.693988, 0.695036, 0.697382, 0.698731]
[0.698389, 0.698937, 0.697391, 0.695254, 0.694353, 0.695404, 0.697734, 0.69906]
[0.698699, 0.699266, 0.697733, 0.695604, 0.694693, 0.695722, 0.698045, 0.699388]
[0.699096, 0.699635, 0.698095, 0.695976, 0.695093, 0.696139, 0.698449, 0.699766]
[0.699497, 0.700021, 0.69847, 0.696365, 0.695502, 0.696556, 0.698861, 0.700159]
[0.699879, 0.700415, 0.69889, 0.696797, 0.69593, 0.696954, 0.699244, 0.700548]
[0.700282, 0.700812, 0.699253, 0.697129, 0.696252, 0.697328, 0.699648, 0.700957]
[0.700663, 0.701186, 0.699659, 0.697565, 0.696714, 0.697755, 0.700036, 0.701333]
[0.701038, 0.701582, 0.700075, 0.697977, 0.697107, 0.698122, 0.700407, 0.70172]
[0.701428, 0.701971, 0.700455, 0.698372, 0.697498, 0.698515, 0.700796, 0.702107]
[0.701875, 0.702398, 0.700887, 0.698826, 0.697983, 0.699003, 0.701261, 0.702548]
[0.702332, 0.702853, 0.701341, 0.699277, 0.698446, 0.699473, 0.70173, 0.703008]
[0.702765, 0.703275, 0.70177, 0.699711, 0.69888, 0.699912, 0.702167, 0.703436]
[0.703161, 0.703632, 0.702103, 0.700072, 0.699292, 0.700349, 0.702576, 0.703803]
[0.703497, 0.704019, 0.702526, 0.700467, 0.699617, 0.70064, 0.702891, 0.704174]
[0.703823, 0.704367, 0.702889, 0.700828, 0.69996, 0.700959, 0.703212, 0.704513]
[0.704184, 0.704679, 0.703176, 0.701139, 0.700327, 0.701365, 0.703586, 0.704835]
[0.704486, 0.70503, 0.703537, 0.701471, 0.700602, 0.701616, 0.703875, 0.705165]
[0.70482, 0.705362, 0.70385, 0.701743, 0.700858, 0.701898, 0.704197, 0.705511]
[0.705115, 0.705655, 0.70415, 0.702067, 0.70119, 0.70222, 0.7045, 0.7058]
[0.705435, 0.705983, 0.704471, 0.702378, 0.7015, 0.702535, 0.704816, 0.706121]
[0.705714, 0.706299, 0.704798, 0.702672, 0.701749, 0.702765, 0.705086, 0.706431]
[0.706005, 0.706556, 0.705039, 0.70293, 0.702046, 0.703085, 0.70538, 0.706696]
[0.70625, 0.706837, 0.705338, 0.703221, 0.702293, 0.70331, 0.70562, 0.706967]
[0.706524, 0.707113, 0.70563, 0.703515, 0.702585, 0.703579, 0.70588, 0.707239]
[0.706875, 0.707448, 0.705941, 0.703824, 0.702914, 0.703937, 0.706238, 0.707571]
[0.707232, 0.707799, 0.706291, 0.704172, 0.703265, 0.704291, 0.706586, 0.707919]
[0.707598, 0.708166, 0.706654, 0.704538, 0.703639, 0.704663, 0.706963, 0.708295]
[0.707725, 0.708419, 0.70702, 0.704908, 0.703873, 0.70477, 0.707066, 0.708496]
[0.708422, 0.708912, 0.707273, 0.705082, 0.704257, 0.705434, 0.707803, 0.709074]
[0.708809, 0.709265, 0.707668, 0.705551, 0.704771, 0.705908, 0.708199, 0.709427]
[0.709166, 0.709611, 0.707983, 0.705854, 0.705087, 0.706259, 0.708557, 0.709781]
[0.709538, 0.71002, 0.708413, 0.706262, 0.705443, 0.706591, 0.708914, 0.710168]
[0.709906, 0.710388, 0.708795, 0.70666, 0.705828, 0.706962, 0.709279, 0.71054]
[0.710312, 0.710816, 0.709241, 0.707107, 0.706275, 0.707378, 0.709682, 0.710958]
[0.710701, 0.711189, 0.709586, 0.707444, 0.706629, 0.707762, 0.710066, 0.711335]
[0.711071, 0.711647, 0.710124, 0.707988, 0.707079, 0.708117, 0.710421, 0.711766]
[0.711446, 0.712022, 0.710487, 0.708337, 0.707439, 0.708487, 0.710796, 0.712143]
[0.711814, 0.712407, 0.710878, 0.708715, 0.707796, 0.708833, 0.711156, 0.712522]
[0.712202, 0.712754, 0.711214, 0.709064, 0.708195, 0.709269, 0.711567, 0.712883]
[0.712584, 0.713122, 0.711601, 0.709496, 0.708647, 0.709694, 0.711951, 0.713246]
[0.712921, 0.713487, 0.711996, 0.70989, 0.709007, 0.710031, 0.71228, 0.713598]
[0.713263, 0.713838, 0.712364, 0.710281, 0.709376, 0.710378, 0.712628, 0.713944]
[0.713589, 0.714182, 0.712715, 0.710615, 0.709683, 0.710675, 0.712945, 0.714292]
[0.713869, 0.714497, 0.713046, 0.710923, 0.709949, 0.710922, 0.713216, 0.714601]
[0.714185, 0.714775, 0.713291, 0.711177, 0.710251, 0.711268, 0.713547, 0.714882]
[0.714514, 0.715078, 0.713615, 0.711551, 0.710673, 0.711663, 0.713894, 0.715196]
[0.714852, 0.715387, 0.713908, 0.711859, 0.711012, 0.712028, 0.714243, 0.715514]
[0.715191, 0.715729, 0.714259, 0.712221, 0.711386, 0.712388, 0.714584, 0.715852]
[0.715488, 0.716074, 0.71466, 0.71265, 0.711762, 0.712697, 0.714875, 0.716184]
[0.71583, 0.716394, 0.714977, 0.712987, 0.712127, 0.713066, 0.715224, 0.716507]
[0.716182, 0.716722, 0.715285, 0.713274, 0.712433, 0.713404, 0.71558, 0.716848]
[0.716469, 0.717035, 0.715622, 0.713625, 0.712752, 0.713699, 0.715868, 0.717156]
[0.716803, 0.71734, 0.715901, 0.713891, 0.71305, 0.714031, 0.71621, 0.717472]
[0.717089, 0.717626, 0.716167, 0.714136, 0.71329, 0.714284, 0.716488, 0.717764]
[0.717362, 0.717902, 0.716461, 0.714455, 0.713618, 0.714594, 0.716765, 0.718039]
[0.717617, 0.718154, 0.716698, 0.714666, 0.713831, 0.71483, 0.717031, 0.718293]
[0.717882, 0.718448, 0.717028, 0.715014, 0.714141, 0.715091, 0.717284, 0.718574]
[0.718164, 0.718688, 0.717243, 0.715245, 0.714421, 0.715398, 0.717575, 0.718831]
[0.718417, 0.718955, 0.717522, 0.715506, 0.714666, 0.715639, 0.717821, 0.71909]
[0.718708, 0.719237, 0.717798, 0.715786, 0.714945, 0.715932, 0.718119, 0.719385]
[0.718984, 0.719484, 0.718021, 0.716021, 0.715219, 0.716225, 0.718399, 0.719637]
[0.719273, 0.71982, 0.718394, 0.716396, 0.715541, 0.716499, 0.718693, 0.719969]
[0.719348, 0.720052, 0.718763, 0.716769, 0.715751, 0.716549, 0.718737, 0.72014]
[0.719605, 0.720341, 0.719049, 0.717037, 0.715986, 0.716786, 0.718992, 0.720419]
[0.720355, 0.720865, 0.719442, 0.717492, 0.716693, 0.717654, 0.719787, 0.721005]
[0.720725, 0.72124, 0.719849, 0.717929, 0.717113, 0.718045, 0.720147, 0.721367]
[0.721113, 0.721624, 0.720205, 0.718255, 0.717444, 0.718403, 0.720537, 0.721765]
[0.721459, 0.721976, 0.720582, 0.718651, 0.717844, 0.718778, 0.720884, 0.72211]
[0.721802, 0.722308, 0.72091, 0.718993, 0.7182, 0.719137, 0.72123, 0.722443]
[0.722111, 0.722609, 0.721195, 0.719263, 0.718472, 0.719429, 0.721537, 0.722752]
[0.72243, 0.722936, 0.721561, 0.719666, 0.718886, 0.719799, 0.721864, 0.723065]
[0.722807, 0.723276, 0.721877, 0.71998, 0.719233, 0.72018, 0.722243, 0.723415]
[0.723156, 0.723596, 0.722184, 0.720315, 0.719602, 0.720569, 0.722606, 0.723739]
[0.723486, 0.723892, 0.722439, 0.720568, 0.719875, 0.720884, 0.722934, 0.724053]
[0.723745, 0.724184, 0.72277, 0.720905, 0.720185, 0.721147, 0.723203, 0.724343]
[0.724069, 0.724494, 0.723047, 0.72114, 0.720427, 0.721437, 0.723522, 0.724656]
[0.724352, 0.724763, 0.72331, 0.721417, 0.720713, 0.721731, 0.72381, 0.724931]
[0.724609, 0.725001, 0.72353, 0.72163, 0.720952, 0.721995, 0.724071, 0.725185]
[0.724801, 0.72524, 0.723803, 0.721891, 0.721158, 0.722161, 0.724261, 0.725413]
[0.725081, 0.725486, 0.724027, 0.722131, 0.721429, 0.72247, 0.724556, 0.725677]
[0.725328, 0.725725, 0.724287, 0.722427, 0.721751, 0.722771, 0.724811, 0.725908]
[0.725601, 0.725985, 0.724561, 0.722732, 0.722086, 0.72308, 0.725094, 0.726174]
[0.725872, 0.726238, 0.724802, 0.722975, 0.722341, 0.723358, 0.725367, 0.726431]
[0.726111, 0.726485, 0.725041, 0.723189, 0.722547, 0.723573, 0.725596, 0.726678]
[0.726334, 0.726735, 0.725303, 0.723448, 0.722779, 0.723772, 0.725807, 0.726911]
[0.726572, 0.727007, 0.725588, 0.723706, 0.723002, 0.723983, 0.726029, 0.727165]
[0.726807, 0.727221, 0.725766, 0.723862, 0.723176, 0.724196, 0.72627, 0.727395]
[0.727062, 0.727478, 0.726063, 0.724206, 0.723523, 0.724502, 0.72652, 0.727639]
[0.727269, 0.727716, 0.72634, 0.724508, 0.723793, 0.724719, 0.726717, 0.727858]
[0.727446, 0.727915, 0.726542, 0.724686, 0.723936, 0.724861, 0.72688, 0.728043]
[0.727626, 0.728089, 0.726713, 0.724855, 0.724105, 0.725033, 0.72706, 0.728217]
[0.727823, 0.72826, 0.726855, 0.724989, 0.724259, 0.725219, 0.72726, 0.7284]
[0.727998, 0.728443, 0.727045, 0.725171, 0.724437, 0.725392, 0.727437, 0.728582]
[0.728163, 0.728617, 0.727228, 0.725355, 0.724605, 0.725544, 0.727597, 0.728754]
[0.728328, 0.728782, 0.72737, 0.725478, 0.724729, 0.72569, 0.727753, 0.728918]
[0.7285, 0.72896, 0.727577, 0.725714, 0.724959, 0.725896, 0.727937, 0.729103]
[0.728634, 0.729121, 0.727731, 0.725837, 0.725044, 0.725978, 0.72806, 0.729245]
[0.728793, 0.729273, 0.727861, 0.725945, 0.725159, 0.726119, 0.72822, 0.729411]
[0.728867, 0.729432, 0.728112, 0.726238, 0.725366, 0.726214, 0.728283, 0.72954]
[0.728972, 0.729584, 0.728279, 0.726362, 0.725431, 0.72627, 0.728379, 0.729678]
[0.729362, 0.729868, 0.728473, 0.726544, 0.725741, 0.726687, 0.728792, 0.729997]
[0.729579, 0.730074, 0.728599, 0.72658, 0.725749, 0.726789, 0.728998, 0.730228]
[0.729757, 0.730278, 0.728799, 0.726745, 0.72589, 0.726931, 0.729175, 0.73044]
[0.729954, 0.730474, 0.728996, 0.726947, 0.726099, 0.727147, 0.729386, 0.730647]
[0.730171, 0.730672, 0.729167, 0.727105, 0.726283, 0.727363, 0.729611, 0.730852]
[0.730394, 0.73088, 0.729377, 0.72734, 0.726539, 0.727617, 0.729853, 0.731076]
[0.730649, 0.731099, 0.729606, 0.727618, 0.72687, 0.727951, 0.730126, 0.731305]
[0.730882, 0.731391, 0.729925, 0.727909, 0.7271, 0.728135, 0.730337, 0.731578]
[0.731129, 0.731647, 0.730197, 0.728206, 0.727394, 0.728414, 0.730596, 0.731837]
[0.731369, 0.731903, 0.73051, 0.72856, 0.727736, 0.728696, 0.730842, 0.732089]
[0.731644, 0.732114, 0.730683, 0.728745, 0.72799, 0.729011, 0.731131, 0.732311]
[0.731884, 0.732387, 0.731003, 0.729106, 0.728333, 0.729288, 0.731368, 0.732561]
[0.732094, 0.732639, 0.731268, 0.729339, 0.728504, 0.729439, 0.731561, 0.732799]
[0.732336, 0.732902, 0.731521, 0.729543, 0.728677, 0.729624, 0.731798, 0.733073]
[0.732572, 0.733141, 0.731744, 0.729738, 0.728863, 0.729834, 0.732035, 0.73332]
[0.732856, 0.733381, 0.732002, 0.73007, 0.729255, 0.730219, 0.732351, 0.733576]
[0.733116, 0.733667, 0.732329, 0.730415, 0.72958, 0.730494, 0.7326, 0.733838]
[0.733414, 0.733954, 0.732626, 0.730736, 0.729912, 0.730826, 0.732897, 0.734122]
[0.733762, 0.734282, 0.732963, 0.73111, 0.730321, 0.731232, 0.733259, 0.734456]
[0.734078, 0.734591, 0.733281, 0.731446, 0.730674, 0.731562, 0.733571, 0.73476]
[0.73443, 0.734922, 0.733599, 0.731775, 0.731023, 0.73192, 0.733925, 0.73509]
[0.734765, 0.735238, 0.733888, 0.732045, 0.731307, 0.732241, 0.734263, 0.735409]
[0.735092, 0.735578, 0.734258, 0.73243, 0.731672, 0.732583, 0.734594, 0.735756]
[0.735439, 0.735924, 0.734642, 0.732859, 0.732118, 0.732978, 0.734937, 0.736089]
[0.735755, 0.736246, 0.73497, 0.733182, 0.732425, 0.733287, 0.735249, 0.73641]
[0.73608, 0.736578, 0.735299, 0.733505, 0.732735, 0.733607, 0.735573, 0.736739]
[0.736396, 0.736901, 0.735614, 0.733789, 0.733011, 0.733891, 0.735876, 0.737058]
[0.73672, 0.737235, 0.735942, 0.734125, 0.733348, 0.734217, 0.736198, 0.737382]
[0.737053, 0.737533, 0.736203, 0.734375, 0.733629, 0.734541, 0.736535, 0.737688]
[0.737357, 0.737893, 0.736601, 0.734754, 0.733936, 0.734802, 0.73682, 0.738027]
[0.737691, 0.738222, 0.736875, 0.734968, 0.734149, 0.735071, 0.737155, 0.738383]
[0.737955, 0.738536, 0.737202, 0.735275, 0.734399, 0.735295, 0.737404, 0.73868]
[0.73827, 0.738857, 0.737543, 0.735635, 0.734766, 0.735643, 0.737721, 0.738987]
[0.738586, 0.739123, 0.737752, 0.735825, 0.735009, 0.735954, 0.738046, 0.739269]
[0.73875, 0.739415, 0.7382, 0.736307, 0.735356, 0.736129, 0.738194, 0.739516]
[0.739151, 0.739772, 0.738578, 0.736755, 0.735863, 0.736614, 0.738599, 0.739877]
[0.73953, 0.740113, 0.738908, 0.737114, 0.73626, 0.737027, 0.738981, 0.740218]
[0.739837, 0.740412, 0.739197, 0.737402, 0.736557, 0.737333, 0.739291, 0.740518]
[0.7401, 0.740681, 0.73947, 0.737688, 0.736842, 0.737606, 0.739557, 0.740787]
[0.740354, 0.740935, 0.739727, 0.737947, 0.737106, 0.737863, 0.739804, 0.741032]
[0.740576, 0.741158, 0.739954, 0.738182, 0.737338, 0.738095, 0.740031, 0.741252]
[0.740805, 0.741384, 0.740194, 0.738436, 0.737597, 0.738334, 0.740259, 0.741485]
[0.741033, 0.741612, 0.740427, 0.738678, 0.737841, 0.738578, 0.740487, 0.741702]
[0.741261, 0.741836, 0.740651, 0.738902, 0.738072, 0.738796, 0.740717, 0.74193]
[0.741514, 0.742075, 0.740885, 0.739131, 0.738312, 0.739054, 0.740971, 0.74217]
[0.741745, 0.742302, 0.741111, 0.739364, 0.738541, 0.739294, 0.741205, 0.742409]
[0.741961, 0.742527, 0.741344, 0.739598, 0.738768, 0.739513, 0.741419, 0.74263]
[0.742169, 0.742736, 0.741559, 0.739812, 0.738982, 0.739721, 0.741632, 0.742837]
[0.74238, 0.742946, 0.741762, 0.74002, 0.73919, 0.739935, 0.741839, 0.743042]
[0.742595, 0.743179, 0.742003, 0.740254, 0.739404, 0.740131, 0.742048, 0.743273]
[0.742829, 0.74342, 0.742248, 0.740511, 0.739666, 0.740382, 0.742283, 0.743513]
[0.743073, 0.743657, 0.7425, 0.740781, 0.739943, 0.740646, 0.742531, 0.743748]
[0.743321, 0.743904, 0.742757, 0.741046, 0.740207, 0.740897, 0.742778, 0.743992]
[0.743605, 0.744178, 0.743022, 0.741323, 0.74049, 0.741182, 0.743058, 0.744262]
[0.743896, 0.74446, 0.743308, 0.741614, 0.740791, 0.741487, 0.743355, 0.74455]
[0.74417, 0.744732, 0.743577, 0.74188, 0.741053, 0.74176, 0.743628, 0.744815]
[0.744416, 0.744969, 0.743819, 0.742125, 0.741298, 0.741998, 0.743873, 0.745055]
[0.74469, 0.745232, 0.744087, 0.742401, 0.741592, 0.742292, 0.744154, 0.745326]
[0.74496, 0.745499, 0.744349, 0.742677, 0.741877, 0.742578, 0.744424, 0.745587]
[0.74524, 0.745766, 0.744607, 0.742926, 0.742143, 0.742868, 0.744707, 0.745868]
[0.745488, 0.746018, 0.744851, 0.743173, 0.742383, 0.743107, 0.744955, 0.746116]
[0.74577, 0.746296, 0.745137, 0.743467, 0.742687, 0.743405, 0.745243, 0.746395]
[0.746079, 0.746594, 0.745435, 0.743778, 0.743013, 0.743741, 0.745563, 0.746699]
[0.746413, 0.746914, 0.745757, 0.744119, 0.743372, 0.744097, 0.745902, 0.747026]
[0.746753, 0.747239, 0.746083, 0.74446, 0.743736, 0.744461, 0.746255, 0.747354]
[0.747099, 0.747573, 0.74642, 0.744809, 0.744111, 0.74484, 0.746611, 0.747691]
[0.747436, 0.747904, 0.746754, 0.745161, 0.744469, 0.745195, 0.746956, 0.748029]
[0.747753, 0.748219, 0.747071, 0.74548, 0.744788, 0.745512, 0.747274, 0.74835]
[0.748089, 0.748554, 0.747403, 0.74581, 0.745115, 0.745845, 0.747608, 0.748683]
[0.748389, 0.748855, 0.747711, 0.746114, 0.745421, 0.746147, 0.747911, 0.748985]
[0.74863, 0.74913, 0.748011, 0.74642, 0.745689, 0.746384, 0.748146, 0.749244]
[0.748903, 0.74943, 0.748302, 0.746673, 0.745906, 0.746604, 0.748413, 0.749545]
[0.749298, 0.749787, 0.748654, 0.747051, 0.746337, 0.747044, 0.748812, 0.749908]
[0.74964, 0.750114, 0.748971, 0.747379, 0.746684, 0.747404, 0.749156, 0.750227]
[0.749924, 0.750401, 0.749265, 0.747674, 0.746981, 0.747685, 0.749439, 0.750514]
[0.750207, 0.75068, 0.74955, 0.747966, 0.747261, 0.747968, 0.749716, 0.750799]
[0.750486, 0.750956, 0.749821, 0.748236, 0.747523, 0.74824, 0.749985, 0.751067]
[0.750735, 0.751214, 0.750083, 0.748493, 0.747775, 0.748484, 0.750233, 0.751323]
[0.750966, 0.751449, 0.750318, 0.748723, 0.748005, 0.748709, 0.750465, 0.751551]
[0.75121, 0.751701, 0.750573, 0.748978, 0.748257, 0.748959, 0.750707, 0.751797]
[0.751443, 0.75194, 0.750819, 0.749216, 0.748481, 0.749171, 0.750933, 0.75203]
[0.751716, 0.752216, 0.751094, 0.749486, 0.748754, 0.749447, 0.751204, 0.752309]
[0.751972, 0.752485, 0.751363, 0.749752, 0.749005, 0.749695, 0.751461, 0.752573]
[0.752237, 0.752747, 0.751621, 0.750001, 0.749252, 0.749947, 0.751727, 0.75284]
[0.75248, 0.753001, 0.751885, 0.75026, 0.7495, 0.750186, 0.751968, 0.753083]
[0.752747, 0.753269, 0.752163, 0.750548, 0.749777, 0.750458, 0.752232, 0.753357]
[0.75304, 0.753555, 0.752447, 0.750835, 0.750079, 0.750759, 0.752531, 0.753643]
[0.753314, 0.753822, 0.752711, 0.751103, 0.750368, 0.751057, 0.752807, 0.753919]
[0.753579, 0.75409, 0.752976, 0.751375, 0.750645, 0.751331, 0.753075, 0.754175]
[0.753872, 0.75436, 0.753239, 0.751649, 0.750924, 0.751626, 0.753375, 0.754461]
[0.754159, 0.754645, 0.753526, 0.751929, 0.751209, 0.751904, 0.753662, 0.754748]
[0.754429, 0.754912, 0.753779, 0.752184, 0.75147, 0.752173, 0.753936, 0.755014]
[0.754663, 0.755148, 0.754023, 0.752424, 0.751704, 0.752404, 0.754167, 0.755253]
[0.754882, 0.755371, 0.754248, 0.752659, 0.751941, 0.75264, 0.754397, 0.755482]
[0.755159, 0.755623, 0.754496, 0.752908, 0.752203, 0.752921, 0.754672, 0.755745]
[0.755391, 0.755862, 0.754738, 0.753157, 0.752452, 0.753166, 0.754904, 0.755976]
[0.755657, 0.756108, 0.754966, 0.753387, 0.7527, 0.753439, 0.755173, 0.756224]
[0.755903, 0.756341, 0.755194, 0.753627, 0.752954, 0.753698, 0.755424, 0.756458]
[0.756171, 0.756592, 0.755441, 0.753879, 0.753223, 0.753968, 0.755689, 0.756715]
[0.756424, 0.756839, 0.755699, 0.754133, 0.75348, 0.754224, 0.755947, 0.756963]
[0.756706, 0.757115, 0.75597, 0.754418, 0.75377, 0.754512, 0.756226, 0.757233]
[0.75699, 0.757392, 0.756242, 0.754695, 0.754056, 0.754804, 0.756511, 0.757517]
[0.757255, 0.757662, 0.756517, 0.75497, 0.754328, 0.755065, 0.756766, 0.757775]
[0.757518, 0.75793, 0.75679, 0.755244, 0.754598, 0.755325, 0.757023, 0.758033]
[0.757771, 0.75819, 0.757056, 0.755504, 0.75485, 0.755572, 0.757273, 0.758293]
[0.758014, 0.758455, 0.757333, 0.75578, 0.755096, 0.755795, 0.757505, 0.758548]
[0.758202, 0.758717, 0.757611, 0.756016, 0.755256, 0.755919, 0.757679, 0.758796]
[0.758514, 0.759006, 0.757911, 0.756337, 0.755602, 0.756264, 0.757987, 0.759076]
[0.758852, 0.75928, 0.758141, 0.756571, 0.755902, 0.75662, 0.758339, 0.759372]
[0.759113, 0.759562, 0.758441, 0.756876, 0.756193, 0.756884, 0.758598, 0.759641]
[0.759402, 0.759854, 0.758736, 0.757171, 0.75648, 0.757173, 0.758888, 0.75994]
[0.759679, 0.760138, 0.759017, 0.757455, 0.756756, 0.757445, 0.759159, 0.760222]
[0.759962, 0.760423, 0.759308, 0.757736, 0.757042, 0.757733, 0.759453, 0.760504]
[0.760254, 0.7607, 0.759569, 0.757998, 0.757312, 0.758021, 0.759743, 0.760787]
[0.760514, 0.76098, 0.759857, 0.758281, 0.757582, 0.758277, 0.759998, 0.761061]
[0.760777, 0.761245, 0.76012, 0.758546, 0.757837, 0.758533, 0.760264, 0.761329]
[0.761034, 0.761509, 0.760387, 0.758801, 0.758088, 0.758783, 0.76052, 0.761589]
[0.761279, 0.761782, 0.760677, 0.759087, 0.758351, 0.759024, 0.760768, 0.761859]
[0.761562, 0.76205, 0.760936, 0.759346, 0.758619, 0.759305, 0.761047, 0.762127]
[0.761823, 0.762318, 0.761209, 0.759614, 0.758887, 0.759569, 0.761316, 0.762407]
[0.762113, 0.762602, 0.761493, 0.759902, 0.759181, 0.75987, 0.761612, 0.762694]
[0.762401, 0.762882, 0.761764, 0.760176, 0.759468, 0.760173, 0.761909, 0.762986]
[0.762696, 0.763167, 0.762046, 0.760468, 0.759777, 0.760486, 0.762211, 0.763266]
[0.762982, 0.763423, 0.762294, 0.760738, 0.760072, 0.760792, 0.762509, 0.763542]
[0.763223, 0.763666, 0.762543, 0.760999, 0.760335, 0.761051, 0.762755, 0.763794]
[0.763458, 0.763889, 0.762763, 0.761226, 0.760578, 0.761301, 0.762998, 0.764017]
[0.763666, 0.764097, 0.762975, 0.761451, 0.760811, 0.76152, 0.763207, 0.764221]
[0.763858, 0.764289, 0.763176, 0.761659, 0.761029, 0.761728, 0.763405, 0.764414]
[0.764078, 0.764507, 0.763402, 0.761909, 0.761284, 0.761983, 0.763634, 0.764637]
[0.764282, 0.764704, 0.763611, 0.762138, 0.761523, 0.762213, 0.763846, 0.764843]
[0.764499, 0.764899, 0.763799, 0.76234, 0.761754, 0.762459, 0.764075, 0.765045]
[0.764693, 0.765092, 0.764007, 0.762551, 0.761977, 0.762669, 0.764274, 0.765237]
[0.764887, 0.76528, 0.764202, 0.762755, 0.76219, 0.762879, 0.764472, 0.765429]
[0.765099, 0.765468, 0.764372, 0.762931, 0.76239, 0.763098, 0.764682, 0.765621]
[0.765276, 0.765643, 0.764555, 0.763118, 0.76258, 0.763282, 0.764869, 0.765802]
[0.765437, 0.765807, 0.764735, 0.763315, 0.762768, 0.763455, 0.76503, 0.765958]
[0.765615, 0.76598, 0.764905, 0.763495, 0.762951, 0.763641, 0.765209, 0.766131]
[0.765804, 0.766168, 0.765112, 0.763708, 0.763163, 0.763838, 0.765397, 0.76632]
[0.766008, 0.76637, 0.765315, 0.763916, 0.763369, 0.764046, 0.765598, 0.766511]
[0.766209, 0.766573, 0.765515, 0.764121, 0.763572, 0.764244, 0.765798, 0.766715]
[0.766434, 0.766804, 0.765742, 0.764351, 0.763797, 0.764476, 0.76602, 0.766933]
[0.766657, 0.767026, 0.76597, 0.764585, 0.764025, 0.764694, 0.766236, 0.76716]
[0.766782, 0.767218, 0.76621, 0.764808, 0.764179, 0.764784, 0.766343, 0.767331]
[0.766968, 0.767424, 0.766412, 0.764981, 0.764327, 0.764932, 0.766528, 0.767535]
[0.767288, 0.767695, 0.766662, 0.765263, 0.764671, 0.765306, 0.766848, 0.767803]
[0.767553, 0.767935, 0.766893, 0.765495, 0.764934, 0.765587, 0.767114, 0.768041]
[0.76781, 0.768169, 0.767111, 0.765717, 0.76517, 0.765839, 0.767374, 0.768284]
[0.768054, 0.768419, 0.767363, 0.765965, 0.765417, 0.76608, 0.767616, 0.768526]
[0.768318, 0.768679, 0.767624, 0.766237, 0.765682, 0.766347, 0.767884, 0.76879]
[0.768588, 0.768941, 0.767884, 0.766496, 0.765946, 0.766616, 0.768147, 0.769047]
[0.768849, 0.769211, 0.768159, 0.766767, 0.766209, 0.766868, 0.768409, 0.769316]
[0.769098, 0.769463, 0.768417, 0.767032, 0.766472, 0.767124, 0.768656, 0.769573]
[0.76932, 0.769695, 0.768668, 0.767286, 0.766712, 0.767343, 0.768869, 0.769797]
[0.769565, 0.769953, 0.768932, 0.767552, 0.766972, 0.767596, 0.769117, 0.770047]
[0.76981, 0.770207, 0.769187, 0.767802, 0.767218, 0.767836, 0.769357, 0.770298]
[0.770056, 0.770456, 0.769443, 0.768051, 0.767458, 0.768075, 0.769599, 0.770547]
[0.77032, 0.770714, 0.769706, 0.768327, 0.767739, 0.768354, 0.769865, 0.770805]
[0.770582, 0.770984, 0.76998, 0.768602, 0.768013, 0.768617, 0.770131, 0.771066]
[0.770845, 0.771223, 0.770204, 0.768827, 0.768257, 0.768883, 0.770396, 0.77132]
[0.771072, 0.771455, 0.770443, 0.769072, 0.768508, 0.769124, 0.770625, 0.771548]
[0.771279, 0.771662, 0.77066, 0.769303, 0.768723, 0.769332, 0.770832, 0.771759]
[0.771478, 0.771859, 0.770857, 0.769511, 0.76894, 0.769544, 0.771033, 0.771953]
[0.771674, 0.772048, 0.771052, 0.769709, 0.769146, 0.76975, 0.771232, 0.772143]
[0.771874, 0.772233, 0.771228, 0.76989, 0.769341, 0.769956, 0.771439, 0.772331]
[0.772059, 0.772412, 0.771401, 0.770069, 0.769526, 0.770148, 0.77163, 0.77252]
[0.772226, 0.772589, 0.771591, 0.770257, 0.769704, 0.77031, 0.771793, 0.77269]
[0.772414, 0.772773, 0.771764, 0.770425, 0.769883, 0.770505, 0.771987, 0.772876]
[0.772605, 0.772949, 0.771931, 0.770592, 0.770064, 0.770703, 0.772178, 0.773054]
[0.772763, 0.773104, 0.772087, 0.770749, 0.770225, 0.770857, 0.772336, 0.773219]
[0.772915, 0.773267, 0.77226, 0.770926, 0.770392, 0.771017, 0.772491, 0.77338]
[0.773079, 0.773447, 0.772446, 0.771109, 0.770565, 0.771178, 0.772653, 0.773551]
[0.77326, 0.773623, 0.772614, 0.771277, 0.770737, 0.771353, 0.772831, 0.773727]
[0.773444, 0.7738, 0.772782, 0.771437, 0.770901, 0.771533, 0.773015, 0.773908]
[0.773599, 0.773971, 0.772968, 0.771625, 0.771073, 0.771692, 0.773172, 0.774076]
[0.773749, 0.774133, 0.773138, 0.771793, 0.771225, 0.771829, 0.773315, 0.774226]
[0.773928, 0.774304, 0.773299, 0.771942, 0.771382, 0.772005, 0.773495, 0.774405]
[0.774088, 0.77447, 0.773463, 0.772094, 0.771535, 0.772156, 0.773652, 0.774571]
[0.774244, 0.774628, 0.773614, 0.772246, 0.771682, 0.7723, 0.773799, 0.774724]
[0.77427, 0.774741, 0.773765, 0.772354, 0.771691, 0.772259, 0.773814, 0.774832]
[0.774441, 0.774891, 0.773919, 0.772531, 0.77189, 0.772455, 0.773982, 0.77497]
[0.774641, 0.775045, 0.774044, 0.772674, 0.772084, 0.772684, 0.774189, 0.775129]
[0.774789, 0.775201, 0.774219, 0.772862, 0.772263, 0.77285, 0.774347, 0.775285]
[0.774941, 0.775355, 0.774374, 0.773019, 0.77242, 0.772997, 0.774495, 0.77544]
[0.775082, 0.775497, 0.774521, 0.773164, 0.772564, 0.77314, 0.774631, 0.775576]
[0.775222, 0.775631, 0.774657, 0.773306, 0.772719, 0.773293, 0.774776, 0.775714]
[0.775356, 0.775772, 0.774807, 0.773456, 0.77286, 0.773436, 0.774908, 0.775854]
[0.775512, 0.775918, 0.774951, 0.773596, 0.773019, 0.773595, 0.775066, 0.775996]
[0.775651, 0.776056, 0.775084, 0.773735, 0.773162, 0.773735, 0.775202, 0.776135]
[0.775797, 0.776183, 0.775195, 0.773844, 0.773291, 0.773894, 0.775358, 0.776273]
[0.77591, 0.776315, 0.775347, 0.774006, 0.773428, 0.774007, 0.775468, 0.776394]
[0.776034, 0.776431, 0.775458, 0.774116, 0.773549, 0.774135, 0.775591, 0.776514]
[0.776163, 0.776572, 0.7756, 0.774255, 0.773676, 0.774256, 0.775721, 0.776651]
[0.776315, 0.77672, 0.775746, 0.774405, 0.773829, 0.774407, 0.775866, 0.776799]
[0.776465, 0.776861, 0.775884, 0.774551, 0.773985, 0.774568, 0.776021, 0.776941]
[0.776599, 0.776994, 0.77602, 0.77469, 0.774122, 0.774705, 0.776155, 0.777077]
[0.776747, 0.777127, 0.776143, 0.774813, 0.774259, 0.77485, 0.77631, 0.777211]
[0.776897, 0.777277, 0.77629, 0.77496, 0.77441, 0.775005, 0.776464, 0.777363]
[0.777041, 0.777422, 0.776435, 0.7751, 0.774544, 0.77514, 0.776604, 0.777509]
[0.777174, 0.777553, 0.776569, 0.77523, 0.774676, 0.775279, 0.776737, 0.777639]
[0.777284, 0.777674, 0.776703, 0.77537, 0.774801, 0.77538, 0.776841, 0.777767]
[0.777412, 0.777798, 0.776821, 0.775486, 0.774924, 0.775514, 0.776975, 0.777878]
[0.777528, 0.77792, 0.776954, 0.775615, 0.77505, 0.775624, 0.777081, 0.778002]
[0.777672, 0.778068, 0.777099, 0.775765, 0.775187, 0.775765, 0.777224, 0.778149]
[0.777807, 0.778217, 0.77725, 0.775905, 0.775318, 0.775889, 0.777358, 0.778295]
[0.777933, 0.778354, 0.777405, 0.776067, 0.77547, 0.776025, 0.777487, 0.778427]
[0.778088, 0.778503, 0.77755, 0.776221, 0.77563, 0.776186, 0.777648, 0.778577]
[0.778259, 0.778671, 0.777713, 0.776376, 0.775793, 0.776359, 0.777814, 0.778748]
[0.778411, 0.778827, 0.777878, 0.776542, 0.775952, 0.776507, 0.777964, 0.778903]
[0.778563, 0.778984, 0.778039, 0.776709, 0.776116, 0.776663, 0.778118, 0.779059]
[0.778741, 0.77916, 0.77821, 0.776879, 0.77629, 0.776844, 0.778301, 0.779234]
[0.778939, 0.779343, 0.778388, 0.777057, 0.776483, 0.777048, 0.778496, 0.779422]
[0.779113, 0.779535, 0.778594, 0.777268, 0.776668, 0.777212, 0.778667, 0.779604]
[0.779316, 0.779712, 0.77875, 0.777426, 0.776854, 0.777426, 0.77888, 0.779795]
[0.779509, 0.77991, 0.778966, 0.777644, 0.777067, 0.777625, 0.779071, 0.779992]
[0.779641, 0.780085, 0.779172, 0.777846, 0.777219, 0.77774, 0.7792, 0.780155]
[0.779778, 0.78025, 0.779335, 0.777987, 0.777338, 0.777861, 0.779348, 0.780329]
[0.780032, 0.780457, 0.779535, 0.778232, 0.777634, 0.778169, 0.779607, 0.780537]
[0.78022, 0.78063, 0.779707, 0.778413, 0.777834, 0.778373, 0.779802, 0.78072]
[0.780411, 0.780814, 0.77989, 0.778597, 0.778023, 0.778574, 0.779998, 0.780904]
[0.780605, 0.781008, 0.780091, 0.778808, 0.778232, 0.778773, 0.780194, 0.781105]
[0.780799, 0.7812, 0.780284, 0.779002, 0.778432, 0.778976, 0.780388, 0.781295]
[0.780972, 0.781381, 0.780476, 0.77919, 0.778614, 0.779147, 0.780564, 0.781477]
[0.781163, 0.781576, 0.780666, 0.779389, 0.778806, 0.779344, 0.780752, 0.781662]
[0.781356, 0.781781, 0.78088, 0.779602, 0.779018, 0.779534, 0.780943, 0.781861]
[0.781559, 0.781977, 0.781079, 0.779801, 0.779216, 0.779743, 0.781145, 0.782058]
[0.781751, 0.78218, 0.781278, 0.78, 0.779421, 0.779941, 0.781338, 0.782257]
[0.78197, 0.782389, 0.781481, 0.780198, 0.77964, 0.780163, 0.781557, 0.782473]
[0.782168, 0.782578, 0.781664, 0.780391, 0.779837, 0.780367, 0.781753, 0.782658]
[0.782347, 0.782758, 0.781851, 0.780581, 0.780015, 0.780535, 0.781923, 0.782842]
[0.782519, 0.78293, 0.782036, 0.780774, 0.780201, 0.780714, 0.782099, 0.78301]
[0.782706, 0.783118, 0.782218, 0.780954, 0.780386, 0.780898, 0.782282, 0.78319]
[0.782897, 0.783296, 0.782393, 0.781124, 0.780563, 0.78108, 0.782468, 0.783372]
[0.783055, 0.783468, 0.782573, 0.781305, 0.780736, 0.78124, 0.782622, 0.783533]
[0.783216, 0.783622, 0.782725, 0.78146, 0.780895, 0.781401, 0.782784, 0.783692]
[0.783372, 0.783772, 0.782871, 0.781611, 0.781048, 0.781562, 0.782941, 0.78384]
[0.783522, 0.78392, 0.783008, 0.781742, 0.781189, 0.781709, 0.783092, 0.783985]
[0.783668, 0.784059, 0.78315, 0.78188, 0.781327, 0.781854, 0.783243, 0.784136]
[0.783827, 0.784213, 0.783295, 0.782018, 0.781462, 0.781999, 0.783393, 0.784283]
[0.783968, 0.784348, 0.783425, 0.782147, 0.781591, 0.782133, 0.783532, 0.784419]
[0.784088, 0.784477, 0.783554, 0.782275, 0.781711, 0.782251, 0.783652, 0.784544]
[0.784199, 0.784584, 0.783661, 0.782374, 0.781816, 0.782357, 0.783762, 0.784651]
[0.784296, 0.784687, 0.783769, 0.782485, 0.781912, 0.78245, 0.78385, 0.784752]
[0.784388, 0.784778, 0.783863, 0.782578, 0.78201, 0.782541, 0.783946, 0.78484]
[0.784471, 0.784869, 0.783956, 0.782676, 0.782096, 0.782628, 0.784029, 0.78493]
[0.784567, 0.784968, 0.784065, 0.782781, 0.7822, 0.782724, 0.784124, 0.785026]
[0.784668, 0.78507, 0.784168, 0.782893, 0.782316, 0.782842, 0.784232, 0.785134]
[0.784757, 0.785167, 0.784269, 0.782987, 0.782403, 0.782912, 0.784309, 0.78522]
[0.784853, 0.785259, 0.784362, 0.78308, 0.782498, 0.783012, 0.784413, 0.785313]
[0.784945, 0.785353, 0.78446, 0.783169, 0.782585, 0.783102, 0.784508, 0.785409]
[0.785064, 0.785466, 0.784569, 0.783282, 0.782701, 0.783222, 0.784631, 0.785532]
[0.785177, 0.785588, 0.784689, 0.783411, 0.782815, 0.78333, 0.78474, 0.785648]
[0.785242, 0.78569, 0.784809, 0.783507, 0.782865, 0.783366, 0.784802, 0.785751]
[0.78533, 0.785794, 0.784899, 0.783571, 0.782908, 0.783423, 0.784887, 0.785856]
[0.785493, 0.78592, 0.785017, 0.783719, 0.783114, 0.783632, 0.785059, 0.785989]
[0.785601, 0.786023, 0.785127, 0.783834, 0.783231, 0.783749, 0.785167, 0.786091]
[0.785712, 0.786128, 0.785228, 0.78394, 0.78334, 0.783857, 0.785276, 0.786194]
[0.785824, 0.78624, 0.785342, 0.784055, 0.783459, 0.78398, 0.785395, 0.786307]
[0.785961, 0.786371, 0.785466, 0.784188, 0.783609, 0.784134, 0.785538, 0.786447]
[0.786085, 0.786498, 0.785605, 0.784331, 0.783747, 0.784267, 0.785662, 0.78657]
[0.786201, 0.786613, 0.785719, 0.784451, 0.783877, 0.784392, 0.785784, 0.786685]
[0.786341, 0.786741, 0.78585, 0.784592, 0.784029, 0.784555, 0.785934, 0.78683]
[0.786468, 0.786868, 0.785976, 0.784728, 0.784168, 0.78469, 0.786064, 0.78695]
[0.786588, 0.78698, 0.786091, 0.784851, 0.784298, 0.784823, 0.786191, 0.787075]
[0.786718, 0.7871, 0.786211, 0.784978, 0.78444, 0.784972, 0.786331, 0.787201]
[0.786846, 0.787212, 0.786313, 0.785081, 0.784559, 0.785107, 0.786464, 0.787316]
[0.78697, 0.787332, 0.786436, 0.785214, 0.784699, 0.785243, 0.786593, 0.787447]
[0.787099, 0.78748, 0.786606, 0.785395, 0.784857, 0.785375, 0.786723, 0.787588]
[0.787241, 0.787626, 0.786757, 0.785546, 0.785014, 0.785533, 0.786868, 0.787732]
[0.787426, 0.787795, 0.786916, 0.785717, 0.785203, 0.78573, 0.787061, 0.787912]
[0.787609, 0.787974, 0.787115, 0.785927, 0.785409, 0.785928, 0.787242, 0.788089]
[0.787786, 0.788154, 0.787303, 0.786125, 0.785605, 0.786109, 0.787426, 0.788267]
[0.787977, 0.78834, 0.787493, 0.78632, 0.785817, 0.786313, 0.787622, 0.788454]
[0.788154, 0.788518, 0.787675, 0.786511, 0.786008, 0.786501, 0.787799, 0.788634]
[0.788317, 0.788687, 0.787844, 0.786681, 0.786181, 0.786664, 0.787959, 0.788799]
[0.788483, 0.788846, 0.788016, 0.786868, 0.786366, 0.786849, 0.788135, 0.788961]
[0.788639, 0.789008, 0.78818, 0.787037, 0.786532, 0.787005, 0.788289, 0.789124]
[0.788822, 0.789199, 0.78838, 0.787238, 0.786729, 0.787196, 0.788467, 0.789305]
[0.788994, 0.789368, 0.788547, 0.787413, 0.786909, 0.787369, 0.788639, 0.789474]
[0.789155, 0.78953, 0.78871, 0.787574, 0.78707, 0.787538, 0.788796, 0.78963]
[0.789322, 0.7897, 0.788882, 0.787747, 0.787246, 0.787707, 0.788963, 0.789793]
[0.789479, 0.789856, 0.789038, 0.787902, 0.787402, 0.787865, 0.789121, 0.789956]
[0.789624, 0.79, 0.78918, 0.788037, 0.787541, 0.788009, 0.789267, 0.7901]
[0.789757, 0.790149, 0.789334, 0.788193, 0.787681, 0.788134, 0.789395, 0.790234]
[0.789899, 0.790285, 0.789471, 0.788323, 0.787816, 0.788271, 0.789537, 0.790373]
[0.790022, 0.79042, 0.789616, 0.788464, 0.787944, 0.788387, 0.789655, 0.790504]
[0.790152, 0.790549, 0.789744, 0.7886, 0.788086, 0.788529, 0.789783, 0.790632]
[0.790229, 0.790657, 0.789878, 0.788723, 0.788172, 0.788592, 0.789851, 0.790725]
[0.790297, 0.790756, 0.789971, 0.788777, 0.788192, 0.788616, 0.789918, 0.790829]
[0.790504, 0.790914, 0.790114, 0.788956, 0.78843, 0.78887, 0.790129, 0.790992]
[0.790655, 0.791028, 0.790203, 0.789056, 0.788558, 0.789028, 0.790278, 0.791105]
[0.790783, 0.791152, 0.790332, 0.789178, 0.788675, 0.789146, 0.79041, 0.79124]
[0.790905, 0.791272, 0.790448, 0.789288, 0.788779, 0.789253, 0.790526, 0.791358]
[0.791008, 0.791395, 0.79058, 0.789415, 0.788893, 0.789348, 0.790624, 0.791474]
[0.791134, 0.791507, 0.790678, 0.789512, 0.788998, 0.789478, 0.79076, 0.791592]
[0.791249, 0.791636, 0.790812, 0.789641, 0.789114, 0.789586, 0.790867, 0.791707]
[0.791378, 0.791761, 0.790933, 0.789759, 0.78923, 0.789705, 0.790999, 0.791843]
[0.791502, 0.791886, 0.791048, 0.789874, 0.789348, 0.789825, 0.791118, 0.791968]
[0.791629, 0.792027, 0.791205, 0.790024, 0.789492, 0.789953, 0.791242, 0.792103]
[0.791778, 0.79217, 0.791338, 0.790164, 0.789634, 0.7901, 0.791395, 0.792246]
[0.791936, 0.792319, 0.791483, 0.790314, 0.789787, 0.790266, 0.791558, 0.792397]
[0.792078, 0.792457, 0.791627, 0.790459, 0.789939, 0.790414, 0.791702, 0.792543]
[0.792242, 0.792606, 0.79176, 0.790587, 0.790084, 0.790586, 0.791872, 0.792702]
[0.792398, 0.79277, 0.791932, 0.790757, 0.790254, 0.790753, 0.792033, 0.792862]
[0.792558, 0.792924, 0.792069, 0.790898, 0.7904, 0.790904, 0.792193, 0.793018]
[0.792735, 0.793082, 0.792227, 0.791054, 0.790571, 0.79109, 0.792378, 0.793188]
[0.792914, 0.793248, 0.792387, 0.791212, 0.790742, 0.791272, 0.792553, 0.793354]
[0.793093, 0.79341, 0.792534, 0.791357, 0.790898, 0.791447, 0.792733, 0.793521]
[0.79328, 0.793612, 0.792744, 0.791569, 0.791087, 0.791617, 0.792914, 0.793711]
[0.793494, 0.793813, 0.792929, 0.791755, 0.791285, 0.791836, 0.79313, 0.793917]
[0.793708, 0.794017, 0.793127, 0.79195, 0.791489, 0.792046, 0.793343, 0.794121]
[0.793923, 0.794233, 0.793341, 0.792152, 0.791689, 0.792254, 0.793556, 0.794337]
[0.794136, 0.794437, 0.79353, 0.792335, 0.791883, 0.792459, 0.793764, 0.794543]
[0.794336, 0.794638, 0.793726, 0.792526, 0.792067, 0.79265, 0.793963, 0.794747]
[0.794533, 0.794837, 0.793919, 0.792716, 0.792251, 0.792837, 0.794154, 0.794938]
[0.794724, 0.795023, 0.794097, 0.792881, 0.792425, 0.793019, 0.794348, 0.79512]
[0.794918, 0.795216, 0.794285, 0.793071, 0.792607, 0.793205, 0.794537, 0.795317]
[0.795119, 0.795424, 0.794501, 0.793291, 0.792823, 0.793418, 0.794741, 0.795524]
[0.795311, 0.795604, 0.794672, 0.793463, 0.793007, 0.793614, 0.79494, 0.795713]
[0.795502, 0.795813, 0.794897, 0.793688, 0.793223, 0.793807, 0.795127, 0.79591]
[0.795683, 0.795986, 0.79507, 0.793866, 0.793409, 0.793998, 0.795315, 0.796086]
[0.795873, 0.796169, 0.795258, 0.794061, 0.793604, 0.794187, 0.795501, 0.796275]
[0.796052, 0.796358, 0.795463, 0.79427, 0.793803, 0.794376, 0.795685, 0.796463]
[0.796238, 0.796537, 0.795642, 0.794462, 0.793994, 0.794564, 0.795869, 0.796639]
[0.796427, 0.796716, 0.795815, 0.794635, 0.794185, 0.794771, 0.796068, 0.796831]
[0.796557, 0.796905, 0.796042, 0.794853, 0.79434, 0.794878, 0.796193, 0.797011]
[0.796725, 0.797085, 0.796223, 0.795019, 0.794503, 0.795039, 0.796366, 0.797199]
[0.796984, 0.797296, 0.796443, 0.795287, 0.794831, 0.795374, 0.796643, 0.797415]
[0.797215, 0.797511, 0.796649, 0.795519, 0.795091, 0.795636, 0.796885, 0.797633]
[0.797451, 0.797738, 0.79688, 0.795763, 0.79535, 0.795895, 0.797129, 0.797866]
[0.797702, 0.797981, 0.797134, 0.796034, 0.795632, 0.796174, 0.797383, 0.798115]
[0.797943, 0.798217, 0.79737, 0.796282, 0.79589, 0.796432, 0.797637, 0.798353]
[0.798185, 0.798456, 0.797621, 0.796547, 0.796162, 0.796693, 0.797881, 0.798589]
[0.798447, 0.798713, 0.797881, 0.796828, 0.796453, 0.796968, 0.798144, 0.798849]
[0.79873, 0.798986, 0.798163, 0.797118, 0.796741, 0.797263, 0.798428, 0.799117]
[0.799014, 0.79928, 0.798461, 0.797419, 0.797041, 0.79755, 0.798706, 0.799404]
[0.799272, 0.799548, 0.798747, 0.797706, 0.797314, 0.797804, 0.798958, 0.799668]
[0.799534, 0.799813, 0.799013, 0.797977, 0.797582, 0.798073, 0.79922, 0.799927]
[0.799779, 0.800058, 0.799268, 0.798235, 0.797834, 0.798321, 0.799462, 0.80017]
[0.800041, 0.800319, 0.799525, 0.798491, 0.798093, 0.798579, 0.799725, 0.800425]
[0.800302, 0.80058, 0.799787, 0.798749, 0.798345, 0.798828, 0.799981, 0.800692]
[0.800543, 0.800831, 0.800041, 0.798998, 0.79859, 0.799067, 0.80022, 0.800935]
[0.800782, 0.801068, 0.800279, 0.799231, 0.798821, 0.799296, 0.800458, 0.801174]
[0.801018, 0.801314, 0.80052, 0.799466, 0.799046, 0.799522, 0.800688, 0.80141]
[0.801245, 0.801537, 0.800737, 0.799677, 0.79926, 0.79974, 0.800912, 0.801637]
[0.801474, 0.801775, 0.80098, 0.799915, 0.799488, 0.799968, 0.801137, 0.801873]
[0.80171, 0.80201, 0.801211, 0.800155, 0.799725, 0.800199, 0.801369, 0.802097]
[0.801948, 0.80224, 0.801433, 0.800369, 0.799949, 0.800432, 0.801604, 0.802327]
[0.80217, 0.802455, 0.801645, 0.800581, 0.80016, 0.800657, 0.801827, 0.802551]
[0.802367, 0.802665, 0.801859, 0.800789, 0.800355, 0.800841, 0.802019, 0.802748]
[0.802569, 0.802864, 0.802056, 0.800979, 0.800552, 0.80104, 0.802218, 0.802953]
[0.802781, 0.803074, 0.802258, 0.80118, 0.800761, 0.80126, 0.802432, 0.803157]
[0.802991, 0.80327, 0.802453, 0.801374, 0.800964, 0.801471, 0.802642, 0.803358]
[0.803211, 0.803484, 0.802655, 0.801589, 0.801178, 0.80169, 0.802865, 0.803573]
[0.803426, 0.803698, 0.802875, 0.801806, 0.8014, 0.801913, 0.803083, 0.803795]
[0.803651, 0.803913, 0.803088, 0.802023, 0.801626, 0.802137, 0.803313, 0.804013]
[0.803874, 0.804132, 0.803303, 0.802237, 0.801843, 0.802362, 0.803534, 0.804228]
[0.804094, 0.804351, 0.803519, 0.802453, 0.80207, 0.802593, 0.803757, 0.804449]
[0.804305, 0.804569, 0.803739, 0.802675, 0.802283, 0.802802, 0.803968, 0.804664]
[0.804523, 0.804776, 0.803939, 0.802874, 0.802493, 0.803016, 0.804183, 0.804872]
[0.804719, 0.804984, 0.804158, 0.803093, 0.802702, 0.80322, 0.804385, 0.805079]
[0.804907, 0.805178, 0.804353, 0.803288, 0.80289, 0.803404, 0.80457, 0.805272]
[0.805038, 0.805345, 0.804502, 0.803378, 0.802933, 0.803468, 0.804705, 0.805457]
[0.805312, 0.805579, 0.804748, 0.803673, 0.803281, 0.803808, 0.80498, 0.80569]
[0.805536, 0.805768, 0.804927, 0.803875, 0.803525, 0.804066, 0.805224, 0.805887]
[0.805745, 0.805963, 0.805124, 0.804082, 0.803748, 0.804289, 0.80544, 0.806085]
[0.805958, 0.806167, 0.805316, 0.804288, 0.803963, 0.804519, 0.805656, 0.806294]
[0.806179, 0.806373, 0.805514, 0.804488, 0.804181, 0.80475, 0.805886, 0.806506]
[0.806386, 0.806564, 0.805702, 0.804688, 0.8044, 0.804975, 0.8061, 0.80671]
[0.806591, 0.806768, 0.805906, 0.804896, 0.804616, 0.805192, 0.806308, 0.806907]
[0.806801, 0.806979, 0.806133, 0.80513, 0.80485, 0.805411, 0.806519, 0.80712]
[0.807029, 0.807193, 0.80634, 0.805353, 0.805092, 0.805664, 0.806755, 0.807334]
[0.807265, 0.807418, 0.80657, 0.805593, 0.80534, 0.805912, 0.806993, 0.807564]
[0.807495, 0.807645, 0.806796, 0.805821, 0.805571, 0.806135, 0.807222, 0.807791]
[0.807714, 0.807863, 0.807007, 0.80604, 0.805798, 0.806358, 0.807444, 0.808012]
[0.807941, 0.808103, 0.807261, 0.806298, 0.80605, 0.806607, 0.807673, 0.808243]
[0.808162, 0.80833, 0.807514, 0.806553, 0.806294, 0.806832, 0.807895, 0.808468]
[0.808372, 0.808541, 0.807733, 0.806779, 0.806516, 0.807046, 0.808106, 0.808678]
[0.808586, 0.808768, 0.807969, 0.807024, 0.806755, 0.807269, 0.808314, 0.808895]
[0.808784, 0.808975, 0.80819, 0.807245, 0.806966, 0.807472, 0.808511, 0.809097]
[0.808972, 0.809162, 0.808378, 0.807441, 0.807158, 0.807658, 0.808696, 0.809292]
[0.809162, 0.809369, 0.808595, 0.80766, 0.807365, 0.807846, 0.808878, 0.809482]
[0.809343, 0.809555, 0.808795, 0.807859, 0.807554, 0.808022, 0.80906, 0.809667]
[0.809511, 0.809735, 0.80898, 0.808047, 0.807732, 0.808186, 0.80922, 0.809839]
[0.809682, 0.809907, 0.809158, 0.808223, 0.807904, 0.808361, 0.809391, 0.810015]
[0.809852, 0.810076, 0.809323, 0.808383, 0.808068, 0.808521, 0.809557, 0.810181]
[0.810025, 0.810252, 0.809497, 0.808555, 0.808239, 0.808699, 0.80973, 0.810358]
[0.81021, 0.810438, 0.809676, 0.808725, 0.808405, 0.808873, 0.809913, 0.81054]
[0.810387, 0.810622, 0.80987, 0.808921, 0.808588, 0.809043, 0.810086, 0.810723]
[0.81056, 0.810805, 0.810055, 0.809098, 0.808755, 0.8092, 0.810257, 0.810903]
[0.810733, 0.810985, 0.810236, 0.809276, 0.808921, 0.809369, 0.810427, 0.811076]
[0.810905, 0.811145, 0.810384, 0.809417, 0.809072, 0.809534, 0.810597, 0.811242]
[0.811085, 0.811324, 0.810557, 0.809579, 0.809231, 0.809702, 0.810776, 0.811426]
[0.811254, 0.811497, 0.810728, 0.809743, 0.809396, 0.809869, 0.81094, 0.811593]
[0.811422, 0.811662, 0.810888, 0.809907, 0.809556, 0.810027, 0.811106, 0.811759]
[0.811586, 0.81183, 0.811059, 0.810071, 0.809714, 0.810188, 0.811271, 0.811922]
[0.811735, 0.81198, 0.811207, 0.810218, 0.809859, 0.810332, 0.811417, 0.812074]
[0.811812, 0.812119, 0.811341, 0.810292, 0.809861, 0.810332, 0.811488, 0.812212]
[0.811966, 0.81227, 0.811482, 0.810415, 0.809977, 0.810466, 0.811647, 0.812376]
[0.812221, 0.812398, 0.811522, 0.810475, 0.810175, 0.810774, 0.811917, 0.812525]
[0.812345, 0.812496, 0.811615, 0.810584, 0.810316, 0.810928, 0.81205, 0.812631]
[0.812483, 0.812637, 0.811768, 0.810754, 0.810488, 0.811079, 0.812191, 0.81277]
[0.812627, 0.812762, 0.811875, 0.810862, 0.810614, 0.81123, 0.812344, 0.81291]
[0.812755, 0.812866, 0.811948, 0.810916, 0.810691, 0.811354, 0.812481, 0.813027]
[0.812909, 0.813014, 0.812105, 0.811089, 0.810865, 0.811527, 0.812635, 0.813171]
[0.813074, 0.813177, 0.812279, 0.811274, 0.811054, 0.811701, 0.812801, 0.813329]
[0.813214, 0.813303, 0.812387, 0.811373, 0.811171, 0.811838, 0.81295, 0.813471]
[0.813366, 0.813463, 0.812553, 0.811547, 0.811342, 0.811997, 0.8131, 0.81362]
[0.813481, 0.813545, 0.812596, 0.811572, 0.811393, 0.812093, 0.813212, 0.813716]
[0.813637, 0.813721, 0.812789, 0.811786, 0.811596, 0.812268, 0.813372, 0.813884]
[0.813769, 0.813847, 0.812914, 0.811908, 0.811728, 0.812399, 0.813499, 0.814008]
[0.813898, 0.813979, 0.813054, 0.812049, 0.811862, 0.812526, 0.813619, 0.814138]
[0.814032, 0.814108, 0.813178, 0.812174, 0.811986, 0.812655, 0.813756, 0.814266]
[0.81418, 0.814259, 0.813329, 0.812324, 0.812144, 0.81281, 0.813904, 0.814415]
[0.814324, 0.814405, 0.813488, 0.812488, 0.812299, 0.812957, 0.814048, 0.814559]
[0.814461, 0.81455, 0.813642, 0.812654, 0.812454, 0.8131, 0.814182, 0.814701]
[0.814584, 0.81467, 0.813762, 0.812762, 0.812568, 0.813217, 0.814304, 0.814817]
[0.814711, 0.814808, 0.813911, 0.81292, 0.81272, 0.813348, 0.814432, 0.814955]
[0.814839, 0.814944, 0.814061, 0.813077, 0.812869, 0.813486, 0.81456, 0.815085]
[0.814967, 0.815087, 0.814212, 0.813229, 0.813003, 0.813607, 0.814685, 0.815221]
[0.815089, 0.815202, 0.814321, 0.813332, 0.813108, 0.813729, 0.814814, 0.815341]
[0.815218, 0.815319, 0.814428, 0.81343, 0.813213, 0.81385, 0.814938, 0.815467]
[0.815394, 0.815524, 0.814675, 0.813704, 0.813465, 0.814054, 0.815112, 0.815658]
[0.815538, 0.815671, 0.814823, 0.813858, 0.813624, 0.814204, 0.815255, 0.815797]
[0.815699, 0.815831, 0.814993, 0.814036, 0.813803, 0.814366, 0.815414, 0.815959]
[0.815848, 0.815981, 0.815133, 0.81418, 0.813953, 0.814516, 0.815562, 0.816107]
[0.815992, 0.816127, 0.815293, 0.814344, 0.814113, 0.814667, 0.815704, 0.81625]
[0.816123, 0.816259, 0.815426, 0.814483, 0.81425, 0.814796, 0.815833, 0.816378]
[0.816257, 0.816401, 0.815585, 0.81465, 0.81441, 0.814945, 0.815975, 0.816518]
[0.816379, 0.816512, 0.815687, 0.814743, 0.814513, 0.815064, 0.816096, 0.816633]
[0.816505, 0.816627, 0.815782, 0.81483, 0.814614, 0.815187, 0.816222, 0.816748]
[0.816661, 0.816779, 0.815936, 0.814984, 0.814773, 0.815346, 0.816377, 0.816909]
[0.816795, 0.816899, 0.816037, 0.815082, 0.814882, 0.815477, 0.816516, 0.817035]
[0.816904, 0.816983, 0.816101, 0.815147, 0.814971, 0.815588, 0.816629, 0.817124]
[0.817103, 0.817261, 0.816468, 0.815546, 0.815297, 0.815807, 0.81682, 0.817371]
[0.81722, 0.817353, 0.816544, 0.815617, 0.815384, 0.815923, 0.816939, 0.817473]
[0.817208, 0.817244, 0.816299, 0.815298, 0.815152, 0.815854, 0.816935, 0.817401]
[0.817295, 0.817313, 0.816371, 0.815397, 0.815274, 0.81597, 0.817028, 0.817476]
[0.817376, 0.817384, 0.816422, 0.815428, 0.81531, 0.816034, 0.81711, 0.817556]
[0.817424, 0.817415, 0.816405, 0.815363, 0.815248, 0.816036, 0.817159, 0.817604]
[0.817577, 0.817586, 0.816625, 0.815635, 0.815519, 0.816244, 0.817315, 0.817759]
[0.817727, 0.817758, 0.816834, 0.815875, 0.815746, 0.816423, 0.817463, 0.817916]
[0.817883, 0.817924, 0.817013, 0.816059, 0.81592, 0.816581, 0.81762, 0.818082]
[0.817994, 0.818014, 0.817073, 0.816102, 0.815978, 0.816677, 0.817736, 0.818179]
[0.818084, 0.818077, 0.817095, 0.816097, 0.815998, 0.816746, 0.817832, 0.81826]
[0.818264, 0.818282, 0.817335, 0.81636, 0.81625, 0.816956, 0.818012, 0.81846]
[0.818452, 0.818497, 0.817594, 0.816645, 0.816518, 0.817171, 0.818203, 0.818657]
[0.818575, 0.818598, 0.817659, 0.816686, 0.816568, 0.817271, 0.818322, 0.818773]
[0.818706, 0.818732, 0.817797, 0.816825, 0.816704, 0.817402, 0.818454, 0.81891]
[0.818841, 0.81888, 0.817945, 0.816966, 0.816833, 0.817535, 0.818592, 0.819058]
[0.818923, 0.818938, 0.817953, 0.816934, 0.816812, 0.817569, 0.818674, 0.819132]
[0.819085, 0.819111, 0.81817, 0.81719, 0.817066, 0.81777, 0.81884, 0.819297]
[0.819211, 0.819256, 0.818316, 0.817323, 0.817179, 0.817882, 0.818959, 0.819435]
[0.819286, 0.819312, 0.818322, 0.817293, 0.817156, 0.817919, 0.81904, 0.819507]
[0.819447, 0.819491, 0.818567, 0.817591, 0.81745, 0.818136, 0.819202, 0.819674]
[0.819594, 0.819653, 0.818747, 0.817788, 0.817643, 0.818302, 0.819351, 0.819826]
[0.819737, 0.819795, 0.818886, 0.817918, 0.817768, 0.81843, 0.819489, 0.81997]
[0.81985, 0.819903, 0.818979, 0.817991, 0.817837, 0.818529, 0.819602, 0.820081]
[0.819919, 0.819934, 0.81896, 0.817949, 0.817823, 0.818578, 0.81968, 0.820134]
[0.820049, 0.82008, 0.819125, 0.818116, 0.817981, 0.818713, 0.819812, 0.820274]
[0.820199, 0.820261, 0.81935, 0.818371, 0.818212, 0.818896, 0.81996, 0.820441]
[0.820328, 0.820398, 0.819494, 0.818516, 0.818356, 0.819029, 0.820091, 0.820571]
[0.820467, 0.820537, 0.819632, 0.818654, 0.818491, 0.819161, 0.820226, 0.820716]
[0.82063, 0.820712, 0.819816, 0.81884, 0.818669, 0.819324, 0.820386, 0.820882]
[0.820761, 0.820829, 0.819911, 0.81892, 0.818744, 0.819429, 0.820513, 0.821003]
[0.820904, 0.820967, 0.820029, 0.81901, 0.81884, 0.819546, 0.820651, 0.821149]
[0.821065, 0.821116, 0.820171, 0.819151, 0.818985, 0.819704, 0.82082, 0.821303]
[0.82128, 0.821353, 0.820456, 0.81948, 0.81931, 0.819966, 0.821028, 0.821515]
[0.821504, 0.821594, 0.82073, 0.819781, 0.819604, 0.820216, 0.821248, 0.821745]
[0.821704, 0.821789, 0.820923, 0.819978, 0.8198, 0.820415, 0.821446, 0.821938]
[0.821912, 0.822182, 0.821438, 0.820466, 0.820089, 0.820548, 0.821627, 0.822284]
[0.822122, 0.822373, 0.821638, 0.820684, 0.82033, 0.820781, 0.821833, 0.822464]
[0.822381, 0.822508, 0.821683, 0.820741, 0.820516, 0.821083, 0.822109, 0.822634]
[0.822533, 0.822632, 0.821794, 0.820862, 0.820672, 0.821253, 0.822267, 0.82276]
[0.822718, 0.822823, 0.821999, 0.821091, 0.820901, 0.821466, 0.822455, 0.822949]
[0.822928, 0.823033, 0.822219, 0.821319, 0.82113, 0.821686, 0.822668, 0.823162]
[0.823112, 0.823182, 0.822329, 0.821414, 0.821255, 0.821857, 0.82285, 0.82332]
[0.823297, 0.823343, 0.822472, 0.821554, 0.821411, 0.822038, 0.823046, 0.82349]
[0.823498, 0.823555, 0.822709, 0.821809, 0.821656, 0.822262, 0.823247, 0.823701]
[0.823662, 0.823707, 0.822838, 0.821928, 0.82179, 0.822415, 0.823411, 0.823858]
[0.823818, 0.823878, 0.823018, 0.822106, 0.821966, 0.822585, 0.82357, 0.824022]
[0.823966, 0.824027, 0.823175, 0.822263, 0.82212, 0.822732, 0.823717, 0.824175]
[0.824115, 0.824184, 0.82335, 0.822447, 0.822288, 0.822881, 0.823862, 0.824331]
[0.824245, 0.824305, 0.82346, 0.822558, 0.822409, 0.823014, 0.823994, 0.82445]
[0.824351, 0.824383, 0.823509, 0.822602, 0.822482, 0.823123, 0.824107, 0.824534]
[0.824481, 0.824533, 0.823686, 0.822799, 0.822659, 0.823261, 0.824235, 0.824677]
[0.824603, 0.824667, 0.823832, 0.822954, 0.822811, 0.823396, 0.824358, 0.824809]
[0.824712, 0.82475, 0.823892, 0.823001, 0.822879, 0.823498, 0.824468, 0.824898]
[0.82482, 0.824848, 0.823984, 0.823097, 0.822989, 0.823608, 0.824582, 0.825007]
[0.824952, 0.825003, 0.824166, 0.823292, 0.823162, 0.823752, 0.82471, 0.82515]
[0.825053, 0.825103, 0.824276, 0.823399, 0.823266, 0.823856, 0.824813, 0.825253]
[0.825142, 0.825193, 0.824352, 0.82347, 0.82334, 0.823935, 0.824904, 0.825343]
[0.825247, 0.8253, 0.824462, 0.823574, 0.823438, 0.824032, 0.825003, 0.825448]
[0.825358, 0.825402, 0.824565, 0.823683, 0.823546, 0.824147, 0.825113, 0.825553]
[0.825473, 0.825518, 0.824671, 0.823788, 0.823659, 0.824267, 0.825228, 0.825663]
[0.825614, 0.825673, 0.824848, 0.823979, 0.823839, 0.824413, 0.825365, 0.825812]
[0.825729, 0.825783, 0.82495, 0.824073, 0.823937, 0.824527, 0.825483, 0.825926]
[0.825851, 0.825917, 0.825103, 0.824236, 0.824089, 0.824658, 0.825606, 0.826057]
[0.825979, 0.826057, 0.825255, 0.824387, 0.824226, 0.824778, 0.825722, 0.82619]
[0.826101, 0.826176, 0.825371, 0.824501, 0.824338, 0.824902, 0.825853, 0.826314]
[0.826229, 0.82631, 0.825517, 0.824651, 0.824493, 0.825043, 0.825983, 0.826446]
[0.826379, 0.826476, 0.825698, 0.82484, 0.824662, 0.825194, 0.826131, 0.826601]
[0.826516, 0.82662, 0.825843, 0.824983, 0.824802, 0.82533, 0.82627, 0.826749]
[0.826651, 0.826771, 0.826, 0.825135, 0.824937, 0.82546, 0.8264, 0.826892]
[0.826795, 0.826921, 0.826161, 0.825296, 0.825095, 0.825603, 0.826546, 0.827045]
[0.826918, 0.827045, 0.826293, 0.82543, 0.825225, 0.825729, 0.826664, 0.827166]
[0.827046, 0.827187, 0.826439, 0.825581, 0.825361, 0.825857, 0.826792, 0.827303]
[0.82705, 0.827328, 0.826631, 0.825691, 0.825319, 0.825742, 0.826783, 0.827442]
[0.827302, 0.827541, 0.826856, 0.825969, 0.825644, 0.826059, 0.827034, 0.827634]
[0.827449, 0.827584, 0.826796, 0.825882, 0.825654, 0.8262, 0.827191, 0.827707]
[0.827586, 0.827753, 0.827024, 0.826152, 0.825907, 0.826379, 0.827328, 0.827861]
[0.827697, 0.827838, 0.827068, 0.826174, 0.825944, 0.826466, 0.827434, 0.827951]
[0.827835, 0.827973, 0.827205, 0.826322, 0.826105, 0.826622, 0.827575, 0.828087]
[0.827966, 0.828097, 0.827323, 0.826428, 0.826216, 0.826736, 0.827706, 0.828214]
[0.828112, 0.828258, 0.827508, 0.826632, 0.8264, 0.8269, 0.827848, 0.828366]
[0.828258, 0.82841, 0.827672, 0.826802, 0.82656, 0.827041, 0.827988, 0.828509]
[0.82838, 0.828525, 0.827771, 0.826895, 0.826656, 0.827159, 0.828113, 0.82863]
[0.828502, 0.828636, 0.827876, 0.826993, 0.826766, 0.827275, 0.828233, 0.828744]
[0.828635, 0.828775, 0.828016, 0.827137, 0.826907, 0.82741, 0.828368, 0.828882]
[0.828782, 0.828919, 0.828162, 0.827289, 0.827062, 0.827567, 0.828514, 0.829024]
[0.828919, 0.829038, 0.828259, 0.827377, 0.827173, 0.827704, 0.828655, 0.82915]
[0.829051, 0.829157, 0.828362, 0.82747, 0.827282, 0.827834, 0.82879, 0.829274]
[0.829186, 0.82928, 0.828473, 0.827577, 0.827397, 0.827963, 0.828928, 0.829398]
[0.829339, 0.829432, 0.828637, 0.827748, 0.827569, 0.828131, 0.829079, 0.829553]
[0.829475, 0.829551, 0.828736, 0.827855, 0.827696, 0.828274, 0.829227, 0.829676]
[0.829624, 0.829703, 0.828902, 0.828026, 0.827869, 0.828436, 0.829379, 0.829827]
[0.829747, 0.829795, 0.828956, 0.828062, 0.827927, 0.828543, 0.8295, 0.82993]
[0.829891, 0.82994, 0.829124, 0.828254, 0.828117, 0.82871, 0.829646, 0.830073]
[0.830024, 0.830062, 0.829225, 0.828349, 0.828219, 0.82883, 0.829776, 0.830196]
[0.830161, 0.830192, 0.829363, 0.828501, 0.828379, 0.828986, 0.829919, 0.830323]
[0.830296, 0.830325, 0.829497, 0.828636, 0.828519, 0.829121, 0.830056, 0.830455]
[0.830414, 0.830448, 0.829625, 0.828767, 0.828647, 0.829241, 0.830168, 0.830579]
[0.830519, 0.830537, 0.829686, 0.828801, 0.828691, 0.829318, 0.83027, 0.83067]
[0.830655, 0.830682, 0.82985, 0.82899, 0.828871, 0.829475, 0.830409, 0.830812]
[0.830772, 0.830806, 0.829978, 0.829121, 0.829, 0.829593, 0.830524, 0.83093]
[0.830863, 0.830891, 0.830059, 0.8292, 0.829082, 0.829685, 0.830615, 0.83102]
[0.830972, 0.83101, 0.83019, 0.829333, 0.829211, 0.829801, 0.830724, 0.831138]
[0.831084, 0.83113, 0.830313, 0.829461, 0.829332, 0.829905, 0.830837, 0.831255]
[0.831193, 0.831246, 0.830435, 0.82958, 0.829437, 0.83001, 0.830944, 0.831371]
[0.831288, 0.831332, 0.830506, 0.829641, 0.82951, 0.830105, 0.831042, 0.831459]
[0.831376, 0.831412, 0.830572, 0.829692, 0.829572, 0.830184, 0.831132, 0.831544]
[0.831468, 0.831505, 0.830665, 0.829785, 0.829664, 0.830273, 0.831218, 0.831638]
[0.831547, 0.831698, 0.830943, 0.830061, 0.82982, 0.830319, 0.831282, 0.831797]
[0.83158, 0.831748, 0.830966, 0.830023, 0.829745, 0.830282, 0.831311, 0.831864]
[0.831731, 0.831854, 0.831081, 0.830195, 0.829966, 0.830494, 0.831464, 0.831969]
[0.831795, 0.831918, 0.831153, 0.830273, 0.830051, 0.830576, 0.831537, 0.832028]
[0.83185, 0.831978, 0.831215, 0.830338, 0.830111, 0.830627, 0.831586, 0.832083]
[0.831917, 0.832047, 0.831284, 0.830403, 0.830173, 0.83069, 0.831651, 0.832152]
[0.832004, 0.832135, 0.831373, 0.830497, 0.830271, 0.830787, 0.831739, 0.832238]
[0.832093, 0.83222, 0.831463, 0.830587, 0.830357, 0.830873, 0.831828, 0.832332]
[0.832184, 0.832312, 0.831552, 0.830678, 0.830449, 0.830964, 0.831925, 0.83242]
[0.832279, 0.832407, 0.831652, 0.830777, 0.830546, 0.831061, 0.832022, 0.832518]
[0.832392, 0.832514, 0.831758, 0.830882, 0.830659, 0.831175, 0.832138, 0.832633]
[0.832487, 0.832615, 0.831858, 0.830985, 0.830761, 0.831278, 0.832235, 0.832728]
[0.832593, 0.832724, 0.831967, 0.831093, 0.830861, 0.831378, 0.832336, 0.832837]
[0.832701, 0.832836, 0.832082, 0.831202, 0.830968, 0.831488, 0.832449, 0.83295]
[0.832826, 0.832956, 0.832192, 0.831304, 0.831078, 0.831611, 0.832577, 0.833077]
[0.832941, 0.833073, 0.832304, 0.831414, 0.831183, 0.831716, 0.832686, 0.833191]
[0.833067, 0.833191, 0.832415, 0.831525, 0.831306, 0.831842, 0.832819, 0.833314]
[0.833188, 0.833311, 0.832534, 0.831634, 0.831414, 0.831963, 0.832941, 0.833434]
[0.833307, 0.833434, 0.832656, 0.831758, 0.831533, 0.832074, 0.833056, 0.833555]
[0.833422, 0.833552, 0.832772, 0.831868, 0.83164, 0.832188, 0.833172, 0.83367]
[0.833533, 0.83366, 0.832887, 0.831982, 0.831745, 0.832295, 0.833282, 0.833784]
[0.833629, 0.833772, 0.833002, 0.832089, 0.831842, 0.832386, 0.833378, 0.833886]
[0.833728, 0.833879, 0.833114, 0.8322, 0.831946, 0.832486, 0.833477, 0.83399]
[0.833849, 0.833996, 0.833226, 0.832317, 0.832067, 0.832609, 0.833603, 0.834113]
[0.833968, 0.834114, 0.83334, 0.832426, 0.832178, 0.832718, 0.833718, 0.834233]
[0.834084, 0.834224, 0.833452, 0.832541, 0.832296, 0.832833, 0.833831, 0.834345]
[0.834188, 0.834334, 0.833561, 0.832654, 0.83241, 0.83294, 0.833931, 0.834456]
[0.834281, 0.834431, 0.833661, 0.832752, 0.8325, 0.833026, 0.834021, 0.834548]
[0.834383, 0.834527, 0.833753, 0.832843, 0.8326, 0.833133, 0.834127, 0.834649]
[0.834463, 0.834619, 0.833846, 0.832938, 0.832683, 0.833208, 0.834204, 0.834734]
[0.83456, 0.834714, 0.833947, 0.833033, 0.832779, 0.833302, 0.834302, 0.83483]
[0.834659, 0.834817, 0.834052, 0.833136, 0.832879, 0.833399, 0.8344, 0.834934]
[0.834754, 0.834916, 0.834152, 0.833232, 0.832971, 0.833491, 0.834494, 0.835029]
[0.834887, 0.835041, 0.83427, 0.833354, 0.833101, 0.833637, 0.83463, 0.835158]
[0.835027, 0.835191, 0.83443, 0.833517, 0.833256, 0.833778, 0.834768, 0.835303]
[0.835164, 0.83533, 0.834572, 0.833665, 0.8334, 0.833922, 0.834901, 0.835438]
[0.835248, 0.835438, 0.834692, 0.833763, 0.83347, 0.833978, 0.834982, 0.835544]
[0.835337, 0.835546, 0.834773, 0.833799, 0.833487, 0.834022, 0.83508, 0.835667]
[0.835548, 0.835722, 0.834967, 0.834043, 0.833776, 0.834295, 0.835288, 0.835827]
[0.83569, 0.835852, 0.835099, 0.834193, 0.833942, 0.834455, 0.835429, 0.835958]
[0.835815, 0.835966, 0.83521, 0.834321, 0.834081, 0.83459, 0.835555, 0.836075]
[0.835923, 0.836077, 0.835329, 0.834442, 0.834195, 0.834702, 0.835663, 0.83618]
[0.836069, 0.836215, 0.83547, 0.834592, 0.834349, 0.834852, 0.835814, 0.836324]
[0.836204, 0.836353, 0.83561, 0.834726, 0.834476, 0.834983, 0.835948, 0.836456]
[0.83634, 0.836482, 0.835737, 0.834862, 0.834621, 0.835123, 0.836088, 0.836592]
[0.836456, 0.836596, 0.835853, 0.834985, 0.83474, 0.835244, 0.836202, 0.836707]
[0.836571, 0.83671, 0.835962, 0.835089, 0.834852, 0.835364, 0.836319, 0.836826]
[0.836673, 0.836823, 0.836075, 0.835202, 0.834958, 0.83546, 0.836418, 0.83693]
[0.836793, 0.836938, 0.836193, 0.835319, 0.835077, 0.83558, 0.836536, 0.837053]
[0.836913, 0.837054, 0.836309, 0.835435, 0.835204, 0.835712, 0.836661, 0.837166]
[0.837025, 0.837161, 0.836416, 0.835547, 0.83532, 0.835824, 0.836773, 0.837277]
[0.837129, 0.837263, 0.836513, 0.835644, 0.835413, 0.835929, 0.836878, 0.837375]
[0.837238, 0.837363, 0.836607, 0.835739, 0.835516, 0.836037, 0.836988, 0.837481]
[0.837341, 0.837467, 0.836715, 0.835841, 0.835617, 0.836136, 0.837093, 0.837585]
[0.837452, 0.837582, 0.836831, 0.835958, 0.835729, 0.836246, 0.837203, 0.837697]
[0.837569, 0.837693, 0.836936, 0.836061, 0.835841, 0.836363, 0.837318, 0.83781]
[0.837692, 0.837811, 0.837048, 0.836176, 0.835964, 0.836487, 0.837444, 0.837924]
[0.8378, 0.837916, 0.837152, 0.836281, 0.836063, 0.836597, 0.837551, 0.838032]
[0.837907, 0.838014, 0.837243, 0.83637, 0.836166, 0.836706, 0.837661, 0.838131]
[0.838004, 0.83812, 0.837357, 0.836482, 0.836269, 0.836795, 0.837751, 0.838236]
[0.838109, 0.838222, 0.837455, 0.836577, 0.836357, 0.836896, 0.837853, 0.838337]
[0.83821, 0.838327, 0.837558, 0.836671, 0.836454, 0.836991, 0.837954, 0.838443]
[0.838321, 0.838435, 0.837668, 0.836785, 0.836569, 0.837103, 0.838063, 0.838549]
[0.838425, 0.838534, 0.837762, 0.836883, 0.83667, 0.837206, 0.838167, 0.838649]
[0.838529, 0.838648, 0.837887, 0.837011, 0.836786, 0.837314, 0.838272, 0.838762]
[0.838633, 0.838761, 0.838003, 0.837128, 0.8369, 0.837422, 0.838377, 0.83887]
[0.83875, 0.838882, 0.838127, 0.837254, 0.837023, 0.837542, 0.838498, 0.838986]
[0.838865, 0.838992, 0.838238, 0.837367, 0.837138, 0.837658, 0.838606, 0.839098]
[0.838973, 0.839093, 0.838332, 0.837461, 0.837241, 0.837769, 0.83872, 0.839202]
[0.839069, 0.839196, 0.838451, 0.837584, 0.837356, 0.837868, 0.838815, 0.839304]
[0.839154, 0.839289, 0.838549, 0.837678, 0.837443, 0.837947, 0.838898, 0.839394]
[0.839238, 0.839376, 0.838638, 0.837769, 0.837537, 0.83804, 0.838982, 0.839477]
[0.839336, 0.839478, 0.838742, 0.837875, 0.837632, 0.838133, 0.83908, 0.839585]
[0.839434, 0.839576, 0.83884, 0.837977, 0.837734, 0.838233, 0.839177, 0.839677]
[0.839449, 0.839632, 0.838886, 0.837969, 0.837675, 0.838184, 0.83919, 0.839745]
[0.839539, 0.83972, 0.838981, 0.838073, 0.837789, 0.838293, 0.839288, 0.839835]
[0.839677, 0.839818, 0.839075, 0.838204, 0.837969, 0.838481, 0.839428, 0.839929]
[0.83976, 0.839898, 0.839165, 0.838307, 0.838082, 0.83858, 0.839509, 0.840004]
[0.839836, 0.839973, 0.839244, 0.838391, 0.838172, 0.838668, 0.839592, 0.84008]
[0.839915, 0.840047, 0.839325, 0.838482, 0.83826, 0.838749, 0.839671, 0.840163]
[0.839991, 0.840122, 0.839394, 0.838558, 0.838341, 0.838836, 0.839751, 0.840232]
[0.840063, 0.840191, 0.839469, 0.838636, 0.838418, 0.838913, 0.839823, 0.840303]
[0.840148, 0.840285, 0.83957, 0.838737, 0.838511, 0.838994, 0.839911, 0.840396]
[0.840236, 0.840372, 0.839659, 0.83883, 0.838606, 0.839085, 0.839999, 0.840481]
[0.840329, 0.840456, 0.839737, 0.838909, 0.838695, 0.839179, 0.840093, 0.84057]
[0.840425, 0.840554, 0.839843, 0.839022, 0.838808, 0.839284, 0.840191, 0.840667]
[0.840522, 0.840644, 0.839933, 0.839115, 0.838912, 0.839399, 0.840294, 0.840758]
[0.840621, 0.840744, 0.840041, 0.839229, 0.839023, 0.839502, 0.840395, 0.840866]
[0.840706, 0.840821, 0.840105, 0.839293, 0.839095, 0.839583, 0.840477, 0.840937]
[0.84079, 0.840905, 0.84019, 0.839372, 0.839175, 0.839672, 0.840565, 0.841027]
[0.840867, 0.840987, 0.840278, 0.839465, 0.839255, 0.839741, 0.84064, 0.841106]
[0.840949, 0.841074, 0.840367, 0.839557, 0.83935, 0.83983, 0.840725, 0.841195]
[0.841031, 0.841149, 0.840438, 0.839626, 0.839417, 0.839904, 0.840801, 0.841266]
[0.841101, 0.84122, 0.840517, 0.839703, 0.839499, 0.839975, 0.840874, 0.841342]
[0.841173, 0.84129, 0.840585, 0.839775, 0.839566, 0.840047, 0.840943, 0.841406]
[0.841238, 0.841358, 0.840658, 0.839846, 0.839644, 0.840129, 0.841009, 0.841474]
[0.841309, 0.841433, 0.840726, 0.839915, 0.839711, 0.840194, 0.841079, 0.841539]
[0.841378, 0.84149, 0.840779, 0.839969, 0.839777, 0.840268, 0.841152, 0.841604]
[0.841443, 0.841553, 0.840844, 0.840036, 0.839844, 0.840333, 0.841222, 0.841672]
[0.841508, 0.841613, 0.840896, 0.840088, 0.839898, 0.840391, 0.841281, 0.841728]
[0.841578, 0.841687, 0.840974, 0.840164, 0.839969, 0.84046, 0.84135, 0.841804]
[0.841645, 0.841749, 0.841032, 0.840225, 0.840034, 0.840527, 0.841421, 0.841867]
[0.841712, 0.841819, 0.841102, 0.840296, 0.840097, 0.840588, 0.841481, 0.841935]
[0.841782, 0.841884, 0.841172, 0.84036, 0.84017, 0.840666, 0.841554, 0.842002]
[0.841852, 0.841961, 0.841249, 0.840446, 0.840248, 0.840742, 0.841624, 0.842077]
[0.841944, 0.842049, 0.841331, 0.840523, 0.840335, 0.840832, 0.841716, 0.842163]
[0.842042, 0.842138, 0.841415, 0.840605, 0.840425, 0.840929, 0.841813, 0.842255]
[0.842136, 0.842233, 0.841513, 0.840704, 0.840522, 0.841024, 0.841909, 0.842349]
[0.842233, 0.842329, 0.841607, 0.840797, 0.840616, 0.841117, 0.842004, 0.842446]
[0.84232, 0.842421, 0.841704, 0.840904, 0.840713, 0.84121, 0.842094, 0.842532]
[0.842391, 0.842507, 0.841798, 0.840982, 0.840775, 0.841262, 0.842155, 0.842616]
[0.8424, 0.84255, 0.841816, 0.840935, 0.840686, 0.841202, 0.842167, 0.842677]
[0.842537, 0.842663, 0.841944, 0.841115, 0.840897, 0.841397, 0.842305, 0.842773]
[0.842632, 0.842731, 0.842012, 0.841205, 0.841019, 0.841521, 0.842404, 0.842844]
[0.842702, 0.842792, 0.842075, 0.841282, 0.841106, 0.841605, 0.842476, 0.842908]
[0.842782, 0.842875, 0.84216, 0.841363, 0.841188, 0.841684, 0.842555, 0.842984]
[0.842851, 0.842949, 0.842244, 0.841446, 0.841265, 0.841754, 0.842622, 0.843065]
[0.842919, 0.843017, 0.842305, 0.84151, 0.841333, 0.841828, 0.842696, 0.843127]
[0.842985, 0.843086, 0.842376, 0.841573, 0.841393, 0.841884, 0.842758, 0.843201]
[0.84305, 0.843145, 0.842428, 0.841628, 0.84145, 0.841946, 0.842824, 0.843259]
[0.84312, 0.84322, 0.842502, 0.841694, 0.841512, 0.842011, 0.842895, 0.843336]
[0.843185, 0.843291, 0.842575, 0.841766, 0.841571, 0.84207, 0.842959, 0.843405]
[0.843243, 0.843354, 0.842637, 0.841826, 0.841631, 0.842129, 0.84302, 0.843468]
[0.84331, 0.843413, 0.842692, 0.841883, 0.841693, 0.842198, 0.843087, 0.843529]
[0.843371, 0.843472, 0.842748, 0.841934, 0.841744, 0.842253, 0.843143, 0.843593]
[0.843432, 0.843533, 0.842814, 0.842003, 0.841808, 0.842313, 0.843211, 0.843653]
[0.843496, 0.843599, 0.842875, 0.842052, 0.841864, 0.842377, 0.84327, 0.843719]
[0.843567, 0.843669, 0.842946, 0.842127, 0.841935, 0.842446, 0.843343, 0.843787]
[0.843646, 0.843745, 0.843017, 0.8422, 0.842011, 0.842526, 0.843421, 0.84386]
[0.843742, 0.843838, 0.84311, 0.842296, 0.842109, 0.84262, 0.843521, 0.843957]
[0.843839, 0.843934, 0.843202, 0.842387, 0.8422, 0.842715, 0.843619, 0.844055]
[0.84393, 0.84403, 0.843304, 0.842488, 0.842296, 0.842801, 0.843702, 0.84415]
[0.844025, 0.84412, 0.843398, 0.842579, 0.842388, 0.842898, 0.843796, 0.844236]
[0.844122, 0.844226, 0.84351, 0.842698, 0.842501, 0.843005, 0.843895, 0.844338]
[0.844233, 0.844345, 0.843632, 0.842821, 0.842617, 0.843114, 0.844004, 0.844455]
[0.844348, 0.84446, 0.843753, 0.842938, 0.842739, 0.843232, 0.844121, 0.844576]
[0.844471, 0.844576, 0.843872, 0.843063, 0.842865, 0.843359, 0.844244, 0.84469]
[0.84458, 0.844692, 0.843991, 0.843184, 0.842983, 0.84347, 0.844354, 0.844805]
[0.844678, 0.844789, 0.84409, 0.843286, 0.84309, 0.843578, 0.844453, 0.844904]
[0.844771, 0.844891, 0.844194, 0.843396, 0.843188, 0.84367, 0.844545, 0.844999]
[0.844855, 0.844976, 0.844286, 0.84349, 0.84328, 0.843754, 0.844629, 0.845084]
[0.84494, 0.845065, 0.84438, 0.843581, 0.843366, 0.843835, 0.844711, 0.845175]
[0.845026, 0.845156, 0.844473, 0.843673, 0.843449, 0.843914, 0.844793, 0.84526]
[0.845114, 0.845248, 0.844566, 0.843761, 0.843539, 0.844005, 0.844882, 0.845352]
[0.845201, 0.845338, 0.844654, 0.843849, 0.843623, 0.844089, 0.84497, 0.845438]
[0.845303, 0.845428, 0.844744, 0.843942, 0.84373, 0.844196, 0.845074, 0.845536]
[0.845395, 0.845526, 0.844842, 0.844041, 0.84383, 0.844297, 0.845168, 0.845633]
[0.845416, 0.845597, 0.844908, 0.84405, 0.843768, 0.844242, 0.845186, 0.845712]
[0.845559, 0.845732, 0.84506, 0.844225, 0.843952, 0.844409, 0.845321, 0.845834]
[0.84574, 0.845868, 0.845178, 0.844372, 0.844149, 0.844624, 0.845509, 0.845972]
[0.845851, 0.845983, 0.8453, 0.844498, 0.84428, 0.844745, 0.845622, 0.846085]
[0.845954, 0.846088, 0.84541, 0.844605, 0.844383, 0.844845, 0.845723, 0.846189]
[0.846053, 0.846188, 0.845516, 0.844718, 0.844488, 0.84494, 0.845815, 0.846284]
[0.846156, 0.846293, 0.845613, 0.844812, 0.844587, 0.845044, 0.845922, 0.846386]
[0.846269, 0.846389, 0.845706, 0.844903, 0.844686, 0.845158, 0.846038, 0.846493]
[0.846382, 0.846501, 0.84581, 0.845007, 0.844794, 0.845275, 0.846152, 0.846604]
[0.846482, 0.846597, 0.845891, 0.845085, 0.844878, 0.845369, 0.846252, 0.846703]
[0.846578, 0.846706, 0.846015, 0.845204, 0.844985, 0.845461, 0.846348, 0.846808]
[0.846669, 0.846799, 0.846109, 0.845298, 0.845074, 0.845553, 0.846434, 0.846899]
[0.846762, 0.846889, 0.846194, 0.845384, 0.845165, 0.845644, 0.846529, 0.846987]
[0.846853, 0.846986, 0.846292, 0.845478, 0.845256, 0.845734, 0.846619, 0.847085]
[0.84694, 0.847068, 0.846374, 0.845561, 0.845342, 0.84582, 0.846707, 0.847166]
[0.847037, 0.847163, 0.846465, 0.845651, 0.845432, 0.845916, 0.846806, 0.847264]
[0.84714, 0.847265, 0.846568, 0.845759, 0.845546, 0.846028, 0.846913, 0.847367]
[0.847229, 0.847351, 0.846653, 0.845841, 0.845628, 0.846113, 0.846993, 0.847452]
[0.847316, 0.847437, 0.846738, 0.845923, 0.845715, 0.846199, 0.847087, 0.84754]
[0.847404, 0.847531, 0.846835, 0.846023, 0.845807, 0.846282, 0.847168, 0.847631]
[0.8475, 0.847623, 0.846924, 0.846104, 0.845886, 0.846373, 0.847266, 0.847726]
[0.847593, 0.847721, 0.847027, 0.846206, 0.845984, 0.846467, 0.847356, 0.847819]
[0.847685, 0.847809, 0.847107, 0.846286, 0.846071, 0.846561, 0.84745, 0.847903]
[0.847787, 0.847907, 0.847201, 0.846378, 0.846166, 0.846661, 0.847551, 0.848007]
[0.847906, 0.848022, 0.847312, 0.846499, 0.84629, 0.84678, 0.847667, 0.84812]
[0.848011, 0.848131, 0.847433, 0.846622, 0.846411, 0.846889, 0.84777, 0.848225]
[0.848112, 0.848234, 0.847536, 0.846729, 0.846521, 0.846997, 0.847877, 0.848328]
[0.848204, 0.848321, 0.847625, 0.846819, 0.846611, 0.84709, 0.847968, 0.848416]
[0.848296, 0.848419, 0.847734, 0.846926, 0.846713, 0.847187, 0.848061, 0.848517]
[0.848382, 0.848503, 0.847813, 0.847009, 0.846794, 0.847268, 0.84814, 0.848589]
[0.848463, 0.848582, 0.847892, 0.847092, 0.846878, 0.847352, 0.848222, 0.84867]
[0.848542, 0.848653, 0.847949, 0.847144, 0.84694, 0.847427, 0.848303, 0.848748]
[0.848618, 0.848732, 0.848029, 0.847228, 0.847018, 0.847496, 0.848374, 0.848818]
[0.848695, 0.848801, 0.848096, 0.84729, 0.847085, 0.847569, 0.848454, 0.848894]
[0.84877, 0.848877, 0.848174, 0.847366, 0.847161, 0.847653, 0.848527, 0.848969]
[0.84882, 0.848969, 0.848289, 0.847467, 0.847216, 0.847675, 0.848568, 0.84905]
[0.848831, 0.848998, 0.848289, 0.847403, 0.847121, 0.847618, 0.848585, 0.849097]
[0.848948, 0.849093, 0.848397, 0.847565, 0.847321, 0.847796, 0.848701, 0.849179]
[0.84903, 0.849155, 0.848466, 0.847646, 0.847418, 0.847891, 0.84878, 0.849244]
[0.849103, 0.849225, 0.848534, 0.847718, 0.847494, 0.84797, 0.848852, 0.849309]
[0.849169, 0.849296, 0.84861, 0.8478, 0.847572, 0.848038, 0.848918, 0.849375]
[0.849238, 0.849367, 0.84868, 0.847869, 0.847643, 0.848113, 0.848983, 0.849445]
[0.849332, 0.849458, 0.84877, 0.847959, 0.847729, 0.848198, 0.849074, 0.849534]
[0.849423, 0.84955, 0.848864, 0.848053, 0.847821, 0.848286, 0.849163, 0.849623]
[0.849509, 0.849643, 0.84896, 0.848151, 0.847916, 0.848375, 0.849253, 0.849713]
[0.849606, 0.84974, 0.84905, 0.848237, 0.848001, 0.848464, 0.849347, 0.849812]
[0.849698, 0.849831, 0.849144, 0.848328, 0.848092, 0.848552, 0.849438, 0.849902]
[0.849801, 0.849939, 0.849252, 0.848435, 0.848196, 0.848656, 0.849542, 0.850012]
[0.849916, 0.850053, 0.849359, 0.848534, 0.848297, 0.848767, 0.849653, 0.850124]
[0.850025, 0.850167, 0.84948, 0.848649, 0.848407, 0.848864, 0.849759, 0.850234]
[0.850155, 0.850297, 0.849606, 0.848771, 0.848526, 0.848991, 0.849889, 0.850367]
[0.850282, 0.850423, 0.849731, 0.84889, 0.84864, 0.849113, 0.850016, 0.850491]
[0.850403, 0.850552, 0.84986, 0.84902, 0.848761, 0.849228, 0.850135, 0.850621]
[0.850522, 0.850678, 0.849988, 0.849146, 0.848879, 0.849347, 0.850256, 0.850741]
[0.850641, 0.850801, 0.850112, 0.849264, 0.848994, 0.849458, 0.850368, 0.850862]
[0.850753, 0.850918, 0.850237, 0.849391, 0.849113, 0.849568, 0.85048, 0.850985]
[0.85088, 0.851045, 0.850365, 0.849523, 0.849247, 0.849702, 0.850609, 0.851111]
[0.85101, 0.851174, 0.850492, 0.849647, 0.849373, 0.849833, 0.850739, 0.851237]
[0.851126, 0.851298, 0.850623, 0.849777, 0.849496, 0.849947, 0.850854, 0.85136]
[0.851266, 0.851427, 0.850747, 0.849902, 0.849628, 0.850092, 0.850995, 0.851492]
[0.851393, 0.851565, 0.850891, 0.850047, 0.849766, 0.850218, 0.851124, 0.851621]
[0.851532, 0.85171, 0.851044, 0.850202, 0.849916, 0.850358, 0.851259, 0.851762]
[0.851667, 0.851848, 0.851185, 0.850349, 0.850064, 0.850503, 0.851398, 0.851899]
[0.851801, 0.851974, 0.851315, 0.850483, 0.850201, 0.850638, 0.851531, 0.852032]
[0.851913, 0.852094, 0.85144, 0.850608, 0.850312, 0.850745, 0.85164, 0.852146]
[0.852026, 0.852205, 0.85155, 0.850715, 0.85043, 0.850868, 0.851756, 0.852258]
[0.852144, 0.85232, 0.851665, 0.850835, 0.850552, 0.850986, 0.851873, 0.852372]
[0.852253, 0.852429, 0.851782, 0.850959, 0.850668, 0.851093, 0.851983, 0.852486]
[0.852363, 0.852544, 0.851901, 0.851076, 0.850784, 0.851208, 0.852094, 0.852597]
[0.852485, 0.852662, 0.85201, 0.851189, 0.850906, 0.851335, 0.852219, 0.852716]
[0.852586, 0.852764, 0.852115, 0.851297, 0.851014, 0.851437, 0.852321, 0.85282]
[0.85267, 0.852864, 0.852217, 0.851389, 0.851084, 0.851508, 0.852403, 0.852916]
[0.85271, 0.852919, 0.852243, 0.851353, 0.851022, 0.851484, 0.852446, 0.852995]
[0.852898, 0.853072, 0.8524, 0.851559, 0.851276, 0.851725, 0.852637, 0.853138]
[0.853014, 0.853167, 0.852492, 0.851674, 0.851413, 0.851865, 0.852755, 0.853236]
[0.853102, 0.853254, 0.852591, 0.851784, 0.851527, 0.85197, 0.852846, 0.85332]
[0.853193, 0.853343, 0.852676, 0.851873, 0.851626, 0.852068, 0.852937, 0.853408]
[0.85328, 0.853437, 0.852783, 0.851981, 0.851722, 0.852163, 0.853025, 0.853503]
[0.853375, 0.853532, 0.852885, 0.852082, 0.851827, 0.85226, 0.853117, 0.853594]
[0.85348, 0.85363, 0.852976, 0.852177, 0.851928, 0.852362, 0.853225, 0.853695]
[0.853578, 0.853727, 0.853068, 0.852271, 0.852019, 0.852457, 0.853324, 0.853789]
[0.853678, 0.853819, 0.853165, 0.852373, 0.852131, 0.85257, 0.853426, 0.853888]
[0.853775, 0.853906, 0.853243, 0.852455, 0.852224, 0.852673, 0.853526, 0.853979]
[0.853867, 0.853991, 0.853329, 0.852538, 0.852313, 0.852768, 0.853618, 0.854062]
[0.85395, 0.854077, 0.853416, 0.852628, 0.852402, 0.852854, 0.853702, 0.854146]
[0.854028, 0.854165, 0.853513, 0.852729, 0.852495, 0.852934, 0.853781, 0.854232]
[0.854109, 0.854249, 0.853598, 0.852814, 0.852576, 0.853014, 0.853859, 0.854314]
[0.854193, 0.854328, 0.853679, 0.852897, 0.852662, 0.853101, 0.853942, 0.854395]
[0.854272, 0.854404, 0.853753, 0.852973, 0.852747, 0.853181, 0.854023, 0.854468]
[0.85435, 0.854473, 0.853817, 0.853046, 0.852823, 0.853264, 0.8541, 0.854541]
[0.854423, 0.854547, 0.853893, 0.853122, 0.852899, 0.853342, 0.854178, 0.854616]
[0.854489, 0.854609, 0.853951, 0.85318, 0.852962, 0.853407, 0.854246, 0.854679]
[0.854566, 0.854679, 0.854017, 0.853242, 0.853034, 0.853491, 0.854325, 0.854753]
[0.854643, 0.854765, 0.854109, 0.853344, 0.853123, 0.853567, 0.854402, 0.854839]
[0.854717, 0.854837, 0.854182, 0.85341, 0.853192, 0.85364, 0.854476, 0.854912]
[0.854789, 0.854909, 0.854248, 0.853474, 0.853255, 0.853705, 0.854543, 0.854978]
[0.854875, 0.854994, 0.854335, 0.853561, 0.853347, 0.853797, 0.854632, 0.855068]
[0.854956, 0.855077, 0.854419, 0.853647, 0.85343, 0.853878, 0.854717, 0.855154]
[0.85503, 0.855148, 0.854488, 0.853716, 0.853499, 0.853955, 0.854788, 0.855225]
[0.8551, 0.855223, 0.854562, 0.853795, 0.853573, 0.854023, 0.854861, 0.855297]
[0.855175, 0.85529, 0.854633, 0.853868, 0.85365, 0.854103, 0.854938, 0.855368]
[0.855251, 0.855368, 0.854715, 0.853951, 0.853731, 0.854182, 0.855017, 0.855448]
[0.855335, 0.855457, 0.854809, 0.85404, 0.85382, 0.854262, 0.855099, 0.855534]
[0.855414, 0.855536, 0.854893, 0.854123, 0.853897, 0.854341, 0.855177, 0.855619]
[0.855488, 0.855604, 0.854951, 0.854179, 0.853967, 0.854415, 0.855252, 0.855684]
[0.855555, 0.85569, 0.855044, 0.854272, 0.854046, 0.854479, 0.855318, 0.855762]
[0.855626, 0.855761, 0.855114, 0.854334, 0.854107, 0.854545, 0.855379, 0.855831]
[0.855681, 0.855832, 0.855193, 0.854408, 0.854159, 0.85459, 0.85544, 0.855903]
[0.855688, 0.855868, 0.85521, 0.854377, 0.854087, 0.854537, 0.855443, 0.855948]
[0.855802, 0.85596, 0.855311, 0.854506, 0.854243, 0.854685, 0.855561, 0.856038]
[0.85591, 0.856036, 0.855373, 0.854585, 0.854358, 0.854824, 0.855671, 0.856112]
[0.855983, 0.856105, 0.855445, 0.854662, 0.854444, 0.854908, 0.855751, 0.856189]
[0.856057, 0.85618, 0.855522, 0.854739, 0.854517, 0.854977, 0.85582, 0.856258]
[0.856124, 0.856245, 0.855587, 0.854804, 0.854582, 0.855042, 0.85589, 0.856331]
[0.85619, 0.856311, 0.85565, 0.854864, 0.854646, 0.855109, 0.855957, 0.856391]
[0.856244, 0.856366, 0.855703, 0.854917, 0.854697, 0.855159, 0.856009, 0.856449]
[0.856309, 0.856426, 0.855758, 0.854973, 0.854759, 0.855225, 0.856077, 0.856512]
[0.856376, 0.856496, 0.855831, 0.855041, 0.854822, 0.855289, 0.856144, 0.856581]
[0.856441, 0.856567, 0.855901, 0.855115, 0.85489, 0.855351, 0.856205, 0.856649]
[0.856513, 0.856635, 0.855967, 0.855179, 0.854964, 0.855428, 0.856278, 0.85672]
[0.856595, 0.856714, 0.856046, 0.85526, 0.855049, 0.855514, 0.856364, 0.8568]
[0.856665, 0.856791, 0.856134, 0.855348, 0.855126, 0.855579, 0.856429, 0.856876]
[0.856745, 0.856875, 0.856214, 0.855431, 0.855208, 0.855659, 0.856508, 0.856956]
[0.856835, 0.856957, 0.8563, 0.85552, 0.855293, 0.855749, 0.856599, 0.857038]
[0.856932, 0.857064, 0.856414, 0.855629, 0.855396, 0.85585, 0.856694, 0.85714]
[0.857042, 0.857177, 0.856527, 0.855743, 0.855512, 0.855954, 0.856802, 0.857251]
[0.857141, 0.857278, 0.856631, 0.855842, 0.855612, 0.856058, 0.856901, 0.857349]
[0.857234, 0.857379, 0.856732, 0.855941, 0.855704, 0.856147, 0.85699, 0.857446]
[0.857316, 0.857465, 0.856819, 0.856031, 0.855786, 0.856226, 0.857073, 0.857535]
[0.857397, 0.857553, 0.856908, 0.85612, 0.855868, 0.856306, 0.857154, 0.85762]
[0.857482, 0.857637, 0.857001, 0.856216, 0.855959, 0.856385, 0.857237, 0.857707]
[0.857564, 0.85772, 0.857089, 0.856299, 0.856039, 0.856468, 0.857318, 0.857786]
[0.857641, 0.8578, 0.857168, 0.85638, 0.856117, 0.856543, 0.857397, 0.857865]
[0.857709, 0.857872, 0.857241, 0.856455, 0.85619, 0.856612, 0.857465, 0.857937]
[0.857781, 0.857939, 0.857306, 0.856517, 0.85626, 0.856681, 0.857534, 0.858001]
[0.857857, 0.858014, 0.857379, 0.856591, 0.856336, 0.856762, 0.857611, 0.858076]
[0.857937, 0.858097, 0.857468, 0.856679, 0.856418, 0.856842, 0.857692, 0.858161]
[0.858017, 0.858175, 0.857544, 0.856758, 0.856497, 0.856922, 0.85777, 0.858238]
[0.858086, 0.858245, 0.857613, 0.85683, 0.856572, 0.856994, 0.85784, 0.858308]
[0.85815, 0.858309, 0.85768, 0.856892, 0.856631, 0.857055, 0.857902, 0.858372]
[0.858209, 0.858366, 0.857736, 0.856951, 0.856692, 0.85712, 0.857962, 0.858428]
[0.85826, 0.858423, 0.857795, 0.857009, 0.856749, 0.85717, 0.858014, 0.858482]
[0.858319, 0.858485, 0.857862, 0.857076, 0.85681, 0.857227, 0.858068, 0.858539]
[0.858384, 0.858548, 0.857926, 0.857145, 0.856879, 0.857296, 0.858137, 0.858606]
[0.858446, 0.858607, 0.857983, 0.857205, 0.856949, 0.857369, 0.858201, 0.858668]
[0.858432, 0.858628, 0.857992, 0.857165, 0.856865, 0.857294, 0.858185, 0.858695]
[0.858469, 0.85867, 0.858022, 0.857176, 0.856867, 0.857313, 0.858225, 0.858742]
[0.858565, 0.85875, 0.858122, 0.857313, 0.857026, 0.857447, 0.858322, 0.858815]
[0.858674, 0.858829, 0.858204, 0.857421, 0.857166, 0.857591, 0.858432, 0.858889]
[0.858728, 0.858878, 0.858266, 0.857496, 0.857239, 0.857658, 0.858489, 0.858936]
[0.858773, 0.858924, 0.858316, 0.85755, 0.857294, 0.857703, 0.858531, 0.858984]
[0.858814, 0.85897, 0.858361, 0.857598, 0.857343, 0.857746, 0.858571, 0.859026]
[0.858849, 0.859014, 0.858408, 0.857646, 0.857386, 0.857787, 0.858608, 0.859069]
[0.858888, 0.859049, 0.858445, 0.857685, 0.857425, 0.857824, 0.858643, 0.859103]
[0.858915, 0.859087, 0.858487, 0.857725, 0.857457, 0.857847, 0.85867, 0.859141]
[0.858964, 0.859133, 0.858535, 0.857771, 0.857506, 0.857891, 0.858714, 0.859189]
[0.859017, 0.859188, 0.858587, 0.857827, 0.857556, 0.857947, 0.85877, 0.859241]
[0.859065, 0.859235, 0.858637, 0.857875, 0.857604, 0.857996, 0.858817, 0.859286]
[0.859119, 0.859286, 0.858683, 0.857924, 0.85766, 0.858051, 0.85887, 0.859338]
[0.859169, 0.859331, 0.858727, 0.857969, 0.85771, 0.858103, 0.858922, 0.859386]
[0.85921, 0.859374, 0.858769, 0.858012, 0.85775, 0.858142, 0.858963, 0.859431]
[0.859259, 0.859422, 0.858814, 0.858055, 0.857794, 0.858191, 0.859018, 0.85948]
[0.859295, 0.85946, 0.858854, 0.858088, 0.857822, 0.85822, 0.859052, 0.859517]
[0.859348, 0.859517, 0.858907, 0.858134, 0.85787, 0.858278, 0.859105, 0.859569]
[0.859409, 0.859571, 0.858954, 0.85819, 0.857932, 0.858339, 0.859169, 0.85963]
[0.85946, 0.859622, 0.85901, 0.858244, 0.857983, 0.858392, 0.859218, 0.85968]
[0.85952, 0.859676, 0.859061, 0.858296, 0.858049, 0.858459, 0.859281, 0.859738]
[0.859578, 0.859732, 0.859117, 0.858352, 0.858103, 0.858516, 0.859339, 0.859793]
[0.859635, 0.859786, 0.859174, 0.858413, 0.858163, 0.858572, 0.859396, 0.859854]
[0.85969, 0.859842, 0.859227, 0.858471, 0.858222, 0.858632, 0.859456, 0.859905]
[0.859764, 0.859909, 0.859291, 0.858529, 0.858289, 0.858709, 0.859526, 0.859974]
[0.85984, 0.859984, 0.859355, 0.858598, 0.858362, 0.85879, 0.859609, 0.860045]
[0.85991, 0.86005, 0.859426, 0.858667, 0.858428, 0.858857, 0.859681, 0.860117]
[0.859984, 0.860123, 0.859499, 0.858742, 0.858506, 0.858934, 0.859751, 0.860184]
[0.860055, 0.860195, 0.859578, 0.858819, 0.858587, 0.859005, 0.859825, 0.860259]
[0.860143, 0.86028, 0.859654, 0.858899, 0.858673, 0.859099, 0.85991, 0.860344]
[0.86022, 0.860354, 0.859736, 0.858981, 0.858751, 0.859175, 0.859986, 0.860417]
[0.860301, 0.860435, 0.85981, 0.859061, 0.858829, 0.859254, 0.860068, 0.860501]
[0.860397, 0.860534, 0.859914, 0.859155, 0.858927, 0.859346, 0.860161, 0.860598]
[0.860494, 0.860631, 0.860013, 0.859257, 0.859029, 0.859448, 0.860261, 0.860696]
[0.860591, 0.860732, 0.860116, 0.859362, 0.859132, 0.859552, 0.86036, 0.860795]
[0.860619, 0.860789, 0.860165, 0.859369, 0.8591, 0.859532, 0.860389, 0.860863]
[0.860734, 0.860902, 0.860287, 0.859508, 0.85925, 0.85967, 0.860504, 0.86097]
[0.860889, 0.861036, 0.860428, 0.859675, 0.859444, 0.859862, 0.860664, 0.861102]
[0.860993, 0.861144, 0.860541, 0.859799, 0.859563, 0.859969, 0.860771, 0.861209]
[0.861099, 0.861248, 0.860649, 0.859906, 0.859673, 0.860079, 0.860871, 0.861313]
[0.861206, 0.861357, 0.860763, 0.860022, 0.859792, 0.860188, 0.860982, 0.861422]
[0.861308, 0.861463, 0.860874, 0.860133, 0.859896, 0.860291, 0.861082, 0.86153]
[0.861402, 0.86156, 0.860975, 0.860237, 0.859998, 0.860387, 0.861178, 0.861628]
[0.861508, 0.861669, 0.861086, 0.860356, 0.860107, 0.860496, 0.861285, 0.861737]
[0.861614, 0.861775, 0.861194, 0.860463, 0.860212, 0.860595, 0.861389, 0.861842]
[0.861721, 0.861889, 0.861309, 0.860578, 0.860318, 0.860698, 0.861499, 0.861955]
[0.86184, 0.862006, 0.861429, 0.860692, 0.860432, 0.860811, 0.861614, 0.862074]
[0.861953, 0.86212, 0.861543, 0.860804, 0.860546, 0.860929, 0.861727, 0.862182]
[0.862053, 0.862227, 0.861652, 0.86091, 0.860643, 0.861015, 0.861824, 0.862288]
[0.862173, 0.862345, 0.861768, 0.861034, 0.860765, 0.861142, 0.861943, 0.862404]
[0.86227, 0.862445, 0.861871, 0.861134, 0.860863, 0.861234, 0.86204, 0.862508]
[0.862369, 0.862543, 0.861969, 0.861232, 0.860964, 0.861334, 0.862136, 0.862604]
[0.86246, 0.862635, 0.862058, 0.861327, 0.861055, 0.861429, 0.862227, 0.862693]
[0.862554, 0.862727, 0.862155, 0.861419, 0.861147, 0.861525, 0.862324, 0.862785]
[0.862647, 0.86282, 0.862247, 0.861513, 0.861242, 0.861618, 0.862419, 0.862877]
[0.862744, 0.862912, 0.862338, 0.861604, 0.861333, 0.861718, 0.86252, 0.862976]
[0.862849, 0.863013, 0.862438, 0.861707, 0.861448, 0.861828, 0.86262, 0.863074]
[0.862952, 0.863115, 0.862532, 0.861798, 0.861537, 0.861925, 0.862726, 0.863176]
[0.863049, 0.863206, 0.862623, 0.861887, 0.861629, 0.862023, 0.862822, 0.863267]
[0.863138, 0.863293, 0.862708, 0.861973, 0.86172, 0.862112, 0.862911, 0.863357]
[0.863229, 0.863377, 0.862789, 0.862061, 0.861813, 0.862209, 0.863006, 0.863445]
[0.863309, 0.863457, 0.86287, 0.862134, 0.861884, 0.862284, 0.863086, 0.863524]
[0.86339, 0.863535, 0.862944, 0.862211, 0.861966, 0.862371, 0.863167, 0.863604]
[0.863468, 0.863611, 0.863015, 0.862281, 0.862044, 0.862451, 0.863246, 0.863683]
[0.863542, 0.863682, 0.863086, 0.862352, 0.86212, 0.862524, 0.863317, 0.863749]
[0.863629, 0.863763, 0.863163, 0.862432, 0.862206, 0.862612, 0.863405, 0.863836]
[0.863713, 0.863842, 0.86324, 0.862509, 0.862291, 0.862703, 0.863491, 0.86391]
[0.863781, 0.863906, 0.863302, 0.862574, 0.862358, 0.862771, 0.863558, 0.863978]
[0.863846, 0.863969, 0.863363, 0.862636, 0.862429, 0.862841, 0.863623, 0.864038]
[0.863906, 0.864026, 0.863418, 0.862698, 0.862494, 0.862908, 0.863689, 0.864102]
[0.863966, 0.864084, 0.863481, 0.862756, 0.862552, 0.862965, 0.863746, 0.864156]
[0.864024, 0.864143, 0.863538, 0.862811, 0.862598, 0.863015, 0.863806, 0.864214]
[0.864062, 0.864186, 0.863577, 0.862834, 0.862606, 0.863036, 0.863844, 0.864264]
[0.864115, 0.864244, 0.863619, 0.862851, 0.862617, 0.863064, 0.863897, 0.864323]
[0.864215, 0.864326, 0.863704, 0.86296, 0.862751, 0.863199, 0.864001, 0.864408]
[0.864284, 0.864391, 0.863774, 0.863041, 0.862843, 0.863282, 0.864072, 0.86447]
[0.864341, 0.86445, 0.86383, 0.863101, 0.862898, 0.86334, 0.864127, 0.864528]
[0.86441, 0.864514, 0.863897, 0.863171, 0.862969, 0.863412, 0.864195, 0.864592]
[0.864481, 0.864587, 0.863972, 0.863241, 0.863045, 0.863487, 0.864274, 0.864665]
[0.864549, 0.864653, 0.864036, 0.863311, 0.863115, 0.863555, 0.864339, 0.864732]
[0.864611, 0.864714, 0.864095, 0.863372, 0.863169, 0.863603, 0.864391, 0.864793]
[0.864673, 0.864778, 0.864156, 0.863428, 0.863231, 0.863666, 0.864457, 0.864852]
[0.864729, 0.864835, 0.864213, 0.86349, 0.863285, 0.863725, 0.864513, 0.864912]
[0.864785, 0.864893, 0.864271, 0.863541, 0.863339, 0.863773, 0.864564, 0.864972]
[0.864857, 0.864959, 0.864336, 0.863607, 0.863407, 0.863844, 0.864636, 0.865038]
[0.864921, 0.865025, 0.864407, 0.86368, 0.863483, 0.863914, 0.864706, 0.8651]
[0.864994, 0.865099, 0.864482, 0.863758, 0.86355, 0.863981, 0.864775, 0.865176]
[0.865085, 0.86519, 0.864577, 0.863851, 0.863648, 0.864076, 0.864867, 0.865269]
[0.865185, 0.865294, 0.864676, 0.863955, 0.863753, 0.864177, 0.864969, 0.86537]
[0.865278, 0.865386, 0.864773, 0.864053, 0.863852, 0.864273, 0.865065, 0.865461]
[0.865375, 0.865484, 0.864871, 0.864149, 0.863952, 0.864376, 0.865159, 0.865564]
[0.865475, 0.865587, 0.864971, 0.864252, 0.864055, 0.864479, 0.865262, 0.865668]
[0.865574, 0.865687, 0.865074, 0.864357, 0.864157, 0.864582, 0.865366, 0.865766]
[0.865669, 0.865788, 0.865184, 0.864461, 0.864255, 0.864682, 0.865462, 0.86587]
[0.865768, 0.865888, 0.865287, 0.864562, 0.864354, 0.864771, 0.865558, 0.865975]
[0.865866, 0.865992, 0.865394, 0.864669, 0.864452, 0.864867, 0.865657, 0.866076]
[0.865975, 0.866102, 0.865501, 0.86478, 0.864567, 0.864982, 0.865766, 0.866182]
[0.866062, 0.866194, 0.8656, 0.864874, 0.864657, 0.865069, 0.865855, 0.866282]
[0.866152, 0.866288, 0.865695, 0.864967, 0.864739, 0.865154, 0.865949, 0.86637]
[0.866246, 0.866379, 0.865786, 0.865057, 0.864828, 0.865249, 0.866042, 0.866461]
[0.866343, 0.866473, 0.865876, 0.865144, 0.864919, 0.865341, 0.866135, 0.866555]
[0.866439, 0.86657, 0.865967, 0.865236, 0.865014, 0.865439, 0.866237, 0.866657]
[0.866527, 0.866659, 0.866063, 0.865325, 0.865103, 0.865525, 0.866326, 0.86675]
[0.866618, 0.866753, 0.866153, 0.865416, 0.865189, 0.865615, 0.866415, 0.86684]
[0.866716, 0.866853, 0.866255, 0.865515, 0.865288, 0.865711, 0.866512, 0.866936]
[0.866812, 0.866945, 0.866343, 0.865611, 0.865382, 0.865806, 0.866605, 0.86703]
[0.866902, 0.867038, 0.866433, 0.865695, 0.86547, 0.865896, 0.866698, 0.867121]
[0.866991, 0.867128, 0.866529, 0.865793, 0.865568, 0.865986, 0.866786, 0.867209]
[0.867054, 0.8672, 0.866594, 0.865842, 0.865595, 0.86602, 0.866844, 0.867286]
[0.867124, 0.867276, 0.866655, 0.86587, 0.865616, 0.866065, 0.866917, 0.86737]
[0.867284, 0.867412, 0.8668, 0.866048, 0.86583, 0.866275, 0.867083, 0.867503]
[0.86741, 0.867523, 0.86691, 0.866179, 0.865983, 0.866426, 0.867213, 0.867612]
[0.867504, 0.867622, 0.86701, 0.866279, 0.866086, 0.866522, 0.867309, 0.867712]
[0.86761, 0.867726, 0.867111, 0.866382, 0.866187, 0.866631, 0.867409, 0.867817]
[0.867708, 0.867822, 0.867204, 0.866478, 0.866281, 0.866726, 0.867507, 0.86791]
[0.867825, 0.867929, 0.867308, 0.866584, 0.866392, 0.866838, 0.867629, 0.868019]
[0.867946, 0.868042, 0.867417, 0.866692, 0.866513, 0.866965, 0.86775, 0.868135]
[0.868064, 0.868153, 0.867525, 0.866804, 0.866618, 0.867075, 0.867864, 0.868244]
[0.86818, 0.868263, 0.867633, 0.866915, 0.866732, 0.867189, 0.867973, 0.868352]
[0.868297, 0.86838, 0.867756, 0.867036, 0.866852, 0.867312, 0.868096, 0.868471]
[0.868399, 0.868488, 0.867868, 0.867147, 0.866957, 0.867411, 0.868196, 0.868577]
[0.868516, 0.868606, 0.867993, 0.867277, 0.867084, 0.867533, 0.868313, 0.868693]
[0.868637, 0.868734, 0.868131, 0.867417, 0.86722, 0.867653, 0.868435, 0.868818]
[0.868764, 0.868865, 0.868264, 0.867558, 0.86736, 0.867787, 0.868563, 0.868946]
[0.868904, 0.869008, 0.86841, 0.867707, 0.867514, 0.86793, 0.868699, 0.869086]
[0.869043, 0.869155, 0.868562, 0.867859, 0.867668, 0.868079, 0.868844, 0.86924]
[0.869208, 0.869324, 0.868737, 0.868043, 0.867845, 0.86825, 0.869008, 0.869403]
[0.869388, 0.86951, 0.868931, 0.868237, 0.868035, 0.868437, 0.869193, 0.86959]
[0.869578, 0.869697, 0.869122, 0.868426, 0.868222, 0.868626, 0.869378, 0.869782]
[0.869762, 0.869888, 0.869313, 0.868613, 0.868405, 0.8688, 0.869561, 0.869967]
[0.869954, 0.870081, 0.869505, 0.868806, 0.868594, 0.868991, 0.869754, 0.87016]
[0.87015, 0.87028, 0.869704, 0.868998, 0.868784, 0.869182, 0.869946, 0.870357]
[0.870368, 0.87049, 0.869905, 0.86921, 0.869006, 0.869406, 0.870169, 0.870577]
[0.870585, 0.8707, 0.870123, 0.869426, 0.869227, 0.869631, 0.870385, 0.870786]
[0.870789, 0.870905, 0.87032, 0.86963, 0.86943, 0.869838, 0.870596, 0.870993]
[0.870991, 0.871105, 0.870524, 0.869828, 0.869633, 0.870039, 0.870795, 0.871192]
[0.871194, 0.871306, 0.870718, 0.870027, 0.869836, 0.870245, 0.871, 0.87139]
[0.871373, 0.871487, 0.870907, 0.870214, 0.870013, 0.870419, 0.871183, 0.871574]
[0.871561, 0.871673, 0.871086, 0.870389, 0.87019, 0.870601, 0.871369, 0.871761]
[0.871728, 0.871843, 0.871256, 0.870556, 0.870354, 0.870765, 0.871534, 0.871929]
[0.871893, 0.872008, 0.871417, 0.870716, 0.87051, 0.870926, 0.871702, 0.872096]
[0.872062, 0.872169, 0.871575, 0.870877, 0.870671, 0.871095, 0.871871, 0.872263]
[0.872217, 0.872324, 0.87173, 0.871029, 0.870827, 0.871251, 0.872027, 0.87242]
[0.872318, 0.872446, 0.871854, 0.871129, 0.870899, 0.871317, 0.872121, 0.87254]
[0.872429, 0.872574, 0.871962, 0.871201, 0.870947, 0.871387, 0.872231, 0.872677]
[0.87266, 0.872778, 0.872173, 0.871456, 0.871241, 0.87167, 0.872465, 0.872875]
[0.872852, 0.872951, 0.872339, 0.871636, 0.871449, 0.871889, 0.872665, 0.873047]
[0.873023, 0.87312, 0.872517, 0.87182, 0.871638, 0.872069, 0.872836, 0.873214]
[0.873184, 0.87329, 0.872694, 0.871993, 0.871809, 0.872234, 0.872996, 0.873375]
[0.873338, 0.87345, 0.872852, 0.872144, 0.871957, 0.872386, 0.873149, 0.873539]
[0.873491, 0.873608, 0.873016, 0.872314, 0.872118, 0.872533, 0.873291, 0.873692]
[0.87365, 0.873771, 0.873192, 0.87249, 0.872282, 0.872684, 0.873448, 0.873851]
[0.8738, 0.873929, 0.87335, 0.872651, 0.872437, 0.87283, 0.873594, 0.874]
[0.873948, 0.874076, 0.873496, 0.872786, 0.872571, 0.872972, 0.87374, 0.874151]
[0.874098, 0.874221, 0.873635, 0.872924, 0.872713, 0.873122, 0.87389, 0.874299]
[0.874239, 0.874362, 0.873773, 0.873064, 0.872856, 0.873266, 0.874035, 0.874438]
[0.874376, 0.874499, 0.87391, 0.873205, 0.872994, 0.873401, 0.874171, 0.874573]
[0.874506, 0.874631, 0.874048, 0.873338, 0.873123, 0.873529, 0.874302, 0.874709]
[0.874631, 0.874755, 0.87417, 0.873459, 0.873242, 0.873652, 0.874424, 0.874831]
[0.874744, 0.874871, 0.874287, 0.873572, 0.873359, 0.873764, 0.874534, 0.874944]
[0.874857, 0.874987, 0.874406, 0.873696, 0.873473, 0.873876, 0.874648, 0.875061]
[0.874972, 0.875099, 0.874511, 0.873802, 0.873583, 0.873988, 0.874764, 0.875172]
[0.875078, 0.875192, 0.874599, 0.873887, 0.873677, 0.874094, 0.874873, 0.875273]
[0.875207, 0.875319, 0.874725, 0.874015, 0.873808, 0.874228, 0.875001, 0.875398]
[0.875349, 0.875468, 0.874882, 0.874177, 0.873965, 0.874374, 0.875145, 0.875548]
[0.875478, 0.875596, 0.874998, 0.874289, 0.874084, 0.874501, 0.875275, 0.875675]
[0.875605, 0.875723, 0.875128, 0.874418, 0.874213, 0.874627, 0.875398, 0.8758]
[0.875725, 0.875822, 0.875204, 0.874479, 0.874292, 0.874743, 0.875525, 0.875912]
[0.87586, 0.87596, 0.875352, 0.874639, 0.87445, 0.874888, 0.875668, 0.87605]
[0.876002, 0.876102, 0.875495, 0.874791, 0.874605, 0.875038, 0.87581, 0.876191]
[0.876146, 0.876238, 0.875624, 0.874918, 0.874742, 0.875186, 0.875956, 0.876331]
[0.8763, 0.876393, 0.875786, 0.875084, 0.87491, 0.875348, 0.876113, 0.876489]
[0.876463, 0.876553, 0.875945, 0.875247, 0.87507, 0.875512, 0.876277, 0.87665]
[0.876631, 0.876706, 0.876084, 0.875384, 0.875222, 0.875681, 0.87645, 0.876812]
[0.876803, 0.876881, 0.876268, 0.875573, 0.875416, 0.875862, 0.876622, 0.876981]
[0.876981, 0.87706, 0.87645, 0.875752, 0.875593, 0.876045, 0.876807, 0.877168]
[0.877153, 0.877225, 0.876607, 0.87591, 0.875757, 0.87622, 0.876976, 0.877333]
[0.877331, 0.877405, 0.876781, 0.876086, 0.875937, 0.8764, 0.877163, 0.877517]
[0.87753, 0.877606, 0.876994, 0.8763, 0.876143, 0.876599, 0.877356, 0.877721]
[0.877737, 0.877812, 0.877198, 0.876504, 0.876351, 0.876804, 0.877563, 0.877927]
[0.877905, 0.87802, 0.877413, 0.876698, 0.87649, 0.876931, 0.877726, 0.878128]
[0.878043, 0.878172, 0.87755, 0.876787, 0.876553, 0.877018, 0.87786, 0.878288]
[0.878312, 0.878402, 0.877785, 0.877073, 0.876892, 0.877351, 0.878138, 0.878518]
[0.878489, 0.87856, 0.877938, 0.87724, 0.877086, 0.877548, 0.87832, 0.878677]
[0.878647, 0.878705, 0.878077, 0.877377, 0.877236, 0.877712, 0.878477, 0.878821]
[0.878814, 0.878884, 0.87827, 0.877589, 0.877441, 0.877894, 0.878647, 0.878995]
[0.878979, 0.879057, 0.878459, 0.877777, 0.877624, 0.878066, 0.87881, 0.879164]
[0.879129, 0.879216, 0.878621, 0.877941, 0.877779, 0.878214, 0.878956, 0.879316]
[0.87926, 0.879342, 0.878737, 0.878048, 0.877891, 0.878338, 0.879084, 0.879444]
[0.879395, 0.879487, 0.878897, 0.87822, 0.87806, 0.878481, 0.879219, 0.879581]
[0.879512, 0.8796, 0.879012, 0.878333, 0.878172, 0.878597, 0.879334, 0.879697]
[0.879626, 0.879723, 0.879141, 0.878472, 0.878305, 0.878719, 0.879448, 0.879813]
[0.879721, 0.879801, 0.879203, 0.878516, 0.878362, 0.878803, 0.879539, 0.879898]
[0.879823, 0.879913, 0.879321, 0.878645, 0.878482, 0.878908, 0.879642, 0.880005]
[0.87992, 0.880022, 0.87944, 0.878756, 0.878586, 0.878997, 0.879737, 0.880109]
[0.880007, 0.880114, 0.879539, 0.878858, 0.878673, 0.879084, 0.879822, 0.8802]
[0.880105, 0.88022, 0.879653, 0.878979, 0.878792, 0.879188, 0.879923, 0.880308]
[0.880218, 0.880326, 0.879752, 0.879076, 0.878894, 0.8793, 0.880035, 0.880413]
[0.88033, 0.880439, 0.879869, 0.879196, 0.879014, 0.879415, 0.880148, 0.880526]
[0.880448, 0.880544, 0.879967, 0.879295, 0.879124, 0.879538, 0.880268, 0.880639]
[0.88056, 0.88066, 0.880083, 0.879417, 0.879247, 0.879654, 0.880378, 0.880748]
[0.880667, 0.880764, 0.880183, 0.879512, 0.879348, 0.879766, 0.880488, 0.880852]
[0.880779, 0.880876, 0.880295, 0.879623, 0.879462, 0.879878, 0.880605, 0.880968]
[0.880897, 0.88099, 0.88041, 0.879739, 0.879579, 0.879998, 0.880724, 0.881083]
[0.881024, 0.881113, 0.880538, 0.879873, 0.879713, 0.880129, 0.880854, 0.881209]
[0.881153, 0.881246, 0.880673, 0.880013, 0.879851, 0.880259, 0.880982, 0.881341]
[0.8813, 0.881398, 0.880832, 0.880172, 0.880004, 0.880407, 0.881131, 0.881497]
[0.881437, 0.881528, 0.880951, 0.880289, 0.880127, 0.880539, 0.881271, 0.881631]
[0.881575, 0.881669, 0.881098, 0.880435, 0.880264, 0.880677, 0.881407, 0.881771]
[0.881715, 0.881811, 0.88124, 0.880581, 0.880406, 0.880818, 0.881554, 0.881913]
[0.881849, 0.881933, 0.881352, 0.88069, 0.880529, 0.880955, 0.881691, 0.88204]
[0.881994, 0.882072, 0.881493, 0.880831, 0.880673, 0.881103, 0.881833, 0.882186]
[0.882147, 0.882231, 0.881651, 0.880993, 0.880834, 0.881258, 0.881988, 0.882341]
[0.88231, 0.88239, 0.881808, 0.881145, 0.880993, 0.881421, 0.882154, 0.882503]
[0.88246, 0.882531, 0.881944, 0.881278, 0.881132, 0.881573, 0.882305, 0.882647]
[0.882601, 0.882678, 0.882086, 0.881422, 0.881275, 0.881718, 0.882444, 0.882792]
[0.882674, 0.882804, 0.882229, 0.881514, 0.881299, 0.881721, 0.882508, 0.882923]
[0.882844, 0.882973, 0.882392, 0.88168, 0.881463, 0.881889, 0.882679, 0.883088]
[0.883102, 0.883139, 0.882474, 0.881744, 0.881613, 0.882147, 0.882947, 0.883281]
[0.88325, 0.883278, 0.882608, 0.881889, 0.881782, 0.882316, 0.883101, 0.883417]
[0.883417, 0.883456, 0.882804, 0.882105, 0.88199, 0.882498, 0.883262, 0.883587]
[0.883586, 0.883642, 0.883014, 0.882322, 0.882191, 0.88267, 0.883426, 0.883768]
[0.883752, 0.88381, 0.883191, 0.882501, 0.882364, 0.882841, 0.883596, 0.883934]
[0.883921, 0.883978, 0.883357, 0.88267, 0.882535, 0.883008, 0.88376, 0.884102]
[0.884088, 0.884149, 0.883532, 0.882844, 0.882705, 0.88318, 0.883932, 0.884272]
[0.884264, 0.884323, 0.883711, 0.883023, 0.882885, 0.883362, 0.884106, 0.88444]
[0.88445, 0.88451, 0.8839, 0.883219, 0.883082, 0.883549, 0.884293, 0.884633]
[0.88464, 0.884685, 0.88406, 0.883377, 0.883247, 0.883728, 0.884484, 0.884812]
[0.884844, 0.884889, 0.88426, 0.883575, 0.883448, 0.883934, 0.884688, 0.885017]
[0.885036, 0.885091, 0.884472, 0.883784, 0.883644, 0.884118, 0.884875, 0.885216]
[0.885206, 0.885253, 0.884616, 0.883911, 0.883778, 0.884272, 0.885042, 0.885378]
[0.885391, 0.885456, 0.884844, 0.884156, 0.884007, 0.884469, 0.885224, 0.885572]
[0.885558, 0.885618, 0.884986, 0.884278, 0.884133, 0.884618, 0.885389, 0.885734]
[0.885729, 0.885803, 0.885193, 0.884498, 0.884339, 0.884801, 0.885564, 0.885916]
[0.885908, 0.885976, 0.885358, 0.884657, 0.884503, 0.884973, 0.885738, 0.886088]
[0.886084, 0.886155, 0.885539, 0.884842, 0.884688, 0.885153, 0.885917, 0.886267]
[0.886255, 0.88631, 0.885673, 0.884967, 0.884825, 0.885312, 0.886084, 0.886426]
[0.886414, 0.886465, 0.885826, 0.885118, 0.884978, 0.885475, 0.886245, 0.886585]
[0.886583, 0.886629, 0.885984, 0.885278, 0.885151, 0.885651, 0.886419, 0.886748]
[0.886752, 0.886801, 0.886174, 0.885486, 0.885355, 0.885834, 0.886589, 0.88692]
[0.886915, 0.886961, 0.88634, 0.885657, 0.885531, 0.886005, 0.886752, 0.887081]
[0.887075, 0.887119, 0.886493, 0.885814, 0.885687, 0.886163, 0.88691, 0.887236]
[0.887216, 0.887251, 0.886615, 0.885929, 0.885809, 0.8863, 0.887051, 0.887371]
[0.887351, 0.887387, 0.886751, 0.886064, 0.885947, 0.886438, 0.887188, 0.887507]
[0.887504, 0.887548, 0.886921, 0.886241, 0.886115, 0.886593, 0.887335, 0.887665]
[0.887643, 0.88768, 0.887043, 0.886357, 0.886237, 0.886727, 0.887476, 0.887795]
[0.887776, 0.887812, 0.887179, 0.886496, 0.886375, 0.886858, 0.887605, 0.887929]
[0.887897, 0.887932, 0.887294, 0.886608, 0.88649, 0.886978, 0.887728, 0.888045]
[0.888007, 0.888048, 0.887418, 0.886733, 0.886608, 0.887092, 0.887836, 0.888156]
[0.888108, 0.888143, 0.887502, 0.886811, 0.886694, 0.887182, 0.887934, 0.888254]
[0.888211, 0.888244, 0.887603, 0.886918, 0.886806, 0.887292, 0.888038, 0.888352]
[0.888304, 0.888332, 0.887683, 0.886982, 0.886866, 0.887372, 0.88813, 0.888447]
[0.888394, 0.888417, 0.887754, 0.887048, 0.886933, 0.88745, 0.888218, 0.888529]
[0.888435, 0.88856, 0.887942, 0.887186, 0.886958, 0.887413, 0.888241, 0.888651]
[0.88859, 0.8887, 0.888088, 0.887348, 0.887136, 0.887587, 0.888391, 0.888785]
[0.888785, 0.88881, 0.888136, 0.887402, 0.887271, 0.887804, 0.888591, 0.888915]
[0.88889, 0.888909, 0.888246, 0.887537, 0.887422, 0.887938, 0.888704, 0.889013]
[0.88898, 0.888982, 0.888295, 0.887569, 0.887469, 0.888019, 0.888796, 0.889092]
[0.889079, 0.889085, 0.888404, 0.887688, 0.88759, 0.888128, 0.888896, 0.889192]
[0.889187, 0.889204, 0.888546, 0.887844, 0.887738, 0.888249, 0.889005, 0.889309]
[0.889272, 0.889282, 0.88861, 0.887897, 0.887792, 0.88832, 0.889087, 0.889387]
[0.889359, 0.889376, 0.888709, 0.887999, 0.887887, 0.88841, 0.889174, 0.889483]
[0.889461, 0.889484, 0.88883, 0.888127, 0.888008, 0.888514, 0.889277, 0.889587]
[0.889569, 0.889605, 0.88897, 0.888282, 0.888154, 0.888634, 0.889384, 0.889701]
[0.889649, 0.889679, 0.889026, 0.888323, 0.888202, 0.888701, 0.889459, 0.88978]
[0.889741, 0.889775, 0.889136, 0.888442, 0.888318, 0.888807, 0.889558, 0.889878]
[0.88984, 0.889876, 0.889238, 0.888551, 0.888428, 0.888911, 0.889658, 0.889976]
[0.889928, 0.889958, 0.889313, 0.888619, 0.888502, 0.888991, 0.889747, 0.890062]
[0.890003, 0.890022, 0.889368, 0.888673, 0.888565, 0.889068, 0.889822, 0.890129]
[0.89009, 0.890108, 0.889456, 0.888763, 0.888659, 0.889159, 0.889909, 0.890215]
[0.890173, 0.890191, 0.889526, 0.888817, 0.888712, 0.889228, 0.889994, 0.890303]
[0.89025, 0.890262, 0.889595, 0.888882, 0.888782, 0.889306, 0.890071, 0.890376]
[0.890326, 0.890339, 0.889665, 0.888957, 0.888855, 0.88938, 0.890149, 0.890456]
[0.890399, 0.890409, 0.889735, 0.889026, 0.888927, 0.889458, 0.890226, 0.89053]
[0.890472, 0.890489, 0.889821, 0.889117, 0.889018, 0.88954, 0.8903, 0.890604]
[0.890534, 0.890544, 0.889869, 0.889171, 0.88908, 0.88961, 0.890367, 0.890662]
[0.890621, 0.890629, 0.889964, 0.889272, 0.889182, 0.889705, 0.890456, 0.89075]
[0.890724, 0.890741, 0.890096, 0.889417, 0.889317, 0.88982, 0.89056, 0.890858]
[0.890815, 0.890834, 0.890192, 0.889512, 0.889414, 0.889914, 0.890652, 0.890952]
[0.890891, 0.890901, 0.89025, 0.889563, 0.889466, 0.889978, 0.890723, 0.891024]
[0.890976, 0.890995, 0.890357, 0.889681, 0.88958, 0.890076, 0.890813, 0.891117]
[0.89105, 0.891072, 0.890432, 0.88975, 0.889646, 0.890148, 0.890889, 0.891193]
[0.891122, 0.891141, 0.890493, 0.889809, 0.889706, 0.890212, 0.890961, 0.891266]
[0.891206, 0.891241, 0.890612, 0.889937, 0.889831, 0.890313, 0.891046, 0.891359]
[0.891268, 0.891301, 0.890669, 0.889999, 0.889895, 0.890379, 0.89111, 0.891424]
[0.89134, 0.891365, 0.890738, 0.890071, 0.889969, 0.890452, 0.891179, 0.891487]
[0.891414, 0.891451, 0.890839, 0.890182, 0.890073, 0.890538, 0.891255, 0.891568]
[0.891467, 0.891486, 0.890851, 0.890174, 0.89008, 0.89058, 0.891315, 0.891611]
[0.891524, 0.891535, 0.890879, 0.890193, 0.8901, 0.890622, 0.891376, 0.891669]
[0.891608, 0.891631, 0.891, 0.890331, 0.890234, 0.890728, 0.891461, 0.891761]
[0.891618, 0.891734, 0.891159, 0.890467, 0.890264, 0.890684, 0.891451, 0.891844]
[0.891675, 0.891794, 0.891209, 0.890497, 0.890282, 0.890718, 0.891508, 0.89191]
[0.891892, 0.891931, 0.891294, 0.890603, 0.890476, 0.890972, 0.891733, 0.892057]
[0.891948, 0.891965, 0.891319, 0.89063, 0.890529, 0.891043, 0.891797, 0.892103]
[0.892031, 0.89205, 0.891409, 0.890731, 0.890635, 0.891141, 0.891883, 0.892183]
[0.892108, 0.892137, 0.891515, 0.890846, 0.890742, 0.89123, 0.891956, 0.892262]
[0.892181, 0.892216, 0.891599, 0.890934, 0.890824, 0.891304, 0.89203, 0.89234]
[0.892253, 0.892283, 0.89167, 0.891008, 0.890903, 0.89138, 0.8921, 0.892411]
[0.892325, 0.892367, 0.891769, 0.891116, 0.890999, 0.89146, 0.892169, 0.892483]
[0.892394, 0.892421, 0.891805, 0.891139, 0.891032, 0.891516, 0.892241, 0.892544]
[0.892469, 0.892503, 0.891902, 0.891241, 0.891125, 0.891595, 0.892317, 0.892625]
[0.892549, 0.892591, 0.891996, 0.891345, 0.891225, 0.891677, 0.89239, 0.892709]
[0.89262, 0.892658, 0.892045, 0.89138, 0.891263, 0.891734, 0.89246, 0.892777]
[0.892706, 0.892754, 0.892153, 0.89149, 0.891362, 0.891821, 0.892542, 0.892862]
[0.892785, 0.89285, 0.892262, 0.891599, 0.891451, 0.891885, 0.89261, 0.892952]
[0.892866, 0.892923, 0.89232, 0.891646, 0.891504, 0.891957, 0.892693, 0.893024]
[0.892941, 0.893006, 0.892419, 0.891751, 0.8916, 0.892031, 0.892759, 0.893104]
[0.893008, 0.893076, 0.892487, 0.891816, 0.891659, 0.892094, 0.892825, 0.89317]
[0.893073, 0.893149, 0.89256, 0.891883, 0.891724, 0.892156, 0.892887, 0.893239]
[0.893132, 0.893199, 0.892601, 0.891917, 0.89176, 0.892207, 0.892943, 0.893289]
[0.893193, 0.893253, 0.892648, 0.891962, 0.891809, 0.892262, 0.893003, 0.893345]
[0.893236, 0.893279, 0.892637, 0.891932, 0.891795, 0.892289, 0.893049, 0.893377]
[0.893293, 0.893342, 0.892722, 0.892025, 0.891877, 0.892352, 0.893106, 0.893439]
[0.893334, 0.89338, 0.892752, 0.892048, 0.891906, 0.892388, 0.893145, 0.893482]
[0.893385, 0.893437, 0.892822, 0.892125, 0.891978, 0.892448, 0.893198, 0.893535]
[0.893443, 0.893497, 0.892882, 0.892188, 0.892044, 0.892507, 0.893256, 0.893592]
[0.893519, 0.893584, 0.892983, 0.892302, 0.892145, 0.892584, 0.893329, 0.893679]
[0.893589, 0.893656, 0.89305, 0.892364, 0.892205, 0.892643, 0.893393, 0.893745]
[0.893647, 0.893713, 0.893104, 0.89241, 0.892253, 0.892703, 0.893454, 0.893804]
[0.893708, 0.893779, 0.893172, 0.892476, 0.892309, 0.892764, 0.893517, 0.89387]
[0.893765, 0.893823, 0.893203, 0.892495, 0.892342, 0.892813, 0.893573, 0.893918]
[0.893821, 0.893876, 0.89326, 0.892566, 0.892414, 0.89288, 0.893631, 0.893974]
[0.89388, 0.893935, 0.893318, 0.892624, 0.892473, 0.892941, 0.893692, 0.894029]
[0.893934, 0.893991, 0.893376, 0.892685, 0.892531, 0.892994, 0.89374, 0.894083]
[0.893976, 0.894031, 0.893411, 0.892711, 0.89256, 0.893031, 0.893786, 0.894126]
[0.894004, 0.894125, 0.893557, 0.892857, 0.892631, 0.893038, 0.893803, 0.894203]
[0.893962, 0.894102, 0.893504, 0.892742, 0.892486, 0.89293, 0.893763, 0.8942]
[0.894111, 0.894226, 0.893643, 0.892927, 0.892704, 0.893137, 0.893919, 0.894316]
[0.894218, 0.894314, 0.893736, 0.893046, 0.892849, 0.893274, 0.894025, 0.8944]
[0.89429, 0.89438, 0.893808, 0.893132, 0.892946, 0.893363, 0.894101, 0.894466]
[0.894358, 0.894445, 0.893883, 0.893216, 0.893033, 0.893443, 0.894169, 0.894532]
[0.894438, 0.894513, 0.893944, 0.893286, 0.89312, 0.893532, 0.894251, 0.894599]
[0.894493, 0.894568, 0.894004, 0.893351, 0.893192, 0.893598, 0.894312, 0.894656]
[0.894549, 0.89462, 0.894059, 0.893413, 0.893254, 0.893661, 0.89437, 0.894711]
[0.894596, 0.894667, 0.894107, 0.893461, 0.893299, 0.89371, 0.894414, 0.894759]
[0.89464, 0.894713, 0.894152, 0.893511, 0.893353, 0.89376, 0.894462, 0.894803]
[0.894686, 0.894751, 0.89419, 0.89355, 0.893401, 0.893815, 0.894513, 0.894846]
[0.894722, 0.894797, 0.894244, 0.893608, 0.893445, 0.893848, 0.894547, 0.894889]
[0.89478, 0.894847, 0.894291, 0.893656, 0.893507, 0.893912, 0.894607, 0.894942]
[0.894824, 0.894893, 0.894338, 0.893708, 0.893559, 0.893963, 0.894656, 0.894989]
[0.894871, 0.89494, 0.894386, 0.89375, 0.893601, 0.894005, 0.894702, 0.895038]
[0.894923, 0.894988, 0.894432, 0.893801, 0.893655, 0.894062, 0.89475, 0.895083]
[0.894967, 0.895033, 0.894477, 0.893849, 0.893701, 0.894112, 0.894801, 0.895133]
[0.895005, 0.89507, 0.894514, 0.893887, 0.89374, 0.89415, 0.894841, 0.89517]
[0.895044, 0.895106, 0.894551, 0.893921, 0.893778, 0.894188, 0.89488, 0.895211]
[0.895078, 0.895141, 0.894585, 0.893959, 0.893813, 0.894223, 0.894916, 0.895245]
[0.895102, 0.895171, 0.894617, 0.893985, 0.893835, 0.894242, 0.894938, 0.895274]
[0.895137, 0.895204, 0.894651, 0.89402, 0.893868, 0.89428, 0.894975, 0.895307]
[0.895164, 0.895232, 0.894681, 0.894047, 0.893894, 0.894308, 0.895002, 0.895338]
[0.895195, 0.895263, 0.894705, 0.894069, 0.89392, 0.894335, 0.89503, 0.895366]
[0.895234, 0.895296, 0.894738, 0.894101, 0.893957, 0.894377, 0.895074, 0.895405]
[0.895258, 0.895321, 0.894762, 0.894128, 0.893984, 0.894403, 0.895101, 0.895428]
[0.895294, 0.895352, 0.894792, 0.894154, 0.894015, 0.894438, 0.895137, 0.895459]
[0.895311, 0.895376, 0.894811, 0.89417, 0.894029, 0.894453, 0.895153, 0.895482]
[0.895343, 0.895402, 0.894837, 0.894197, 0.894068, 0.894493, 0.895185, 0.895512]
[0.895355, 0.895419, 0.894858, 0.894218, 0.894079, 0.894501, 0.895197, 0.895527]
[0.895398, 0.895454, 0.894893, 0.89426, 0.894123, 0.89455, 0.89524, 0.895567]
[0.895428, 0.895488, 0.894925, 0.894295, 0.894156, 0.894576, 0.895269, 0.895594]
[0.895476, 0.89553, 0.894967, 0.894337, 0.894209, 0.894632, 0.89532, 0.89564]
[0.895508, 0.895565, 0.895005, 0.894377, 0.894243, 0.894663, 0.89535, 0.895674]
[0.89555, 0.895611, 0.895054, 0.894424, 0.894286, 0.894705, 0.895392, 0.89572]
[0.895576, 0.895645, 0.895092, 0.894455, 0.894305, 0.894722, 0.895416, 0.895748]
[0.895533, 0.895622, 0.895047, 0.894366, 0.894184, 0.894621, 0.895373, 0.895741]
[0.895624, 0.895705, 0.895136, 0.894477, 0.894307, 0.894733, 0.895462, 0.895813]
[0.895721, 0.895786, 0.895224, 0.894586, 0.894438, 0.894862, 0.895563, 0.895897]
[0.89579, 0.895851, 0.89529, 0.894658, 0.894517, 0.894938, 0.895629, 0.895958]
[0.895864, 0.895926, 0.89537, 0.894743, 0.894604, 0.895017, 0.895704, 0.896029]
[0.895947, 0.896015, 0.895461, 0.894833, 0.894689, 0.895099, 0.895788, 0.896115]
[0.896033, 0.896099, 0.895545, 0.894913, 0.89477, 0.895183, 0.895871, 0.8962]
[0.896108, 0.896172, 0.895626, 0.895003, 0.894854, 0.895259, 0.895946, 0.896278]
[0.896171, 0.896248, 0.895707, 0.895078, 0.894924, 0.895317, 0.896003, 0.896343]
[0.896256, 0.896335, 0.895796, 0.895168, 0.895008, 0.895402, 0.89609, 0.896429]
[0.896345, 0.896423, 0.895885, 0.895258, 0.895099, 0.895491, 0.896176, 0.896519]
[0.896425, 0.896504, 0.895964, 0.895339, 0.895181, 0.895576, 0.896262, 0.896601]
[0.896514, 0.896588, 0.896047, 0.895422, 0.895272, 0.89567, 0.896352, 0.896687]
[0.896595, 0.896668, 0.896127, 0.895507, 0.895359, 0.895757, 0.896433, 0.896768]
[0.896663, 0.896737, 0.896199, 0.895579, 0.895429, 0.895823, 0.896506, 0.896837]
[0.896728, 0.896801, 0.896262, 0.895644, 0.895495, 0.895889, 0.896569, 0.896902]
[0.896792, 0.896863, 0.896325, 0.895707, 0.895557, 0.895957, 0.896637, 0.896967]
[0.896849, 0.896916, 0.896373, 0.895757, 0.895615, 0.896021, 0.896696, 0.897022]
[0.896894, 0.896964, 0.896424, 0.895805, 0.895661, 0.896062, 0.896738, 0.897069]
[0.896927, 0.897004, 0.896466, 0.895848, 0.895694, 0.896088, 0.896771, 0.897109]
[0.896975, 0.89705, 0.896515, 0.895896, 0.89574, 0.896139, 0.896817, 0.897154]
[0.897021, 0.897098, 0.896562, 0.89594, 0.895786, 0.896182, 0.896864, 0.897203]
[0.897065, 0.897142, 0.896603, 0.895983, 0.895832, 0.896228, 0.89691, 0.897245]
[0.897105, 0.897182, 0.896646, 0.896023, 0.895872, 0.896268, 0.896948, 0.897284]
[0.897145, 0.897218, 0.89668, 0.896059, 0.895911, 0.896308, 0.896989, 0.897323]
[0.897178, 0.897252, 0.896717, 0.896098, 0.895947, 0.896342, 0.897024, 0.897357]
[0.897223, 0.897293, 0.896755, 0.896139, 0.895993, 0.89639, 0.897067, 0.897397]
[0.897257, 0.897328, 0.896792, 0.896172, 0.896025, 0.89642, 0.897099, 0.897429]
[0.897291, 0.89736, 0.896822, 0.896203, 0.896055, 0.896453, 0.897132, 0.897463]
[0.897323, 0.897391, 0.896849, 0.896227, 0.896082, 0.896483, 0.897161, 0.897494]
[0.897337, 0.89741, 0.896871, 0.896246, 0.896091, 0.896492, 0.897176, 0.897512]
[0.897355, 0.897432, 0.896889, 0.896262, 0.896106, 0.896508, 0.897191, 0.897528]
[0.897374, 0.897452, 0.896909, 0.89628, 0.896126, 0.896525, 0.897211, 0.897546]
[0.897388, 0.897467, 0.896925, 0.896296, 0.896135, 0.896535, 0.897224, 0.897559]
[0.897409, 0.897487, 0.896945, 0.896317, 0.896158, 0.896558, 0.897248, 0.897585]
[0.897428, 0.897506, 0.896964, 0.896328, 0.896171, 0.896571, 0.897264, 0.897605]
[0.897363, 0.897462, 0.896895, 0.896218, 0.896028, 0.896453, 0.897196, 0.897569]
[0.897387, 0.897483, 0.896918, 0.896239, 0.896057, 0.89648, 0.897221, 0.89759]
[0.897506, 0.897564, 0.896999, 0.896363, 0.89623, 0.896658, 0.897346, 0.897668]
[0.897537, 0.897592, 0.897036, 0.896413, 0.896285, 0.8967, 0.89738, 0.897697]
[0.897569, 0.897626, 0.897075, 0.896462, 0.896337, 0.89674, 0.897413, 0.897732]
[0.897598, 0.897652, 0.897106, 0.896496, 0.896373, 0.896774, 0.897442, 0.897754]
[0.897625, 0.89768, 0.897136, 0.89653, 0.896405, 0.896806, 0.897471, 0.897784]
[0.897652, 0.89771, 0.897167, 0.896564, 0.89644, 0.896835, 0.897497, 0.897812]
[0.89768, 0.897731, 0.897183, 0.896583, 0.896464, 0.896868, 0.897529, 0.897837]
[0.897714, 0.897769, 0.897225, 0.896634, 0.89651, 0.896905, 0.897561, 0.897871]
[0.897744, 0.897801, 0.897263, 0.896666, 0.896541, 0.896937, 0.897594, 0.897908]
[0.897767, 0.897828, 0.897292, 0.896689, 0.89656, 0.896954, 0.897616, 0.897934]
[0.897797, 0.897855, 0.897322, 0.896723, 0.896593, 0.89699, 0.897646, 0.897963]
[0.897825, 0.897879, 0.897343, 0.896744, 0.896623, 0.897024, 0.897679, 0.897989]
[0.89784, 0.897906, 0.897377, 0.896776, 0.896646, 0.897036, 0.897695, 0.898013]
[0.897874, 0.897942, 0.897412, 0.896816, 0.896679, 0.897071, 0.897731, 0.898051]
[0.897916, 0.897973, 0.89744, 0.896842, 0.896718, 0.897118, 0.897774, 0.898088]
[0.897951, 0.898012, 0.897485, 0.896888, 0.896761, 0.897157, 0.89781, 0.898124]
[0.897994, 0.898052, 0.897521, 0.896926, 0.896807, 0.897204, 0.897856, 0.898166]
[0.898026, 0.898086, 0.89756, 0.89697, 0.896846, 0.897239, 0.897887, 0.898199]
[0.898064, 0.89812, 0.897593, 0.897005, 0.896885, 0.897278, 0.897926, 0.898232]
[0.898096, 0.898153, 0.897633, 0.897048, 0.896929, 0.89732, 0.897963, 0.898268]
[0.898132, 0.898185, 0.897662, 0.897087, 0.896974, 0.897361, 0.897999, 0.898304]
[0.898169, 0.898219, 0.897698, 0.897133, 0.897027, 0.89741, 0.898039, 0.898333]
[0.898208, 0.898257, 0.897741, 0.897177, 0.897071, 0.897456, 0.898079, 0.898372]
[0.898246, 0.898281, 0.897757, 0.897196, 0.897104, 0.897499, 0.89812, 0.898401]
[0.898275, 0.898313, 0.897795, 0.897237, 0.897144, 0.897531, 0.898149, 0.898428]
[0.898305, 0.898347, 0.897834, 0.897281, 0.897184, 0.897566, 0.898181, 0.898461]
[0.898327, 0.898374, 0.897865, 0.897315, 0.897216, 0.897589, 0.898202, 0.898486]
[0.898352, 0.898393, 0.897883, 0.897334, 0.897236, 0.897617, 0.898225, 0.898506]
[0.898377, 0.898417, 0.89791, 0.897363, 0.897265, 0.897644, 0.898249, 0.898531]
[0.898399, 0.898438, 0.897933, 0.897389, 0.897294, 0.897668, 0.898274, 0.898554]
[0.898422, 0.898455, 0.897948, 0.897404, 0.897318, 0.897698, 0.898297, 0.898569]
[0.89844, 0.898467, 0.897952, 0.897412, 0.89733, 0.897717, 0.898317, 0.898583]
[0.898458, 0.89848, 0.897966, 0.897422, 0.897341, 0.897733, 0.898333, 0.898601]
[0.89842, 0.898473, 0.897959, 0.897388, 0.89727, 0.897651, 0.898289, 0.898589]
[0.898379, 0.898441, 0.897901, 0.89729, 0.897156, 0.897572, 0.898249, 0.898564]
[0.898453, 0.898496, 0.897967, 0.897388, 0.897281, 0.897685, 0.898326, 0.898614]
[0.898485, 0.89852, 0.897994, 0.897424, 0.897324, 0.897726, 0.898351, 0.898632]
[0.898504, 0.898534, 0.898011, 0.897445, 0.897352, 0.897752, 0.898374, 0.898652]
[0.898522, 0.898549, 0.898025, 0.897464, 0.897375, 0.897773, 0.898389, 0.89866]
[0.898539, 0.898557, 0.898029, 0.897472, 0.897388, 0.897791, 0.898408, 0.898674]
[0.898541, 0.898561, 0.898031, 0.897477, 0.897393, 0.897797, 0.898411, 0.898674]
[0.89854, 0.898558, 0.898025, 0.89747, 0.89739, 0.897796, 0.898405, 0.898668]
[0.898539, 0.898551, 0.898015, 0.897458, 0.897382, 0.897794, 0.898407, 0.898665]
[0.898538, 0.898554, 0.898013, 0.897453, 0.897377, 0.897791, 0.898406, 0.898665]
[0.898536, 0.898548, 0.898008, 0.897445, 0.89737, 0.897787, 0.898406, 0.898662]
[0.898537, 0.898545, 0.898008, 0.897446, 0.897372, 0.897785, 0.898407, 0.898666]
[0.898525, 0.898533, 0.897991, 0.89743, 0.897356, 0.897779, 0.898398, 0.898654]
[0.898511, 0.898516, 0.897977, 0.897412, 0.897342, 0.897763, 0.898382, 0.898638]
[0.898489, 0.8985, 0.897963, 0.897396, 0.897321, 0.897741, 0.898361, 0.898615]
[0.898466, 0.898481, 0.897944, 0.897376, 0.897296, 0.897716, 0.898335, 0.898601]
[0.898446, 0.898463, 0.897925, 0.897355, 0.897276, 0.897696, 0.898319, 0.898582]
[0.898422, 0.898446, 0.897915, 0.897347, 0.897256, 0.897672, 0.898293, 0.898568]
[0.898392, 0.898422, 0.897891, 0.897323, 0.897232, 0.897637, 0.898261, 0.898538]
[0.898367, 0.898394, 0.897863, 0.897295, 0.897205, 0.897618, 0.89824, 0.898517]
[0.898331, 0.898358, 0.89783, 0.89726, 0.897168, 0.897582, 0.898211, 0.898481]
[0.89831, 0.898342, 0.897812, 0.897239, 0.897143, 0.897553, 0.898186, 0.898465]
[0.898293, 0.898324, 0.897797, 0.897223, 0.897123, 0.897538, 0.898169, 0.898446]
[0.898271, 0.898295, 0.897769, 0.897197, 0.897097, 0.89752, 0.898149, 0.89842]
[0.898247, 0.898276, 0.897756, 0.897183, 0.897081, 0.897491, 0.898122, 0.898396]
[0.898223, 0.898259, 0.897736, 0.897166, 0.897063, 0.897473, 0.898103, 0.898378]
[0.898191, 0.898229, 0.897709, 0.897137, 0.897035, 0.89744, 0.89807, 0.898352]
[0.898158, 0.898194, 0.89767, 0.8971, 0.897003, 0.897409, 0.898034, 0.898314]
[0.898136, 0.898173, 0.897651, 0.897083, 0.896981, 0.897382, 0.898011, 0.898294]
[0.898114, 0.898154, 0.897632, 0.897061, 0.896961, 0.897362, 0.897991, 0.898275]
[0.898094, 0.898126, 0.897607, 0.897036, 0.896941, 0.89735, 0.897972, 0.898252]
[0.89808, 0.898111, 0.897586, 0.897021, 0.896932, 0.897339, 0.897963, 0.898241]
[0.898063, 0.898094, 0.897571, 0.897003, 0.896912, 0.89732, 0.897946, 0.898223]
[0.898047, 0.898081, 0.897557, 0.896986, 0.896892, 0.897298, 0.897925, 0.898208]
[0.898032, 0.898061, 0.897536, 0.896967, 0.896872, 0.897284, 0.897913, 0.898194]
[0.898014, 0.89805, 0.897526, 0.896952, 0.89685, 0.897262, 0.897895, 0.898181]
[0.89799, 0.898029, 0.897503, 0.896918, 0.896812, 0.897226, 0.89787, 0.89816]
[0.897885, 0.897939, 0.897376, 0.896739, 0.89661, 0.897061, 0.897769, 0.898085]
[0.897941, 0.897983, 0.897435, 0.896823, 0.896707, 0.897152, 0.897823, 0.898121]
[0.897988, 0.898018, 0.897476, 0.896885, 0.896793, 0.897227, 0.897874, 0.898153]
[0.898004, 0.898027, 0.897487, 0.896911, 0.896822, 0.897251, 0.897889, 0.89816]
[0.898024, 0.898044, 0.897507, 0.896935, 0.89685, 0.897277, 0.897904, 0.89817]
[0.898042, 0.898061, 0.897526, 0.896955, 0.896872, 0.897294, 0.897918, 0.898189]
[0.898051, 0.898071, 0.897538, 0.896965, 0.896883, 0.897303, 0.897927, 0.898196]
[0.898067, 0.89808, 0.897542, 0.896978, 0.896902, 0.897327, 0.897947, 0.898207]
[0.898073, 0.898083, 0.897546, 0.896981, 0.896907, 0.897327, 0.897948, 0.898209]
[0.898083, 0.898095, 0.897556, 0.896992, 0.896916, 0.897336, 0.897959, 0.898218]
[0.898092, 0.898103, 0.897568, 0.897, 0.896924, 0.897343, 0.897968, 0.898227]
[0.898104, 0.898108, 0.897565, 0.897, 0.896932, 0.897359, 0.897979, 0.898234]
[0.898101, 0.898114, 0.897578, 0.897013, 0.896931, 0.897351, 0.897975, 0.898238]
[0.898085, 0.898103, 0.897559, 0.896988, 0.896904, 0.897325, 0.897954, 0.898223]
[0.898073, 0.898101, 0.897558, 0.896971, 0.896883, 0.897307, 0.897943, 0.898217]
[0.898071, 0.898101, 0.897555, 0.896967, 0.896875, 0.897298, 0.897937, 0.898219]
[0.898072, 0.898104, 0.897559, 0.896965, 0.896869, 0.897295, 0.897938, 0.898219]
[0.898072, 0.898109, 0.897566, 0.896966, 0.896861, 0.89728, 0.897939, 0.89823]
[0.898076, 0.898115, 0.897574, 0.896973, 0.896862, 0.897283, 0.897938, 0.898231]
[0.898094, 0.898133, 0.897594, 0.896996, 0.896889, 0.897308, 0.897958, 0.89825]
[0.898098, 0.898143, 0.897608, 0.897009, 0.896891, 0.897307, 0.897959, 0.898259]
[0.898101, 0.898151, 0.897617, 0.897017, 0.896891, 0.897304, 0.897961, 0.898265]
[0.89811, 0.898161, 0.89763, 0.897036, 0.896908, 0.897317, 0.897968, 0.898272]
[0.89812, 0.898175, 0.897649, 0.897055, 0.896922, 0.897322, 0.897976, 0.898284]
[0.898136, 0.898185, 0.897658, 0.89706, 0.896934, 0.897344, 0.897995, 0.898298]
[0.898141, 0.8982, 0.897681, 0.897088, 0.89695, 0.897345, 0.897997, 0.898307]
[0.898155, 0.898217, 0.897702, 0.897109, 0.896974, 0.897364, 0.898012, 0.898322]
[0.898169, 0.898234, 0.89772, 0.897124, 0.896989, 0.897378, 0.898026, 0.898337]
[0.898182, 0.89825, 0.897735, 0.897139, 0.896999, 0.897386, 0.89804, 0.898354]
[0.898214, 0.898285, 0.897771, 0.897174, 0.897034, 0.89742, 0.898071, 0.898389]
[0.898246, 0.89832, 0.897806, 0.897207, 0.897061, 0.897447, 0.898101, 0.898422]
[0.898272, 0.898344, 0.897837, 0.897241, 0.897096, 0.897478, 0.898127, 0.898446]
[0.898297, 0.898369, 0.897861, 0.897267, 0.897125, 0.897506, 0.898154, 0.89847]
[0.898314, 0.898387, 0.897883, 0.897294, 0.897151, 0.897529, 0.898169, 0.898488]
[0.898325, 0.8984, 0.897903, 0.897314, 0.897169, 0.897543, 0.898186, 0.898506]
[0.898324, 0.898406, 0.897913, 0.897326, 0.897171, 0.897538, 0.898179, 0.898508]
[0.89824, 0.898348, 0.897836, 0.897192, 0.896998, 0.897391, 0.898091, 0.898459]
[0.898218, 0.898331, 0.897811, 0.897159, 0.896965, 0.897363, 0.898075, 0.898442]
[0.898299, 0.898391, 0.89789, 0.897281, 0.897115, 0.897494, 0.898157, 0.898496]
[0.898306, 0.8984, 0.897901, 0.897299, 0.897137, 0.897511, 0.898166, 0.898501]
[0.898309, 0.898403, 0.89791, 0.897313, 0.89715, 0.897515, 0.898166, 0.898501]
[0.898311, 0.898404, 0.897923, 0.897332, 0.897168, 0.897524, 0.898168, 0.898503]
[0.898322, 0.898416, 0.897935, 0.897355, 0.897187, 0.897543, 0.898182, 0.898516]
[0.898336, 0.898438, 0.897963, 0.897373, 0.897205, 0.897557, 0.898194, 0.898532]
[0.898347, 0.898454, 0.897985, 0.897395, 0.897215, 0.897564, 0.898203, 0.898551]
[0.898352, 0.898467, 0.897998, 0.897405, 0.897218, 0.89756, 0.898206, 0.898563]
[0.898361, 0.898479, 0.898013, 0.897416, 0.897229, 0.897567, 0.898216, 0.898578]
[0.898378, 0.898495, 0.898027, 0.897434, 0.897242, 0.897581, 0.89823, 0.89859]
[0.898384, 0.898505, 0.898034, 0.897433, 0.897242, 0.897585, 0.898241, 0.8986]
[0.898388, 0.89851, 0.898039, 0.897437, 0.897244, 0.897586, 0.898244, 0.898608]
[0.898399, 0.898524, 0.898053, 0.897447, 0.89725, 0.897592, 0.898256, 0.898622]
[0.898414, 0.89854, 0.898069, 0.897461, 0.89726, 0.897604, 0.898269, 0.898638]
[0.898438, 0.898567, 0.898095, 0.897485, 0.897284, 0.897626, 0.898291, 0.898662]
[0.898458, 0.898591, 0.89812, 0.897506, 0.897301, 0.897645, 0.898311, 0.898684]
[0.898481, 0.898615, 0.898142, 0.89753, 0.897323, 0.897668, 0.898335, 0.898708]
[0.898503, 0.898637, 0.898167, 0.897556, 0.89735, 0.897691, 0.898357, 0.898729]
[0.898517, 0.898651, 0.898183, 0.897575, 0.897369, 0.897707, 0.898372, 0.898744]
[0.898524, 0.898658, 0.89819, 0.897582, 0.897374, 0.897712, 0.898376, 0.89875]
[0.898532, 0.898666, 0.898199, 0.897589, 0.89738, 0.897717, 0.898385, 0.89876]
[0.898546, 0.898674, 0.898207, 0.897596, 0.897393, 0.897731, 0.898399, 0.898768]
[0.898555, 0.898684, 0.898212, 0.897603, 0.897394, 0.897737, 0.898405, 0.898776]
[0.89857, 0.898702, 0.898228, 0.897616, 0.897406, 0.897751, 0.898423, 0.898792]
[0.898583, 0.898712, 0.898234, 0.897621, 0.897412, 0.897759, 0.898432, 0.898805]
[0.8986, 0.898726, 0.898245, 0.897627, 0.897425, 0.897777, 0.898453, 0.898822]
[0.898619, 0.898749, 0.89827, 0.897644, 0.897434, 0.89779, 0.89847, 0.898843]
[0.898643, 0.898777, 0.898296, 0.89767, 0.897454, 0.897808, 0.89849, 0.898865]
[0.89867, 0.898805, 0.898325, 0.897694, 0.897475, 0.897833, 0.898516, 0.898895]
[0.898715, 0.898849, 0.898365, 0.897737, 0.897521, 0.897872, 0.898558, 0.898935]
[0.898763, 0.898891, 0.898406, 0.897779, 0.897563, 0.897924, 0.898605, 0.898977]
[0.898796, 0.898926, 0.898439, 0.897808, 0.897592, 0.897954, 0.898638, 0.899016]
[0.898833, 0.898965, 0.898473, 0.897843, 0.897632, 0.897985, 0.898675, 0.899048]
[0.898863, 0.898993, 0.898504, 0.897871, 0.89766, 0.898017, 0.898706, 0.899081]
[0.898819, 0.898967, 0.898461, 0.897793, 0.897555, 0.897931, 0.898661, 0.899063]
[0.898811, 0.898962, 0.898443, 0.89775, 0.897503, 0.897899, 0.898654, 0.899066]
[0.898926, 0.899057, 0.898547, 0.897894, 0.897682, 0.898067, 0.898776, 0.899154]
[0.898982, 0.899109, 0.898613, 0.897972, 0.897765, 0.898133, 0.898827, 0.899203]
[0.899023, 0.899152, 0.898659, 0.898026, 0.897815, 0.898178, 0.898866, 0.899244]
[0.899066, 0.899191, 0.898701, 0.898071, 0.897864, 0.898223, 0.898909, 0.899283]
[0.899105, 0.899234, 0.898747, 0.898118, 0.89791, 0.898263, 0.898948, 0.899322]
[0.899147, 0.899275, 0.898789, 0.898164, 0.897957, 0.898315, 0.898993, 0.899361]
[0.899185, 0.899311, 0.898825, 0.898204, 0.897999, 0.898352, 0.899028, 0.899397]
[0.899215, 0.899343, 0.898863, 0.898241, 0.898037, 0.898385, 0.899061, 0.899432]
[0.899237, 0.89937, 0.898892, 0.898268, 0.898055, 0.898401, 0.899079, 0.899453]
[0.899269, 0.899401, 0.89892, 0.898301, 0.898098, 0.898438, 0.89911, 0.899486]
[0.8993, 0.899436, 0.898963, 0.898342, 0.898139, 0.898477, 0.899145, 0.899522]
[0.899332, 0.899469, 0.898993, 0.898379, 0.898174, 0.898509, 0.899174, 0.899551]
[0.899363, 0.899503, 0.89903, 0.898421, 0.898212, 0.898547, 0.89921, 0.899588]
[0.899404, 0.899543, 0.899079, 0.898475, 0.898266, 0.898599, 0.899256, 0.899627]
[0.899448, 0.899583, 0.899124, 0.898524, 0.898315, 0.898644, 0.899301, 0.899674]
[0.899512, 0.899643, 0.899181, 0.898584, 0.898379, 0.898707, 0.899363, 0.899726]
[0.899574, 0.899709, 0.899249, 0.898646, 0.898442, 0.898774, 0.899429, 0.899795]
[0.899636, 0.899772, 0.899309, 0.898706, 0.898495, 0.898828, 0.899486, 0.899859]
[0.899693, 0.899832, 0.899366, 0.898759, 0.898549, 0.898878, 0.899543, 0.899918]
[0.899751, 0.89989, 0.899424, 0.898812, 0.8986, 0.898934, 0.899603, 0.899978]
[0.899814, 0.899951, 0.899485, 0.898873, 0.898661, 0.898994, 0.899661, 0.900043]
[0.899885, 0.900023, 0.899558, 0.898949, 0.898736, 0.899075, 0.899737, 0.900107]
[0.899963, 0.900096, 0.89963, 0.899022, 0.898808, 0.899144, 0.899808, 0.900184]
[0.900041, 0.900168, 0.899699, 0.899092, 0.898886, 0.899226, 0.89989, 0.900257]
[0.900107, 0.900238, 0.899765, 0.899155, 0.898949, 0.89929, 0.899952, 0.900325]
[0.900171, 0.900298, 0.899825, 0.899219, 0.899016, 0.899359, 0.900024, 0.900389]
[0.900223, 0.900349, 0.899876, 0.899266, 0.89906, 0.899405, 0.900072, 0.900439]
[0.900272, 0.900397, 0.899922, 0.899313, 0.899109, 0.899455, 0.900119, 0.900491]
[0.900319, 0.900446, 0.899971, 0.899357, 0.899153, 0.899497, 0.90017, 0.90054]
[0.900365, 0.900491, 0.900014, 0.899399, 0.899196, 0.899547, 0.900219, 0.900586]
[0.900411, 0.900533, 0.900057, 0.899443, 0.899247, 0.899597, 0.900267, 0.900632]
[0.900449, 0.900569, 0.900088, 0.899475, 0.899276, 0.899633, 0.900305, 0.900669]
[0.900506, 0.90063, 0.900147, 0.899535, 0.899337, 0.899691, 0.900363, 0.900728]
[0.900498, 0.900639, 0.900144, 0.899491, 0.899266, 0.899637, 0.900351, 0.900744]
[0.900505, 0.900656, 0.900151, 0.899473, 0.899232, 0.899622, 0.900365, 0.900771]
[0.900673, 0.900793, 0.900298, 0.899662, 0.899467, 0.89985, 0.900538, 0.900905]
[0.900761, 0.90088, 0.900389, 0.899761, 0.899569, 0.899943, 0.900625, 0.90099]
[0.90084, 0.900955, 0.900464, 0.899839, 0.899651, 0.900023, 0.900703, 0.901067]
[0.900922, 0.901042, 0.900558, 0.899935, 0.899742, 0.900108, 0.900782, 0.901145]
[0.900993, 0.901118, 0.900632, 0.900011, 0.899814, 0.900175, 0.900854, 0.901222]
[0.901057, 0.901189, 0.900709, 0.900081, 0.899874, 0.900234, 0.900914, 0.90129]
[0.901124, 0.901251, 0.900771, 0.900145, 0.89994, 0.900303, 0.900984, 0.901352]
[0.901185, 0.901311, 0.900832, 0.900204, 0.900002, 0.900362, 0.901043, 0.901414]
[0.901246, 0.901373, 0.900889, 0.900264, 0.900057, 0.900419, 0.901103, 0.901473]
[0.901328, 0.901453, 0.900971, 0.900352, 0.900151, 0.900508, 0.901181, 0.901548]
[0.901393, 0.901522, 0.90105, 0.900433, 0.900223, 0.900574, 0.90124, 0.901611]
[0.901457, 0.901585, 0.901111, 0.900494, 0.900281, 0.900636, 0.901307, 0.901672]
[0.901515, 0.901667, 0.90121, 0.900591, 0.900358, 0.900686, 0.901357, 0.901744]
[0.901572, 0.901719, 0.901262, 0.90064, 0.900411, 0.900741, 0.901413, 0.901798]
[0.901616, 0.901777, 0.901329, 0.90071, 0.900463, 0.900775, 0.901452, 0.901852]
[0.901666, 0.901824, 0.901372, 0.900753, 0.900514, 0.900829, 0.901504, 0.901895]
[0.901712, 0.901872, 0.901424, 0.900807, 0.900567, 0.900876, 0.901544, 0.901935]
[0.901753, 0.901895, 0.901424, 0.900801, 0.900579, 0.900912, 0.901585, 0.901967]
[0.901803, 0.901965, 0.901514, 0.900896, 0.900652, 0.900967, 0.901633, 0.902029]
[0.901841, 0.902004, 0.901546, 0.900921, 0.900678, 0.900994, 0.901671, 0.90207]
[0.901879, 0.902049, 0.9016, 0.900973, 0.900717, 0.901028, 0.901705, 0.902112]
[0.901924, 0.902099, 0.901652, 0.901025, 0.900768, 0.901073, 0.901749, 0.902161]
[0.90196, 0.902138, 0.901696, 0.90107, 0.900802, 0.901105, 0.901787, 0.902203]
[0.902007, 0.902182, 0.901739, 0.901111, 0.900853, 0.901158, 0.901833, 0.902244]
[0.902052, 0.902215, 0.901767, 0.901136, 0.900881, 0.901197, 0.901878, 0.902282]
[0.902102, 0.902277, 0.901831, 0.901199, 0.900935, 0.901245, 0.901929, 0.90234]
[0.902154, 0.902331, 0.901881, 0.901246, 0.900982, 0.901291, 0.901979, 0.902394]
[0.902201, 0.902378, 0.901924, 0.901285, 0.901021, 0.901338, 0.902026, 0.902442]
[0.902258, 0.902428, 0.901977, 0.90134, 0.901084, 0.901401, 0.902085, 0.902493]
[0.902312, 0.902488, 0.902038, 0.901404, 0.901141, 0.901455, 0.902136, 0.902553]
[0.902358, 0.902528, 0.902073, 0.901433, 0.901177, 0.901496, 0.902183, 0.902591]
[0.902407, 0.902582, 0.902129, 0.901489, 0.901229, 0.901547, 0.902237, 0.902645]
[0.902453, 0.902628, 0.902172, 0.901525, 0.901271, 0.901595, 0.902288, 0.902696]
[0.902509, 0.90268, 0.902223, 0.901574, 0.901317, 0.901649, 0.902337, 0.902748]
[0.902581, 0.902759, 0.902306, 0.901663, 0.901398, 0.901719, 0.902408, 0.902827]
[0.902571, 0.902791, 0.902327, 0.901632, 0.901319, 0.901647, 0.90239, 0.90286]
[0.902638, 0.90285, 0.902379, 0.90168, 0.901367, 0.901704, 0.90246, 0.902923]
[0.902766, 0.902889, 0.90236, 0.901668, 0.901443, 0.901861, 0.9026, 0.902986]
[0.902814, 0.902935, 0.902411, 0.901741, 0.901531, 0.901936, 0.902653, 0.903026]
[0.902876, 0.903006, 0.902494, 0.901838, 0.901624, 0.902009, 0.902714, 0.903094]
[0.902978, 0.903116, 0.902621, 0.901973, 0.901756, 0.902122, 0.902819, 0.903199]
[0.903055, 0.903189, 0.902689, 0.902039, 0.901825, 0.902197, 0.902895, 0.903274]
[0.903136, 0.903271, 0.902775, 0.902131, 0.901917, 0.902281, 0.902977, 0.903354]
[0.903222, 0.903361, 0.902871, 0.902231, 0.902011, 0.902369, 0.903062, 0.903444]
[0.903296, 0.90343, 0.90294, 0.9023, 0.902084, 0.902445, 0.903135, 0.903514]
[0.903351, 0.903481, 0.902984, 0.902337, 0.902125, 0.902494, 0.903194, 0.903567]
[0.903414, 0.903545, 0.90305, 0.902405, 0.902189, 0.902561, 0.903257, 0.90363]
[0.903471, 0.903603, 0.903104, 0.90246, 0.902246, 0.902616, 0.90331, 0.903686]
[0.903529, 0.903656, 0.903157, 0.902516, 0.902306, 0.90268, 0.903372, 0.903743]
[0.903585, 0.903709, 0.903203, 0.902557, 0.902348, 0.902731, 0.90343, 0.903801]
[0.903648, 0.903774, 0.903273, 0.90263, 0.90242, 0.902795, 0.90349, 0.903861]
[0.903718, 0.903844, 0.903344, 0.9027, 0.902492, 0.902865, 0.903561, 0.903935]
[0.903781, 0.90391, 0.903402, 0.902752, 0.902541, 0.902918, 0.903621, 0.903998]
[0.903823, 0.903932, 0.903399, 0.902731, 0.902529, 0.902941, 0.903665, 0.904031]
[0.903893, 0.904014, 0.903503, 0.902854, 0.902655, 0.903038, 0.90374, 0.904107]
[0.903978, 0.904099, 0.903586, 0.902938, 0.902735, 0.903119, 0.903821, 0.90419]
[0.904059, 0.904172, 0.903657, 0.903008, 0.902806, 0.903198, 0.903902, 0.904268]
[0.90413, 0.904239, 0.903711, 0.903051, 0.902858, 0.90326, 0.903973, 0.904337]
[0.904217, 0.904334, 0.903816, 0.903163, 0.902966, 0.903355, 0.904058, 0.904428]
[0.90429, 0.904408, 0.903886, 0.903222, 0.903021, 0.903417, 0.904135, 0.904506]
[0.904352, 0.904477, 0.903957, 0.903295, 0.903086, 0.903478, 0.904198, 0.904573]
[0.904427, 0.904566, 0.904064, 0.903411, 0.903187, 0.903556, 0.904268, 0.904659]
[0.904481, 0.904612, 0.904097, 0.903429, 0.903209, 0.903598, 0.904319, 0.904708]
[0.904523, 0.904647, 0.904116, 0.903444, 0.903235, 0.903638, 0.904364, 0.904744]
[0.904577, 0.904704, 0.904186, 0.903524, 0.90331, 0.903702, 0.904424, 0.904807]
[0.904637, 0.904779, 0.904271, 0.90361, 0.903382, 0.90376, 0.904478, 0.904875]
[0.904699, 0.904841, 0.904331, 0.903663, 0.903439, 0.903823, 0.904546, 0.904937]
[0.904746, 0.904879, 0.904361, 0.903695, 0.903478, 0.903869, 0.904592, 0.904979]
[0.904806, 0.904935, 0.904418, 0.903753, 0.903541, 0.903931, 0.904653, 0.905035]
[0.904877, 0.905, 0.904488, 0.903824, 0.903609, 0.904002, 0.904728, 0.905107]
[0.904946, 0.905063, 0.90455, 0.903893, 0.903685, 0.904082, 0.904798, 0.905168]
[0.904852, 0.905062, 0.904546, 0.903795, 0.903472, 0.903866, 0.904694, 0.905167]
[0.904872, 0.905085, 0.904553, 0.903778, 0.903453, 0.903869, 0.904718, 0.905198]
[0.905169, 0.905318, 0.904803, 0.90412, 0.903887, 0.904283, 0.905027, 0.905422]
[0.905265, 0.905397, 0.904896, 0.904248, 0.904036, 0.904414, 0.905117, 0.905497]
[0.905353, 0.905487, 0.905003, 0.904378, 0.904165, 0.904526, 0.90521, 0.905585]
[0.90542, 0.905549, 0.905068, 0.904443, 0.904238, 0.904599, 0.905278, 0.905646]
[0.905483, 0.905605, 0.905122, 0.904502, 0.904301, 0.904665, 0.905341, 0.905705]
[0.905554, 0.905681, 0.905208, 0.904596, 0.904395, 0.90474, 0.90541, 0.905774]
[0.90562, 0.905749, 0.90528, 0.904674, 0.904471, 0.904814, 0.905479, 0.905844]
[0.905681, 0.905815, 0.905348, 0.904739, 0.904532, 0.904876, 0.90554, 0.905908]
[0.905745, 0.905878, 0.905405, 0.904795, 0.904589, 0.904937, 0.905606, 0.905968]
[0.905829, 0.905956, 0.905482, 0.904871, 0.90467, 0.90502, 0.905688, 0.90605]
[0.905924, 0.906056, 0.905583, 0.904972, 0.904766, 0.905114, 0.905783, 0.906147]
[0.906004, 0.906131, 0.905657, 0.905049, 0.904848, 0.905195, 0.905866, 0.906228]
[0.906087, 0.90621, 0.905728, 0.905114, 0.904917, 0.905276, 0.905948, 0.906309]
[0.906191, 0.906318, 0.905841, 0.905234, 0.905032, 0.905382, 0.906051, 0.906418]
[0.906285, 0.906409, 0.905925, 0.905313, 0.905116, 0.905477, 0.906146, 0.906507]
[0.906386, 0.90651, 0.906035, 0.905425, 0.90523, 0.905585, 0.90625, 0.906606]
[0.906496, 0.906623, 0.906155, 0.905549, 0.905352, 0.905697, 0.906358, 0.906718]
[0.906593, 0.906718, 0.906247, 0.905638, 0.905446, 0.905794, 0.906456, 0.906813]
[0.906706, 0.906833, 0.906362, 0.905757, 0.905562, 0.905909, 0.90657, 0.906928]
[0.906805, 0.906924, 0.906446, 0.905838, 0.90565, 0.90601, 0.906668, 0.907022]
[0.906898, 0.907017, 0.906545, 0.905945, 0.905758, 0.906109, 0.906763, 0.907114]
[0.90698, 0.907094, 0.906619, 0.906013, 0.90583, 0.906196, 0.906849, 0.907192]
[0.907072, 0.907176, 0.906688, 0.90609, 0.90592, 0.906289, 0.906941, 0.907279]
[0.907162, 0.907268, 0.906791, 0.906201, 0.90603, 0.906385, 0.907029, 0.90737]
[0.907237, 0.907343, 0.906863, 0.906268, 0.906093, 0.906457, 0.907108, 0.907446]
[0.907303, 0.907412, 0.906929, 0.90633, 0.906155, 0.906518, 0.90717, 0.90751]
[0.907361, 0.907475, 0.906997, 0.906396, 0.906212, 0.906573, 0.907229, 0.907575]
[0.907423, 0.907538, 0.90706, 0.906461, 0.906275, 0.906633, 0.907288, 0.907639]
[0.907474, 0.907591, 0.907116, 0.906514, 0.906324, 0.906682, 0.907339, 0.907688]
[0.907526, 0.907643, 0.90717, 0.906568, 0.906379, 0.906734, 0.907391, 0.907743]
[0.90757, 0.907691, 0.907218, 0.906614, 0.906426, 0.906781, 0.907437, 0.907786]
[0.907622, 0.907738, 0.907257, 0.906652, 0.906467, 0.90683, 0.907488, 0.907837]
[0.90766, 0.907781, 0.907303, 0.906701, 0.906508, 0.906867, 0.907527, 0.907877]
[0.907705, 0.907824, 0.907343, 0.906735, 0.906546, 0.906906, 0.907569, 0.907921]
[0.907753, 0.907882, 0.907413, 0.906808, 0.906608, 0.906953, 0.907614, 0.907973]
[0.907588, 0.907768, 0.907273, 0.906575, 0.906298, 0.906679, 0.907443, 0.907871]
[0.907716, 0.907883, 0.907402, 0.906737, 0.906477, 0.906842, 0.907566, 0.90798]
[0.907899, 0.907988, 0.907457, 0.906797, 0.906622, 0.907055, 0.907762, 0.908102]
[0.907951, 0.908043, 0.907531, 0.906904, 0.906737, 0.907142, 0.907815, 0.908149]
[0.907996, 0.908086, 0.90758, 0.906964, 0.906797, 0.907194, 0.90786, 0.908189]
[0.908048, 0.908136, 0.907637, 0.90703, 0.906869, 0.907256, 0.907912, 0.908237]
[0.90809, 0.908175, 0.907672, 0.907067, 0.906907, 0.907299, 0.907957, 0.90828]
[0.908132, 0.90822, 0.907719, 0.907117, 0.906957, 0.907344, 0.907999, 0.908322]
[0.908153, 0.908228, 0.907706, 0.907091, 0.906942, 0.907351, 0.908018, 0.908337]
[0.908189, 0.908273, 0.907767, 0.907165, 0.907015, 0.907403, 0.908053, 0.908369]
[0.908236, 0.908332, 0.907852, 0.907262, 0.907101, 0.907461, 0.908099, 0.908425]
[0.908265, 0.908355, 0.907857, 0.907251, 0.907084, 0.907469, 0.908126, 0.908456]
[0.908309, 0.9084, 0.907909, 0.907308, 0.907148, 0.907525, 0.908174, 0.9085]
[0.908362, 0.908469, 0.90799, 0.907392, 0.907223, 0.907587, 0.908225, 0.908559]
[0.908418, 0.908531, 0.908058, 0.907471, 0.907301, 0.907649, 0.908282, 0.908617]
[0.908466, 0.908564, 0.908081, 0.907493, 0.907328, 0.907691, 0.908329, 0.908659]
[0.908519, 0.908622, 0.908144, 0.907561, 0.907393, 0.907746, 0.908383, 0.908716]
[0.908582, 0.908687, 0.908215, 0.907636, 0.907461, 0.907809, 0.908447, 0.908779]
[0.908632, 0.908728, 0.908237, 0.907649, 0.907487, 0.907854, 0.908495, 0.908824]
[0.908681, 0.908778, 0.908292, 0.907702, 0.907539, 0.907905, 0.908547, 0.908871]
[0.908732, 0.908827, 0.908339, 0.907747, 0.907587, 0.907956, 0.908602, 0.908929]
[0.908792, 0.908887, 0.908408, 0.90782, 0.907656, 0.90802, 0.90866, 0.908984]
[0.908839, 0.908932, 0.908443, 0.907849, 0.907685, 0.908058, 0.908706, 0.909034]
[0.908877, 0.908954, 0.908448, 0.907843, 0.907692, 0.908091, 0.908749, 0.909067]
[0.908925, 0.908997, 0.908479, 0.907872, 0.907728, 0.908137, 0.908797, 0.90911]
[0.908987, 0.909064, 0.908561, 0.907966, 0.907815, 0.908209, 0.908863, 0.909176]
[0.909043, 0.909115, 0.908606, 0.908006, 0.907862, 0.908262, 0.90892, 0.909231]
[0.909088, 0.909151, 0.90863, 0.908027, 0.907893, 0.908314, 0.908971, 0.90927]
[0.909156, 0.909213, 0.908705, 0.908113, 0.907987, 0.908395, 0.909041, 0.909335]
[0.909234, 0.909296, 0.908791, 0.90821, 0.908081, 0.908483, 0.909121, 0.909416]
[0.909259, 0.90929, 0.908724, 0.9081, 0.907995, 0.908467, 0.909151, 0.909431]
[0.909366, 0.909424, 0.908918, 0.90834, 0.908219, 0.908621, 0.909259, 0.909546]
[0.909437, 0.909501, 0.909003, 0.908431, 0.908302, 0.9087, 0.909329, 0.909621]
[0.909514, 0.909577, 0.909075, 0.908507, 0.908387, 0.908778, 0.909407, 0.909695]
[0.909608, 0.909667, 0.909166, 0.908599, 0.908475, 0.908872, 0.909498, 0.909787]
[0.909691, 0.909747, 0.909239, 0.908662, 0.908542, 0.908944, 0.90958, 0.909866]
[0.909787, 0.909856, 0.909373, 0.908812, 0.908684, 0.909062, 0.909676, 0.909969]
[0.909858, 0.909919, 0.909425, 0.908856, 0.908728, 0.909119, 0.909747, 0.910037]
[0.909744, 0.909891, 0.909398, 0.908744, 0.908499, 0.908886, 0.909622, 0.910011]
[0.909891, 0.910019, 0.909542, 0.908923, 0.908709, 0.909079, 0.909768, 0.910128]
[0.910074, 0.910177, 0.909715, 0.909148, 0.908977, 0.909326, 0.909954, 0.910279]
[0.910141, 0.910245, 0.909794, 0.90923, 0.909061, 0.909398, 0.910018, 0.910342]
[0.910219, 0.91032, 0.909872, 0.909315, 0.909148, 0.909485, 0.910097, 0.910416]
[0.910292, 0.91039, 0.909941, 0.90939, 0.909228, 0.909562, 0.91017, 0.910487]
[0.910343, 0.910446, 0.91, 0.909447, 0.90928, 0.909609, 0.910219, 0.91054]
[0.910395, 0.910501, 0.910052, 0.909499, 0.909331, 0.909665, 0.910273, 0.910594]
[0.910449, 0.910552, 0.910106, 0.909549, 0.909382, 0.909719, 0.910325, 0.910643]
[0.910517, 0.910612, 0.910167, 0.909616, 0.909459, 0.909796, 0.910396, 0.910706]
[0.91058, 0.910671, 0.910224, 0.90968, 0.909527, 0.909867, 0.910462, 0.910764]
[0.910616, 0.910714, 0.910274, 0.909722, 0.909563, 0.909898, 0.910496, 0.910807]
[0.910657, 0.910756, 0.910313, 0.909762, 0.909603, 0.909934, 0.910536, 0.910849]
[0.910694, 0.910793, 0.910355, 0.909806, 0.909641, 0.909971, 0.910573, 0.910886]
[0.910743, 0.910837, 0.910395, 0.909849, 0.909691, 0.910027, 0.910623, 0.910933]
[0.910787, 0.910881, 0.91044, 0.909896, 0.90974, 0.910074, 0.910668, 0.910973]
[0.910825, 0.91092, 0.910477, 0.909933, 0.909779, 0.910112, 0.910706, 0.91101]
[0.910867, 0.910961, 0.910521, 0.909971, 0.909817, 0.910152, 0.910744, 0.911053]
[0.910915, 0.911006, 0.910564, 0.91002, 0.909871, 0.910208, 0.910796, 0.911098]
[0.910954, 0.911047, 0.910606, 0.910064, 0.909911, 0.910243, 0.910834, 0.911137]
[0.910992, 0.911085, 0.910648, 0.910111, 0.909953, 0.910282, 0.910872, 0.911176]
[0.911029, 0.911123, 0.910689, 0.910151, 0.909998, 0.910322, 0.91091, 0.911215]
[0.911073, 0.911166, 0.910737, 0.910202, 0.91005, 0.910374, 0.910952, 0.911256]
[0.9111, 0.911195, 0.910769, 0.910234, 0.910076, 0.910399, 0.91098, 0.911289]
[0.911128, 0.911223, 0.910799, 0.910263, 0.910103, 0.910422, 0.911006, 0.911315]
[0.911157, 0.911257, 0.910829, 0.910292, 0.910134, 0.910452, 0.911037, 0.911346]
[0.911176, 0.911278, 0.910852, 0.910312, 0.91015, 0.910468, 0.911053, 0.911369]
[0.91121, 0.911311, 0.910884, 0.910345, 0.910186, 0.910505, 0.911089, 0.911403]
[0.911257, 0.911357, 0.910931, 0.910396, 0.910233, 0.910551, 0.911134, 0.911446]
[0.911286, 0.911389, 0.910962, 0.910426, 0.910264, 0.910579, 0.911165, 0.911476]
[0.911315, 0.911422, 0.910998, 0.910459, 0.910292, 0.910604, 0.91119, 0.911507]
[0.911349, 0.911454, 0.91103, 0.910494, 0.910326, 0.910644, 0.911227, 0.91154]
[0.911369, 0.911478, 0.911057, 0.910516, 0.910347, 0.910658, 0.911247, 0.911564]
[0.911399, 0.911506, 0.911083, 0.910546, 0.910378, 0.910689, 0.911276, 0.911592]
[0.911446, 0.911546, 0.911124, 0.910588, 0.91043, 0.910742, 0.911326, 0.911635]
[0.911408, 0.911522, 0.91109, 0.910531, 0.91035, 0.910673, 0.911282, 0.911614]
[0.911378, 0.9115, 0.911042, 0.91045, 0.910255, 0.910608, 0.911259, 0.911603]
[0.911496, 0.911599, 0.911156, 0.910598, 0.91043, 0.910768, 0.91138, 0.911699]
[0.911573, 0.911663, 0.911223, 0.910686, 0.910537, 0.910872, 0.91146, 0.911762]
[0.911615, 0.911705, 0.911268, 0.910736, 0.910592, 0.91092, 0.911505, 0.911806]
[0.911648, 0.911739, 0.911301, 0.910767, 0.910616, 0.910947, 0.911536, 0.911839]
[0.911677, 0.911771, 0.911332, 0.910794, 0.910639, 0.910973, 0.911563, 0.91187]
[0.911716, 0.911806, 0.911366, 0.910832, 0.910679, 0.911014, 0.911605, 0.911907]
[0.911747, 0.911835, 0.911397, 0.91086, 0.910709, 0.911041, 0.911635, 0.911939]
[0.911778, 0.911866, 0.911426, 0.910893, 0.910742, 0.911077, 0.911667, 0.911969]
[0.911811, 0.911899, 0.91146, 0.910927, 0.910777, 0.911112, 0.9117, 0.912003]
[0.91184, 0.91193, 0.911488, 0.910951, 0.910803, 0.911139, 0.911729, 0.912031]
[0.911865, 0.911952, 0.911509, 0.910966, 0.910818, 0.91116, 0.911755, 0.912053]
[0.911885, 0.911975, 0.911529, 0.910984, 0.910833, 0.911176, 0.911773, 0.912077]
[0.9119, 0.911992, 0.911544, 0.910996, 0.91084, 0.911183, 0.911788, 0.912097]
[0.911923, 0.912015, 0.911564, 0.911013, 0.910856, 0.911205, 0.911812, 0.912122]
[0.911949, 0.912039, 0.911588, 0.911034, 0.910878, 0.911227, 0.911835, 0.912146]
[0.911991, 0.912078, 0.911629, 0.911082, 0.910931, 0.911282, 0.911882, 0.912186]
[0.912015, 0.912106, 0.911657, 0.911107, 0.910958, 0.911305, 0.911906, 0.91221]
[0.912046, 0.912135, 0.911687, 0.911139, 0.910995, 0.911343, 0.911939, 0.912239]
[0.91207, 0.912158, 0.91171, 0.911166, 0.911021, 0.911367, 0.911966, 0.912265]
[0.9121, 0.912185, 0.911741, 0.911201, 0.911055, 0.911398, 0.911995, 0.912293]
[0.912128, 0.912215, 0.911776, 0.91124, 0.911092, 0.91143, 0.912023, 0.912323]
[0.912155, 0.912246, 0.911812, 0.911279, 0.911125, 0.911459, 0.912048, 0.91235]
[0.912182, 0.912275, 0.91185, 0.911319, 0.91116, 0.911486, 0.912071, 0.912375]
[0.91221, 0.912308, 0.911887, 0.911362, 0.911201, 0.911518, 0.912098, 0.912406]
[0.912247, 0.912346, 0.911929, 0.911405, 0.911246, 0.911559, 0.912135, 0.912443]
[0.912268, 0.912371, 0.911959, 0.911437, 0.911275, 0.911579, 0.912154, 0.912467]
[0.912295, 0.912404, 0.911994, 0.911474, 0.911309, 0.911607, 0.91218, 0.912496]
[0.912322, 0.912433, 0.912026, 0.911509, 0.91134, 0.911637, 0.912205, 0.912519]
[0.912353, 0.912467, 0.912064, 0.911548, 0.911374, 0.911669, 0.912236, 0.912551]
[0.912397, 0.91251, 0.912106, 0.911592, 0.911422, 0.911715, 0.912281, 0.912596]
[0.912449, 0.912558, 0.912157, 0.911645, 0.911477, 0.911772, 0.912332, 0.912644]
[0.912489, 0.912599, 0.912197, 0.911685, 0.911517, 0.911806, 0.912372, 0.912682]
[0.912537, 0.912644, 0.912242, 0.911734, 0.911571, 0.911861, 0.91242, 0.912728]
[0.912574, 0.91268, 0.91228, 0.911769, 0.911607, 0.911898, 0.912457, 0.912765]
[0.912556, 0.912675, 0.912268, 0.911735, 0.911553, 0.911851, 0.912435, 0.91276]
[0.912484, 0.912617, 0.91218, 0.911602, 0.911397, 0.911734, 0.912366, 0.912716]
[0.912573, 0.912695, 0.912273, 0.911718, 0.911533, 0.91185, 0.912456, 0.91279]
[0.912661, 0.912773, 0.912359, 0.91183, 0.911659, 0.911965, 0.912544, 0.91286]
[0.912701, 0.912808, 0.9124, 0.911881, 0.911715, 0.912016, 0.912586, 0.912897]
[0.912737, 0.912844, 0.912436, 0.911926, 0.911761, 0.912056, 0.912619, 0.912927]
[0.912763, 0.912869, 0.912463, 0.911954, 0.911795, 0.912087, 0.912648, 0.912952]
[0.912789, 0.912893, 0.912493, 0.911982, 0.911823, 0.912117, 0.912673, 0.91298]
[0.912807, 0.912914, 0.912509, 0.911999, 0.911838, 0.912131, 0.912691, 0.912999]
[0.912829, 0.912935, 0.912534, 0.912029, 0.911866, 0.912156, 0.912714, 0.91302]
[0.912858, 0.91296, 0.912566, 0.912061, 0.911898, 0.912187, 0.912742, 0.913043]
[0.912881, 0.912986, 0.912589, 0.912087, 0.911927, 0.912213, 0.912765, 0.913069]
[0.912909, 0.913012, 0.912616, 0.912117, 0.911962, 0.912248, 0.912794, 0.913092]
[0.912933, 0.913034, 0.912641, 0.912149, 0.911992, 0.912276, 0.91282, 0.913116]
[0.912954, 0.913056, 0.912665, 0.912173, 0.912021, 0.912302, 0.912839, 0.913135]
[0.91297, 0.913073, 0.912683, 0.912192, 0.912039, 0.912316, 0.912853, 0.913151]
[0.912988, 0.91309, 0.912701, 0.912214, 0.912061, 0.912337, 0.912871, 0.913169]
[0.913012, 0.913113, 0.912725, 0.912243, 0.91209, 0.912364, 0.912897, 0.913189]
[0.913026, 0.913128, 0.912743, 0.912262, 0.912108, 0.912382, 0.912908, 0.913204]
[0.913044, 0.913149, 0.912766, 0.912287, 0.912132, 0.9124, 0.912924, 0.913218]
[0.913056, 0.913161, 0.912782, 0.912302, 0.912149, 0.91241, 0.91293, 0.913228]
[0.913073, 0.913184, 0.912803, 0.91233, 0.912178, 0.912429, 0.912945, 0.913254]
[0.913092, 0.913204, 0.912834, 0.912355, 0.912194, 0.912444, 0.912963, 0.913268]
[0.913124, 0.913235, 0.912866, 0.912387, 0.912221, 0.912472, 0.912991, 0.913297]
[0.913155, 0.913265, 0.912895, 0.912421, 0.912254, 0.912506, 0.913028, 0.913329]
[0.913189, 0.913297, 0.912926, 0.912455, 0.912294, 0.912546, 0.913065, 0.913362]
[0.913229, 0.913333, 0.912962, 0.912497, 0.912343, 0.912593, 0.913105, 0.913399]
[0.91325, 0.913353, 0.912987, 0.912521, 0.912365, 0.912616, 0.913125, 0.91342]
[0.913272, 0.913374, 0.913005, 0.912538, 0.912383, 0.912634, 0.913147, 0.913442]
[0.913301, 0.9134, 0.913032, 0.912567, 0.912414, 0.91267, 0.913177, 0.913467]
[0.913328, 0.913425, 0.913056, 0.912593, 0.912446, 0.912701, 0.913207, 0.913493]
[0.913358, 0.91345, 0.913079, 0.912623, 0.91248, 0.912739, 0.913243, 0.913522]
[0.91338, 0.913471, 0.913102, 0.912644, 0.912503, 0.91276, 0.913263, 0.913542]
[0.913409, 0.913498, 0.913129, 0.912672, 0.912534, 0.912792, 0.913294, 0.913571]
[0.913442, 0.913525, 0.913153, 0.912699, 0.912569, 0.912826, 0.913328, 0.9136]
[0.91347, 0.913552, 0.913179, 0.912727, 0.912597, 0.91286, 0.913357, 0.913632]
[0.913428, 0.913521, 0.913125, 0.912629, 0.912481, 0.912776, 0.913321, 0.913614]
[0.913476, 0.913563, 0.913166, 0.912678, 0.912537, 0.912835, 0.913371, 0.913652]
[0.913564, 0.913636, 0.913249, 0.912786, 0.912664, 0.912958, 0.913466, 0.913726]
[0.91361, 0.913674, 0.913285, 0.912834, 0.912719, 0.913012, 0.91351, 0.913758]
[0.913652, 0.913706, 0.913321, 0.912874, 0.912768, 0.913061, 0.913556, 0.913795]
[0.913684, 0.913733, 0.913346, 0.912903, 0.912805, 0.913099, 0.913589, 0.913825]
[0.91372, 0.913766, 0.913374, 0.912936, 0.912846, 0.91314, 0.913624, 0.91386]
[0.913753, 0.913794, 0.913403, 0.912966, 0.912883, 0.913177, 0.913663, 0.913891]
[0.913778, 0.913819, 0.913425, 0.912992, 0.912907, 0.913202, 0.913687, 0.913912]
[0.913804, 0.913842, 0.913448, 0.913018, 0.91294, 0.913234, 0.913712, 0.91394]
[0.913827, 0.913863, 0.91347, 0.913041, 0.912964, 0.913259, 0.913737, 0.91396]
[0.913855, 0.913887, 0.913494, 0.913066, 0.912992, 0.91329, 0.913767, 0.913988]
[0.913877, 0.91391, 0.913514, 0.913087, 0.913014, 0.913314, 0.913791, 0.914005]
[0.913887, 0.913918, 0.913519, 0.913092, 0.913019, 0.913323, 0.913802, 0.914017]
[0.913899, 0.91393, 0.913531, 0.913102, 0.913029, 0.913333, 0.913814, 0.914028]
[0.913911, 0.913942, 0.913542, 0.913112, 0.913042, 0.913344, 0.913827, 0.91404]
[0.91393, 0.913954, 0.913559, 0.913135, 0.913065, 0.913372, 0.913845, 0.914053]
[0.913941, 0.913964, 0.91357, 0.913142, 0.913071, 0.913378, 0.913855, 0.914059]
[0.913956, 0.913975, 0.913582, 0.913157, 0.913087, 0.913395, 0.913868, 0.914074]
[0.913963, 0.913982, 0.913586, 0.913163, 0.913091, 0.913399, 0.913875, 0.914083]
[0.91397, 0.913991, 0.913592, 0.913167, 0.913096, 0.913403, 0.913881, 0.91409]
[0.913985, 0.914003, 0.913603, 0.91318, 0.913111, 0.913425, 0.9139, 0.914105]
[0.913997, 0.914013, 0.913613, 0.913188, 0.913122, 0.913434, 0.913909, 0.914114]
[0.914004, 0.914022, 0.913621, 0.913195, 0.913128, 0.913441, 0.913917, 0.914122]
[0.914012, 0.914027, 0.913625, 0.913201, 0.913135, 0.913448, 0.913923, 0.914131]
[0.91402, 0.914038, 0.913632, 0.913209, 0.913149, 0.91346, 0.913936, 0.914139]
[0.914018, 0.914037, 0.913632, 0.913207, 0.913142, 0.913456, 0.913932, 0.914139]
[0.914026, 0.914043, 0.913636, 0.91321, 0.913148, 0.913459, 0.91394, 0.914145]
[0.914036, 0.914055, 0.913645, 0.913218, 0.913161, 0.913472, 0.91395, 0.914157]
[0.914034, 0.914053, 0.913647, 0.913219, 0.913157, 0.913468, 0.913949, 0.914158]
[0.914047, 0.914066, 0.913658, 0.913231, 0.913173, 0.913487, 0.913965, 0.914167]
[0.914059, 0.914077, 0.91367, 0.913245, 0.913188, 0.913497, 0.913974, 0.914178]
[0.91406, 0.914081, 0.913676, 0.91325, 0.913189, 0.913498, 0.913975, 0.914184]
[0.914069, 0.914091, 0.913688, 0.91326, 0.913198, 0.913507, 0.913981, 0.91419]
[0.914071, 0.914093, 0.913688, 0.913265, 0.913204, 0.913509, 0.913983, 0.914194]
[0.914065, 0.914089, 0.913685, 0.91326, 0.913197, 0.913503, 0.913981, 0.91419]
[0.914062, 0.914084, 0.913683, 0.913258, 0.913192, 0.9135, 0.913975, 0.914187]
[0.91398, 0.914016, 0.913591, 0.91312, 0.913035, 0.913373, 0.913897, 0.914131]
[0.91401, 0.914045, 0.913627, 0.913173, 0.913094, 0.913421, 0.913927, 0.914153]
[0.914059, 0.914085, 0.913678, 0.913242, 0.913175, 0.91349, 0.913979, 0.914193]
[0.914074, 0.9141, 0.913696, 0.913266, 0.9132, 0.913513, 0.913989, 0.914203]
[0.914083, 0.914111, 0.913703, 0.913272, 0.913205, 0.913522, 0.914, 0.914212]
[0.914101, 0.914118, 0.913714, 0.913282, 0.913221, 0.913541, 0.914019, 0.914224]
[0.914118, 0.914134, 0.913727, 0.913297, 0.913237, 0.913556, 0.914035, 0.914238]
[0.914132, 0.914152, 0.913743, 0.913312, 0.913252, 0.913566, 0.914048, 0.914252]
[0.914143, 0.914164, 0.913755, 0.913327, 0.913263, 0.913576, 0.914058, 0.914266]
[0.914158, 0.914177, 0.913768, 0.913342, 0.913281, 0.913597, 0.914076, 0.91428]
[0.914165, 0.914185, 0.913776, 0.913348, 0.913282, 0.913597, 0.914079, 0.914288]
[0.914178, 0.914197, 0.913789, 0.913359, 0.913296, 0.913613, 0.914097, 0.914301]
[0.914178, 0.914198, 0.913789, 0.913358, 0.913291, 0.913609, 0.914092, 0.914301]
[0.914183, 0.914203, 0.913794, 0.91336, 0.913294, 0.913612, 0.914098, 0.914309]
[0.914178, 0.914202, 0.91379, 0.913353, 0.913286, 0.913606, 0.914094, 0.914305]
[0.914178, 0.9142, 0.913788, 0.913351, 0.913281, 0.913602, 0.914091, 0.914304]
[0.914183, 0.914206, 0.913792, 0.913353, 0.913286, 0.913608, 0.914098, 0.914309]
[0.914175, 0.914197, 0.913786, 0.913345, 0.913276, 0.913599, 0.914092, 0.914304]
[0.914172, 0.914195, 0.913781, 0.913342, 0.913272, 0.913598, 0.914089, 0.914302]
[0.914162, 0.914184, 0.913768, 0.913325, 0.913258, 0.913583, 0.91408, 0.91429]
[0.914155, 0.914176, 0.913764, 0.913319, 0.913253, 0.913581, 0.914072, 0.914287]
[0.914138, 0.914158, 0.913743, 0.913304, 0.913237, 0.913565, 0.914058, 0.914268]
[0.914131, 0.914152, 0.913739, 0.913299, 0.913233, 0.913558, 0.914047, 0.914259]
[0.914126, 0.914146, 0.913734, 0.913296, 0.913232, 0.913556, 0.914044, 0.914252]
[0.914121, 0.914139, 0.913727, 0.913294, 0.91323, 0.913552, 0.914038, 0.914244]
[0.914118, 0.914135, 0.913725, 0.913296, 0.913233, 0.913556, 0.914036, 0.914239]
[0.914111, 0.914126, 0.913718, 0.913294, 0.913234, 0.913549, 0.914029, 0.914232]
[0.914102, 0.914119, 0.913713, 0.913287, 0.913225, 0.913542, 0.914019, 0.914223]
[0.914105, 0.914117, 0.913714, 0.913292, 0.913237, 0.913554, 0.914021, 0.914222]
[0.914099, 0.914111, 0.913709, 0.913292, 0.913237, 0.91355, 0.914018, 0.914215]
[0.914091, 0.914103, 0.913706, 0.913288, 0.913233, 0.913542, 0.914009, 0.914205]
[0.914079, 0.914098, 0.913701, 0.913285, 0.913222, 0.913531, 0.913997, 0.914194]
[0.91407, 0.914089, 0.913697, 0.913282, 0.913216, 0.913524, 0.913985, 0.914186]
[0.914051, 0.914073, 0.91368, 0.913265, 0.913202, 0.913505, 0.913964, 0.914165]
[0.914037, 0.914062, 0.913669, 0.913249, 0.913182, 0.913481, 0.913949, 0.914159]
[0.913975, 0.914008, 0.913601, 0.913153, 0.913068, 0.913387, 0.913889, 0.914111]
[0.913948, 0.913984, 0.913572, 0.913122, 0.913035, 0.913358, 0.913862, 0.914089]
[0.914018, 0.914031, 0.913634, 0.913218, 0.913169, 0.913479, 0.913936, 0.91413]
[0.914024, 0.914037, 0.913646, 0.91324, 0.913187, 0.913487, 0.913939, 0.914134]
[0.914022, 0.914036, 0.913647, 0.913246, 0.913194, 0.913491, 0.913936, 0.914127]
[0.914019, 0.914035, 0.913653, 0.913256, 0.913199, 0.913489, 0.913933, 0.914125]
[0.914028, 0.914047, 0.913665, 0.913268, 0.913212, 0.913495, 0.913939, 0.91413]
[0.914044, 0.914061, 0.91368, 0.913283, 0.913228, 0.913514, 0.913956, 0.914147]
[0.914057, 0.914073, 0.913692, 0.913299, 0.913245, 0.913529, 0.913971, 0.914161]
[0.914064, 0.91408, 0.913701, 0.913308, 0.913258, 0.913539, 0.913977, 0.91417]
[0.914074, 0.914088, 0.913708, 0.913323, 0.91327, 0.913553, 0.913989, 0.914177]
[0.914072, 0.914085, 0.913707, 0.913323, 0.913276, 0.913556, 0.91399, 0.914174]
[0.914075, 0.91409, 0.913714, 0.913331, 0.913278, 0.913559, 0.913991, 0.914182]
[0.914082, 0.914095, 0.913718, 0.913341, 0.913289, 0.913569, 0.913998, 0.914185]
[0.914083, 0.914097, 0.913721, 0.913341, 0.913294, 0.913571, 0.914002, 0.914187]
[0.914086, 0.914097, 0.913727, 0.913348, 0.913298, 0.913575, 0.914005, 0.914189]
[0.914088, 0.9141, 0.913728, 0.913351, 0.913306, 0.913582, 0.914009, 0.914192]
[0.91407, 0.914084, 0.913713, 0.913337, 0.913292, 0.913564, 0.91399, 0.914175]
[0.914063, 0.914076, 0.913705, 0.913329, 0.913287, 0.913559, 0.913987, 0.914169]
[0.914057, 0.914068, 0.913696, 0.913328, 0.91329, 0.913565, 0.913983, 0.914162]
[0.91403, 0.914043, 0.913676, 0.913303, 0.913262, 0.913533, 0.913952, 0.914136]
[0.91402, 0.914033, 0.913668, 0.9133, 0.913262, 0.91353, 0.913948, 0.914126]
[0.914006, 0.91402, 0.913659, 0.913296, 0.913261, 0.913525, 0.913933, 0.914115]
[0.913975, 0.91399, 0.913629, 0.913263, 0.913229, 0.913497, 0.913904, 0.914087]
[0.913963, 0.913974, 0.913613, 0.913253, 0.913223, 0.913488, 0.913889, 0.91407]
[0.913946, 0.913959, 0.913603, 0.913242, 0.913208, 0.913468, 0.913873, 0.914052]
[0.913937, 0.913953, 0.913597, 0.913238, 0.913198, 0.913457, 0.913862, 0.914042]
[0.913931, 0.913945, 0.913591, 0.913233, 0.913193, 0.913447, 0.913854, 0.914035]
[0.913934, 0.91395, 0.9136, 0.913242, 0.913199, 0.91345, 0.913857, 0.914038]
[0.91394, 0.913956, 0.913606, 0.913253, 0.913208, 0.913456, 0.91386, 0.914041]
[0.91395, 0.913961, 0.913614, 0.913261, 0.913216, 0.913466, 0.913872, 0.914047]
[0.913962, 0.913979, 0.913633, 0.913277, 0.913228, 0.913483, 0.913885, 0.91406]
[0.913976, 0.913993, 0.913648, 0.913293, 0.913241, 0.913495, 0.913894, 0.914078]
[0.913987, 0.91401, 0.913666, 0.913311, 0.913258, 0.913508, 0.913909, 0.914092]
[0.913998, 0.914027, 0.913689, 0.913331, 0.913276, 0.913515, 0.913915, 0.914107]
[0.914021, 0.914055, 0.913714, 0.913356, 0.913295, 0.913529, 0.913937, 0.914136]
[0.914053, 0.91408, 0.913737, 0.913383, 0.913328, 0.913568, 0.913971, 0.914163]
[0.91402, 0.914066, 0.913707, 0.913308, 0.913221, 0.913482, 0.913934, 0.914154]
[0.914041, 0.914084, 0.913719, 0.913319, 0.913239, 0.913507, 0.913961, 0.914172]
[0.914114, 0.914138, 0.913782, 0.913409, 0.913353, 0.913612, 0.914035, 0.91423]
[0.914143, 0.914166, 0.91381, 0.913442, 0.913386, 0.913645, 0.914065, 0.914255]
[0.914175, 0.914194, 0.91384, 0.913471, 0.913419, 0.913677, 0.914095, 0.914283]
[0.9142, 0.91422, 0.913862, 0.913494, 0.91344, 0.913699, 0.914118, 0.914305]
[0.914225, 0.914245, 0.913885, 0.913516, 0.913465, 0.913722, 0.914144, 0.914329]
[0.914242, 0.914263, 0.913907, 0.913541, 0.913489, 0.913742, 0.91416, 0.914349]
[0.914266, 0.91429, 0.913932, 0.91356, 0.913507, 0.913765, 0.914185, 0.914375]
[0.914293, 0.914318, 0.913955, 0.913583, 0.913527, 0.913787, 0.91421, 0.914402]
[0.91432, 0.914342, 0.913977, 0.913599, 0.913545, 0.913809, 0.914234, 0.914429]
[0.914346, 0.914369, 0.914005, 0.913625, 0.913564, 0.913834, 0.914261, 0.914452]
[0.914367, 0.914392, 0.914025, 0.913646, 0.913584, 0.913852, 0.914281, 0.914478]
[0.914387, 0.914417, 0.914048, 0.913662, 0.913602, 0.913868, 0.914298, 0.914498]
[0.914409, 0.914439, 0.914073, 0.913689, 0.913622, 0.913886, 0.91432, 0.914519]
[0.914435, 0.914464, 0.914101, 0.913716, 0.913649, 0.913915, 0.914347, 0.914545]
[0.914465, 0.914495, 0.914133, 0.913747, 0.913677, 0.913943, 0.914377, 0.914577]
[0.91449, 0.914515, 0.914155, 0.91377, 0.913701, 0.913966, 0.914403, 0.914603]
[0.914528, 0.914553, 0.914188, 0.913798, 0.913727, 0.913999, 0.914441, 0.91464]
[0.914574, 0.914601, 0.914234, 0.913845, 0.913776, 0.914048, 0.914487, 0.914682]
[0.914611, 0.914637, 0.91427, 0.91388, 0.913811, 0.91408, 0.91452, 0.914719]
[0.914652, 0.914676, 0.914305, 0.913916, 0.913849, 0.914115, 0.914558, 0.914759]
[0.91469, 0.914714, 0.914339, 0.913959, 0.913894, 0.914159, 0.9146, 0.914798]
[0.914731, 0.914753, 0.914375, 0.913992, 0.913927, 0.914193, 0.914637, 0.914834]
[0.914773, 0.914795, 0.914418, 0.91403, 0.913964, 0.914237, 0.914682, 0.914879]
[0.914807, 0.914832, 0.914457, 0.914064, 0.913995, 0.91427, 0.914715, 0.91491]
[0.914843, 0.914867, 0.914492, 0.914091, 0.914023, 0.9143, 0.914748, 0.914947]
[0.91489, 0.914916, 0.914539, 0.91414, 0.914071, 0.914349, 0.914795, 0.914997]
[0.914927, 0.914955, 0.914576, 0.914173, 0.914102, 0.914379, 0.91483, 0.915033]
[0.914969, 0.914999, 0.914623, 0.914216, 0.914141, 0.914415, 0.914868, 0.915075]
[0.915012, 0.915044, 0.91467, 0.914265, 0.914182, 0.914459, 0.914913, 0.915119]
[0.915068, 0.915094, 0.91471, 0.914306, 0.91423, 0.914513, 0.914967, 0.91517]
[0.915126, 0.915155, 0.91477, 0.914358, 0.914281, 0.914562, 0.915023, 0.915226]
[0.915176, 0.915208, 0.914826, 0.914407, 0.914325, 0.914609, 0.91507, 0.915279]
[0.915228, 0.915266, 0.914888, 0.91447, 0.914377, 0.914659, 0.915123, 0.915335]
[0.91524, 0.915291, 0.914896, 0.914449, 0.914339, 0.914633, 0.915131, 0.915367]
[0.915258, 0.915313, 0.914911, 0.914447, 0.914328, 0.914633, 0.91515, 0.915392]
[0.915362, 0.915403, 0.915013, 0.914583, 0.914489, 0.914781, 0.915257, 0.915476]
[0.915413, 0.915452, 0.915067, 0.914642, 0.914551, 0.914834, 0.915304, 0.915521]
[0.915453, 0.915492, 0.915112, 0.914695, 0.914596, 0.914876, 0.915346, 0.915562]
[0.915485, 0.915525, 0.91515, 0.914734, 0.914638, 0.914908, 0.915374, 0.91559]
[0.915519, 0.915556, 0.915185, 0.914772, 0.914675, 0.914945, 0.915407, 0.915623]
[0.91555, 0.915589, 0.91522, 0.914807, 0.914718, 0.914984, 0.915441, 0.915656]
[0.915578, 0.915619, 0.91525, 0.914837, 0.914746, 0.915012, 0.915471, 0.915685]
[0.915613, 0.915655, 0.915285, 0.914871, 0.914783, 0.915051, 0.915505, 0.915723]
[0.915653, 0.915691, 0.915317, 0.914908, 0.914822, 0.915097, 0.915551, 0.915763]
[0.915705, 0.915738, 0.915364, 0.914957, 0.914877, 0.915149, 0.915603, 0.915811]
[0.915752, 0.91578, 0.915402, 0.914999, 0.914926, 0.915202, 0.915657, 0.915857]
[0.915795, 0.915818, 0.915438, 0.915042, 0.914973, 0.915253, 0.915696, 0.915895]
[0.915832, 0.91585, 0.915467, 0.915071, 0.915008, 0.915292, 0.915739, 0.91593]
[0.915863, 0.915878, 0.915495, 0.9151, 0.915036, 0.915324, 0.915771, 0.915963]
[0.915906, 0.915918, 0.915534, 0.915141, 0.915086, 0.915374, 0.915815, 0.916005]
[0.915933, 0.915944, 0.91556, 0.915171, 0.91511, 0.915401, 0.915845, 0.916029]
[0.915956, 0.915968, 0.915585, 0.915199, 0.915144, 0.915432, 0.915875, 0.916055]
[0.915977, 0.915984, 0.915606, 0.915224, 0.915172, 0.915457, 0.915897, 0.916079]
[0.915999, 0.916005, 0.91563, 0.915248, 0.915197, 0.915481, 0.91592, 0.916099]
[0.916011, 0.91602, 0.915645, 0.915263, 0.915215, 0.915502, 0.915935, 0.916117]
[0.916025, 0.916033, 0.915661, 0.915281, 0.915231, 0.915517, 0.915951, 0.91613]
[0.916046, 0.91605, 0.91568, 0.915304, 0.915258, 0.915544, 0.915969, 0.916148]
[0.916059, 0.916064, 0.915696, 0.915323, 0.91528, 0.915562, 0.915988, 0.916161]
[0.916067, 0.916076, 0.915711, 0.915339, 0.915292, 0.915573, 0.915996, 0.916173]
[0.916088, 0.916094, 0.915728, 0.915365, 0.915322, 0.915599, 0.916017, 0.916192]
[0.916097, 0.916105, 0.915741, 0.915375, 0.915331, 0.915607, 0.916024, 0.9162]
[0.916108, 0.916115, 0.915755, 0.915394, 0.915352, 0.915623, 0.91604, 0.916213]
[0.916117, 0.916122, 0.915765, 0.915409, 0.91537, 0.915637, 0.916047, 0.916221]
[0.91613, 0.916133, 0.915774, 0.915425, 0.915388, 0.915657, 0.916061, 0.916229]
[0.916156, 0.916151, 0.915795, 0.91545, 0.915423, 0.915691, 0.91609, 0.916248]
[0.916165, 0.916169, 0.915814, 0.915469, 0.915433, 0.915696, 0.916096, 0.916261]
[0.916174, 0.916178, 0.915826, 0.915479, 0.915444, 0.915704, 0.916105, 0.916274]
[0.916191, 0.916194, 0.915839, 0.915498, 0.915465, 0.915727, 0.916125, 0.916286]
[0.916203, 0.916212, 0.915858, 0.915512, 0.915474, 0.915735, 0.916132, 0.916301]
[0.916203, 0.916225, 0.91586, 0.915476, 0.91542, 0.915692, 0.916122, 0.916316]
[0.916208, 0.916236, 0.915862, 0.915459, 0.915387, 0.915676, 0.916132, 0.916332]
[0.916271, 0.916289, 0.915926, 0.915546, 0.915482, 0.915755, 0.91619, 0.91638]
[0.916303, 0.916322, 0.915964, 0.91559, 0.91553, 0.915798, 0.916219, 0.916406]
[0.916334, 0.916353, 0.915997, 0.915628, 0.915567, 0.91583, 0.916247, 0.916433]
[0.916358, 0.916377, 0.916019, 0.915651, 0.91559, 0.91585, 0.916271, 0.916459]
[0.916382, 0.916402, 0.916044, 0.915671, 0.915606, 0.91587, 0.916296, 0.916485]
[0.91641, 0.916432, 0.916071, 0.915696, 0.915631, 0.915897, 0.916323, 0.916512]
[0.916438, 0.916461, 0.9161, 0.915721, 0.915655, 0.915921, 0.916349, 0.916542]
[0.916481, 0.916504, 0.916145, 0.915767, 0.915698, 0.915962, 0.916391, 0.916583]
[0.916521, 0.916545, 0.916188, 0.915811, 0.915741, 0.916002, 0.916431, 0.916626]
[0.916558, 0.916583, 0.916228, 0.91585, 0.915781, 0.916041, 0.916468, 0.916661]
[0.916587, 0.916615, 0.916259, 0.915882, 0.915814, 0.91607, 0.916497, 0.916693]
[0.916615, 0.916643, 0.916289, 0.915908, 0.915835, 0.916093, 0.916521, 0.91672]
[0.916648, 0.916676, 0.91632, 0.915942, 0.915868, 0.916127, 0.916555, 0.91675]
[0.916684, 0.916713, 0.916357, 0.915978, 0.915907, 0.916166, 0.91659, 0.916785]
[0.916721, 0.916747, 0.916391, 0.916015, 0.915948, 0.916203, 0.91663, 0.916824]
[0.91675, 0.916779, 0.916426, 0.916049, 0.915975, 0.916229, 0.916656, 0.916852]
[0.916778, 0.916806, 0.916452, 0.916075, 0.916001, 0.916256, 0.916683, 0.91688]
[0.916807, 0.916835, 0.916481, 0.916103, 0.916031, 0.916285, 0.916711, 0.916908]
[0.916835, 0.916864, 0.916511, 0.916131, 0.916058, 0.916313, 0.916741, 0.916939]
[0.916862, 0.916892, 0.916539, 0.916157, 0.91608, 0.916334, 0.916765, 0.916961]
[0.916887, 0.916917, 0.916562, 0.91618, 0.916104, 0.916359, 0.916793, 0.91699]
[0.916912, 0.916943, 0.91659, 0.916207, 0.91613, 0.916385, 0.916816, 0.917014]
[0.916938, 0.916968, 0.916613, 0.916233, 0.916158, 0.916415, 0.916843, 0.917042]
[0.916962, 0.916993, 0.916638, 0.916254, 0.916176, 0.916434, 0.916866, 0.917065]
[0.916996, 0.917024, 0.916668, 0.916287, 0.916213, 0.91647, 0.9169, 0.917096]
[0.917031, 0.917058, 0.916702, 0.916322, 0.916249, 0.916511, 0.916938, 0.917133]
[0.917058, 0.917085, 0.916728, 0.916349, 0.916276, 0.916533, 0.916959, 0.917158]
[0.917082, 0.91711, 0.916752, 0.916373, 0.916299, 0.916558, 0.916986, 0.917182]
[0.917105, 0.917134, 0.916775, 0.916393, 0.916321, 0.91658, 0.917007, 0.917204]
[0.917123, 0.917152, 0.916793, 0.916409, 0.916334, 0.916595, 0.917027, 0.917225]
[0.917143, 0.917172, 0.916815, 0.916431, 0.916355, 0.916615, 0.917046, 0.917245]
[0.91716, 0.917188, 0.916829, 0.916446, 0.91637, 0.916631, 0.917064, 0.917264]
[0.917173, 0.917201, 0.916842, 0.916458, 0.916385, 0.916645, 0.917079, 0.917277]
[0.917194, 0.917222, 0.916863, 0.916482, 0.916405, 0.916668, 0.917098, 0.917296]
[0.917177, 0.917214, 0.916843, 0.916434, 0.916344, 0.916627, 0.917089, 0.917296]
[0.917171, 0.917209, 0.916832, 0.916408, 0.916316, 0.916605, 0.917079, 0.917296]
[0.91723, 0.917263, 0.916894, 0.916494, 0.916412, 0.916689, 0.917139, 0.917345]
[0.917263, 0.917293, 0.916931, 0.916542, 0.916465, 0.91673, 0.917173, 0.917372]
[0.917283, 0.917313, 0.916956, 0.916569, 0.91649, 0.916748, 0.917191, 0.917391]
[0.917303, 0.917336, 0.916981, 0.916595, 0.916514, 0.916773, 0.917208, 0.917408]
[0.917321, 0.917355, 0.917005, 0.916617, 0.916535, 0.916793, 0.917226, 0.917426]
[0.917342, 0.917376, 0.91703, 0.91664, 0.916559, 0.916817, 0.917248, 0.917448]
[0.917372, 0.917409, 0.917063, 0.916678, 0.916591, 0.916847, 0.917277, 0.917477]
[0.917406, 0.917446, 0.917101, 0.916715, 0.916627, 0.916884, 0.917313, 0.917514]
[0.917442, 0.91748, 0.917131, 0.91675, 0.916664, 0.916917, 0.917348, 0.917553]
[0.917476, 0.917513, 0.917163, 0.916781, 0.916697, 0.916953, 0.917381, 0.917588]
[0.917515, 0.917551, 0.917205, 0.91682, 0.916737, 0.916993, 0.917424, 0.917626]
[0.917548, 0.917585, 0.917236, 0.916855, 0.916772, 0.917026, 0.917456, 0.91766]
[0.917585, 0.91762, 0.917272, 0.916891, 0.916813, 0.917066, 0.917494, 0.917695]
[0.917619, 0.917653, 0.917305, 0.916929, 0.916847, 0.9171, 0.917528, 0.917732]
[0.917647, 0.917681, 0.917333, 0.916959, 0.91688, 0.917134, 0.917559, 0.917759]
[0.917678, 0.917714, 0.917367, 0.91699, 0.916912, 0.917163, 0.917589, 0.917793]
[0.917714, 0.91775, 0.917403, 0.917025, 0.916946, 0.917197, 0.917624, 0.917827]
[0.917744, 0.917783, 0.917436, 0.917057, 0.916975, 0.917224, 0.917651, 0.917857]
[0.917775, 0.917814, 0.91747, 0.917093, 0.917008, 0.917257, 0.917684, 0.917888]
[0.917811, 0.917851, 0.917508, 0.917129, 0.917044, 0.917291, 0.917719, 0.917925]
[0.917854, 0.917896, 0.917553, 0.917174, 0.917088, 0.917333, 0.91776, 0.917966]
[0.917891, 0.917935, 0.917594, 0.917213, 0.917121, 0.917366, 0.917793, 0.918002]
[0.917926, 0.91797, 0.917631, 0.917249, 0.917159, 0.9174, 0.917828, 0.918038]
[0.917958, 0.918005, 0.917664, 0.917284, 0.917189, 0.917431, 0.917861, 0.918071]
[0.917996, 0.918042, 0.917702, 0.91732, 0.917227, 0.91747, 0.917896, 0.918105]
[0.91803, 0.918076, 0.917735, 0.91735, 0.91726, 0.917505, 0.917933, 0.918142]
[0.918065, 0.918108, 0.917766, 0.917384, 0.917296, 0.917535, 0.917966, 0.918175]
[0.918095, 0.918138, 0.917795, 0.917413, 0.917318, 0.917562, 0.917996, 0.918205]
[0.918126, 0.918171, 0.917829, 0.917448, 0.917352, 0.917595, 0.918027, 0.918238]
[0.918156, 0.918204, 0.917865, 0.917481, 0.917383, 0.917624, 0.918055, 0.918265]
[0.918197, 0.918244, 0.917909, 0.917525, 0.917424, 0.917665, 0.918095, 0.918306]
[0.918239, 0.918291, 0.917954, 0.917568, 0.917465, 0.917702, 0.918135, 0.918351]
[0.918268, 0.918322, 0.917987, 0.917602, 0.917496, 0.917731, 0.918162, 0.918378]
[0.918295, 0.918348, 0.918015, 0.917633, 0.917528, 0.917761, 0.918189, 0.918407]
[0.918308, 0.918366, 0.918029, 0.917645, 0.917535, 0.917763, 0.918201, 0.918425]
[0.918302, 0.918367, 0.91802, 0.917609, 0.917497, 0.917741, 0.9182, 0.918434]
[0.91837, 0.918424, 0.918091, 0.917708, 0.917616, 0.91785, 0.918272, 0.918486]
[0.918423, 0.918468, 0.918141, 0.917783, 0.917708, 0.917936, 0.918339, 0.918535]
[0.91846, 0.918501, 0.918176, 0.917827, 0.917752, 0.917975, 0.918372, 0.918565]
[0.9185, 0.918534, 0.918215, 0.917872, 0.917802, 0.918026, 0.918414, 0.918603]
[0.918532, 0.918564, 0.918244, 0.917906, 0.917838, 0.918058, 0.918444, 0.918633]
[0.918565, 0.918595, 0.918275, 0.917941, 0.91788, 0.918099, 0.918479, 0.918666]
[0.918594, 0.918623, 0.918305, 0.917972, 0.917908, 0.918131, 0.918511, 0.91869]
[0.918622, 0.918651, 0.918334, 0.918001, 0.917939, 0.918158, 0.918538, 0.918723]
[0.918648, 0.918679, 0.918359, 0.918027, 0.917961, 0.918184, 0.918564, 0.918749]
[0.918688, 0.918718, 0.918395, 0.918062, 0.918004, 0.918224, 0.918607, 0.91879]
[0.918724, 0.918755, 0.918434, 0.918101, 0.918041, 0.918262, 0.918642, 0.918827]
[0.918757, 0.918788, 0.918464, 0.91813, 0.918074, 0.918297, 0.918675, 0.918861]
[0.918788, 0.918819, 0.918496, 0.918161, 0.918103, 0.91833, 0.918708, 0.918894]
[0.918816, 0.918845, 0.918522, 0.918186, 0.918127, 0.918353, 0.918736, 0.918918]
[0.918842, 0.918867, 0.91854, 0.918209, 0.918157, 0.918382, 0.918762, 0.918942]
[0.918864, 0.918887, 0.918561, 0.918231, 0.91818, 0.918406, 0.918786, 0.918965]
[0.918884, 0.918905, 0.918579, 0.91825, 0.918198, 0.918427, 0.918806, 0.918984]
[0.918903, 0.918924, 0.918597, 0.91827, 0.918222, 0.91845, 0.918826, 0.919]
[0.91892, 0.918942, 0.918619, 0.918284, 0.918235, 0.918461, 0.918843, 0.919022]
[0.918947, 0.918965, 0.918641, 0.918308, 0.918261, 0.918488, 0.918868, 0.919046]
[0.918971, 0.918991, 0.918666, 0.918331, 0.918285, 0.918516, 0.918896, 0.919073]
[0.918989, 0.919008, 0.918681, 0.918348, 0.918301, 0.918529, 0.918912, 0.919089]
[0.919013, 0.919031, 0.918703, 0.918369, 0.918325, 0.918555, 0.918939, 0.919113]
[0.919049, 0.919063, 0.918737, 0.91841, 0.91837, 0.918598, 0.918974, 0.919144]
[0.919078, 0.919091, 0.918768, 0.918444, 0.918404, 0.918629, 0.919007, 0.919173]
[0.91911, 0.919127, 0.9188, 0.91848, 0.918438, 0.918661, 0.919037, 0.919205]
[0.919145, 0.919158, 0.918834, 0.918516, 0.918478, 0.918702, 0.919077, 0.919245]
[0.919181, 0.919193, 0.918868, 0.918551, 0.918513, 0.918741, 0.919112, 0.919274]
[0.919221, 0.919232, 0.918909, 0.918592, 0.918554, 0.918779, 0.919152, 0.919315]
[0.919265, 0.919276, 0.91895, 0.918638, 0.918599, 0.918824, 0.919195, 0.919358]
[0.919307, 0.919313, 0.918987, 0.918676, 0.918641, 0.918873, 0.919241, 0.919401]
[0.919343, 0.91935, 0.919028, 0.918718, 0.918683, 0.918909, 0.919277, 0.919433]
[0.919391, 0.919394, 0.919072, 0.918766, 0.918735, 0.918963, 0.919326, 0.919479]
[0.919443, 0.919448, 0.919128, 0.918821, 0.918791, 0.919016, 0.919377, 0.919532]
